volantino,insegna,categoria,prodotto,formato,quantita,unita,prezzo,prezzo_unita,dal,al,note
carriper20,Carrefour Iper,Manzo,Costata di bovino adulto – da 3 kg in su,"al kg, almeno 3 kg",1,al kg,11.90,11.900,2026-08-20,2026-09-03,"Sconto a quantità: sotto i 3 kg costa 13,90 al kg."
eurospin,Eurospin,Biscotti,Biscotti Digestive con avena e cioccolato,425 g,0.425,al kg,1.19,2.800,2026-08-24,2026-09-06,"Prima 1,59."
eurospin,Eurospin,Biscotti,Frollini all'uovo,700 g,0.7,al kg,1.49,2.129,2026-08-24,2026-09-06,"Prima 1,99."
eurospin,Eurospin,Biscotti,Frollini con panna,700 g,0.7,al kg,1.39,1.986,2026-08-24,2026-09-06,"Prima 1,89. Senza olio di palma."
eurospin,Eurospin,Caffè,Capsule caffè espresso/cortado – Don Jerez,"100 g, compatibili Dolce Gusto",0.1,al kg,2.59,25.900,2026-08-24,2026-09-06,"Prima 3,59. Sono capsule: al chilo costano molto più del macinato."
eurospin,Eurospin,Cioccolato,Crema alla nocciola,750 g,0.75,al kg,2.79,3.720,2026-08-24,2026-09-06,"Prima 3,59. È una crema da spalmare, non una tavoletta."
eurospin,Eurospin,Manzo,Fettine sottili di bovino adulto,al kg,1,al kg,17.99,17.990,2026-08-24,2026-09-06,
eurospin,Eurospin,Manzo,Macinato per ragù di bovino adulto,"Confezione Famiglia, al kg",1,al kg,8.99,8.990,2026-08-24,2026-09-06,"È la confezione grande, il prezzo è già al chilo."
eurospin,Eurospin,Marmellata,Confettura extra albicocca o ciliegia,370 g,0.37,al kg,1.29,3.486,2026-08-24,2026-09-06,"Prima 1,69."
eurospin,Eurospin,Pollo,Petto di pollo a fette,"Confezione Famiglia, al kg",1,al kg,7.99,7.990,2026-08-24,2026-09-06,
eurospin,Eurospin,Preparati,Cordon bleu di pollo e tacchino,490 g,0.49,al kg,1.99,4.061,2026-08-24,2026-09-06,"Il volantino stampa 4,06 al kg."
eurospin,Eurospin,Preparati,Maxi hamburger di scottona,200 g,0.2,al kg,2.49,12.450,2026-08-24,2026-09-06,"Il volantino stampa 12,45 al kg."
eurospin,Eurospin,Suino,Braciole di coppa di suino,al kg,1,al kg,6.99,6.990,2026-08-24,2026-09-06,
eurospin,Eurospin,Tonno,Filetti di tonno all'olio di oliva pinna gialla – Ondina,260 g,0.26,al kg,2.99,11.500,2026-08-24,2026-09-06,"Prima 4,29. Barattolo di vetro."
md,MD,Carta igienica,4 rotoloni carta igienica – Regina,"4 rotoloni, dichiarati pari a 12 rotoli",12,al rotolo,2.89,0.241,2026-08-25,2026-09-06,"Prima 3,29. Il conto al rotolo usa i 12 dichiarati sul pacco: sui 4 rotoloni veri fa 0,72 l'uno."
md,MD,Latte,Valigetta latte parzialmente scremato – Malga Paradiso,6 litri (6 × 1 l),6,al litro,4.19,0.698,2026-08-25,2026-09-06,"Prima 5,10. Il volantino stampa 0,70 al litro."
md,MD,Lavatrice,24 Fresh Caps 3 in 1 per lavatrice – Actiff,24 capsule,24,a lavaggio,4.29,0.179,2026-08-25,2026-09-06,"Prima 4,89."
md,MD,Lavatrice,24 capsule per lavatrice bouquet floreale – DAT5,24 capsule,24,a lavaggio,4.29,0.179,2026-08-25,2026-09-06,"Prima 4,99."
md,MD,Mozzarella,Mozzarelle in busta – Reggia,1 kg (8 × 125 g),1,al kg,4.49,4.490,2026-08-25,2026-09-06,"Prima 5,49."
md,MD,Pasta,Pasta fresca orecchiette o trofie – Ca' Bianca,1 kg,1,al kg,1.29,1.290,2026-08-25,2026-09-06,"Prima 1,99."
md,MD,Pasta,Pasta sfoglia rettangolare,550 g (2 × 275 g),0.55,al kg,1.69,3.073,2026-08-25,2026-09-06,"Prima 2,69."
md,MD,Preparati,10 hamburger di bovino – Le Specialità di Beppe,750 g,0.75,al kg,4.99,6.653,2026-08-25,2026-09-06,"Surgelato. Il volantino stampa 6,65 al kg."
md,MD,Preparati,Nuggets di pollo – Tyson,1 kg,1,al kg,6.49,6.490,2026-08-25,2026-09-06,"Surgelato. Prima 7,99."
md,MD,Salmone affumicato,Salmone affumicato,200 g,0.2,al kg,3.99,19.950,2026-08-25,2026-09-06,"Prima 5,49. Il volantino stampa 19,95 al kg."
md,MD,Tonno,Tonno all'olio d'oliva – Poseidon,840 g (12 × 70 g),0.84,al kg,7.79,9.274,2026-08-25,2026-09-06,"Prima 9,49. Confezione grande."
bennet,Bennet,Calamari,Anelli di totano gigante del Pacifico decongelati,al kg,1,al kg,10.90,10.900,2026-08-27,2026-09-09,Sottocosto Freschi.
bennet,Bennet,Calamari,Seppia pulita,al kg,1,al kg,19.90,19.900,2026-08-27,2026-09-09,Sottocosto Freschi.
bennet,Bennet,Cioccolato,KitKat – Nestlé,124 g (conf. da 3),0.124,al kg,2.29,18.468,2026-08-27,2026-09-09,"−30%, prima 3,28."
bennet,Bennet,Cioccolato,Tavoletta cioccolato nero fondente extra – Perugina,85 g,0.085,al kg,1.98,23.294,2026-08-27,2026-09-09,"−25%, prima 2,65. Tavoletta vera, non crema."
bennet,Bennet,Gamberi,Gambero argentino decongelato 10/20 pezzi al kg,al kg,1,al kg,14.90,14.900,2026-08-27,2026-09-09,Sottocosto Freschi.
bennet,Bennet,Gamberi,Mazzancolle tropicali precotte 30/50,1 kg,1,al kg,11.90,11.900,2026-08-27,2026-09-09,Sottocosto Freschi. L'offerta pescheria non vale in tutti i punti vendita.
bennet,Bennet,Gelato,Cornetto Classico – Algida,480 g (8 pezzi),0.48,al kg,2.99,6.229,2026-08-27,2026-09-09,"−58%, prima 7,14. Solo con la tessera Bennet Club."
bennet,Bennet,Gelato,Gelato Kinder Bueno o Nutella – Ferrero,230 g,0.23,al kg,3.49,15.174,2026-08-27,2026-09-09,"−30%, prima 4,99. Il volantino stampa 15,17 al kg."
bennet,Bennet,Gelato,Gelato Soft vaniglia e cacao o caramello – Algida,440 g,0.44,al kg,1.99,4.523,2026-08-27,2026-09-09,"Vaschetta. −33%, prima 2,98."
bennet,Bennet,Gelato,Gelato gusti vari – Bennet,500 g,0.5,al kg,2.39,4.780,2026-08-27,2026-09-09,"−20%, prima 2,99. Il volantino stampa 4,78 al kg."
bennet,Bennet,Gelato,"Ghiaccioli assortiti, 10 pezzi – Bennet",700 g,0.7,al kg,1.99,2.843,2026-08-27,2026-09-09,"−23%, prima 2,59. Il volantino stampa 2,84 al kg."
bennet,Bennet,Gelato,Mini Gruvi tipi vari – Sammontana,225 g (6 pezzi),0.225,al kg,3.39,15.067,2026-08-27,2026-09-09,"−40%, prima 5,66. Solo con la tessera Bennet Club."
bennet,Bennet,Gelato,Solero tipi vari – Algida,204 g (3 pezzi),0.204,al kg,2.15,10.539,2026-08-27,2026-09-09,"−46%, prima 3,99."
bennet,Bennet,Gelato,"Stecchi croccanti, 4 pezzi – Bennet",260 g,0.26,al kg,3.19,12.269,2026-08-27,2026-09-09,"−20%, prima 3,99. Il volantino stampa 12,27 al kg."
bennet,Bennet,Gelato,"Stecco Mini Magnum, 6 pezzi",254 g,0.254,al kg,3.49,13.740,2026-08-27,2026-09-09,"−30%, prima 4,99. Il volantino stampa 13,74 al kg."
bennet,Bennet,Grana,Cuor di Forma Grana Padano DOP oltre 16 mesi – Ferrari,150 g,0.15,al kg,2.99,19.933,2026-08-27,2026-09-09,"Il volantino stampa 19,93 al kg."
bennet,Bennet,Grana,Parmigiano Reggiano – Bennet,500 g,0.5,al kg,12.87,25.740,2026-08-27,2026-09-09,−19% con la tessera Bennet Club.
bennet,Bennet,Manzo,Fettine di bovino adulto,al kg,1,al kg,13.99,13.990,2026-08-27,2026-09-09,Sottocosto Freschi.
bennet,Bennet,Merluzzo,14 bocconcini di merluzzo d'Alaska – Frosta,280 g,0.28,al kg,3.75,13.393,2026-08-27,2026-09-09,"−20%, prima 4,69. Impanati. Il volantino stampa 13,39 al kg."
bennet,Bennet,Merluzzo,Cuore filetto di merluzzo nordico decongelato,al kg,1,al kg,27.90,27.900,2026-08-27,2026-09-09,"Sottocosto Freschi, banco pescheria. È il filetto fresco: costa il doppio dei surgelati, ma è un'altra cosa."
bennet,Bennet,Merluzzo,Fior di merluzzo d'Alaska – Findus,500 g,0.5,al kg,7.99,15.980,2026-08-27,2026-09-09,"−50% con la tessera Bennet Club, prima 15,98. È filetto, non impanato."
bennet,Bennet,Mozzarella,Bocconcini di mozzarella di bufala campana DOP – Mandara,200 g,0.2,al kg,3.49,17.450,2026-08-27,2026-09-09,"Il volantino stampa 17,45 al kg."
bennet,Bennet,Mozzarella,Mozzarella a julienne – Bayernland,200 g,0.2,al kg,2.98,14.900,2026-08-27,2026-09-09,"Senza lattosio, già a filetti. Il volantino stampa 14,90 al kg."
bennet,Bennet,Olio d'oliva,Olio extravergine di oliva grezzo Il Casolare – Farchioni,1 litro,1,al litro,7.99,7.990,2026-08-27,2026-09-09,"−33%, prima 11,93."
bennet,Bennet,Panati,Fritto misto di pesce – Specamare,450 g,0.45,al kg,4.79,10.644,2026-08-27,2026-09-09,"−20%, prima 5,99. Il volantino stampa 10,64 al kg."
bennet,Bennet,Panati,I Gratinati tipi vari – Capitan Findus,380 g,0.38,al kg,3.59,9.447,2026-08-27,2026-09-09,"−40%, prima 5,99. Solo con la tessera Bennet Club."
bennet,Bennet,Pancetta,Pancetta dolce o affumicata a cubetti – Fratelli Beretta,300 g (4 × 75 g),0.3,al kg,3.98,13.267,2026-08-27,2026-09-09,"−30%, prima 5,69."
bennet,Bennet,Pane,"Focaccelle all'olio extravergine d'oliva, 6 pezzi – Mulino Bianco",198 g,0.198,al kg,1.99,10.051,2026-08-27,2026-09-09,"Il volantino stampa 10,05 al kg."
bennet,Bennet,Pasta,Gnocchetti freschi – Patamore,500 g,0.5,al kg,1.78,3.560,2026-08-27,2026-09-09,"−40%, prima 2,98."
bennet,Bennet,Pasta,Lasagne alla bolognese o cannelloni ricotta e spinaci – Bennet,500 g,0.5,al kg,2.99,5.980,2026-08-27,2026-09-09,"Surgelate. −25%, prima 3,99. Il volantino stampa 5,98 al kg."
bennet,Bennet,Pasta,Pasta fresca all'uovo – Bennet,250 g,0.25,al kg,0.96,3.840,2026-08-27,2026-09-09,−35% con la tessera Bennet Club.
bennet,Bennet,Pasta,Pasta fresca ripiena Sfogliagrezza – Giovanni Rana,250 g,0.25,al kg,2.59,10.360,2026-08-27,2026-09-09,"−35%, prima 3,99."
bennet,Bennet,Patate,Patatine We Love croccanti – Pizzoli,750 g,0.75,al kg,1.59,2.120,2026-08-27,2026-09-09,"−36%, prima 2,49. Il volantino stampa 2,12 al kg."
bennet,Bennet,Pesce,Branzino Filiera Valore Bennet,al kg,1,al kg,13.90,13.900,2026-08-27,2026-09-09,Sottocosto Freschi.
bennet,Bennet,Pesce,Filetto di pesce spada decongelato marinato,al kg,1,al kg,19.90,19.900,2026-08-27,2026-09-09,Sottocosto Freschi.
bennet,Bennet,Pesce,Polpo arricciato,al kg,1,al kg,22.90,22.900,2026-08-27,2026-09-09,Sottocosto Freschi.
bennet,Bennet,Pesce,Tranci di pesce spada – Noriberica,450 g,0.45,al kg,6.99,15.533,2026-08-27,2026-09-09,"Il volantino stampa 15,53 al kg."
bennet,Bennet,Pesce,Vongola o lupino,al kg,1,al kg,7.90,7.900,2026-08-27,2026-09-09,Sottocosto Freschi. L'offerta pescheria non vale in tutti i punti vendita.
bennet,Bennet,Pizza,Mini pizzette margherita – Italpizza,360 g (4 × 90 g),0.36,al kg,3.19,8.861,2026-08-27,2026-09-09,"−20%, prima 3,99."
bennet,Bennet,Pizza,Pizza tipi vari – Bennet,370 g,0.37,al kg,2.79,7.541,2026-08-27,2026-09-09,"−20%, prima 3,49. Solo con la tessera Bennet Club."
bennet,Bennet,Pollo,Ortaiola con spinaci – Amadori,300 g,0.3,al kg,2.47,8.233,2026-08-27,2026-09-09,"Surgelata. −33%, prima 3,69."
bennet,Bennet,Preparati,4 hamburger di carne bovina con bacon – Montana,400 g,0.4,al kg,4.79,11.975,2026-08-27,2026-09-09,"Surgelato, −20%, prima 5,99."
bennet,Bennet,Prosciutto,Prosciutto crudo o cotto di alta qualità – Citterio,240 g (3 × 80 g),0.24,al kg,4.99,20.792,2026-08-27,2026-09-09,"−50% con la tessera Bennet Club, prima 9,99."
bennet,Bennet,Ricotta,Mascarpone – Granarolo,500 g,0.5,al kg,3.58,7.160,2026-08-27,2026-09-09,"−40%, prima 5,97."
bennet,Bennet,Salmone,Cuori di filetti di salmone selvaggio – Buon Vento,250 g,0.25,al kg,4.99,19.960,2026-08-27,2026-09-09,"Il volantino stampa 19,96 al kg."
bennet,Bennet,Salmone,Filetto di salmone,al kg,1,al kg,17.69,17.690,2026-08-27,2026-09-09,Sottocosto in copertina. Non valido nel Bennet di Alessandria.
bennet,Bennet,Sughi,Sugo allo scoglio classico – Bennet,450 g,0.45,al kg,3.99,8.867,2026-08-27,2026-09-09,"Surgelato. −20%, prima 4,99. Il volantino stampa 8,87 al kg."
bennet,Bennet,Tonno,Filetti di tonno – Rio Mare,250 g,0.25,al kg,4.99,19.960,2026-08-27,2026-09-09,"−40%, prima 8,32."
bennet,Bennet,Tonno,Tonno all'olio di oliva – Flotta Azzurra,840 g (12 × 70 g),0.84,al kg,7.48,8.905,2026-08-27,2026-09-09,"−30%, prima 10,69. Confezione grande."
bennet,Bennet,Tonno,Tonno in olio – Consorcio,175 g,0.175,al kg,3.99,22.800,2026-08-27,2026-09-09,"−50%, ma solo con la tessera Bennet Club."
bennet,Bennet,Uova,10 uova fresche medie da allevamento a terra – Ovonovo,10 uova,10,all'uovo,2.99,0.299,2026-08-27,2026-09-09,"−25%, prima 3,99. È l'unica offerta sulle uova che ho trovato."
bennet,Bennet,Verdure surgelate,8 tortini di verdure – Frosta,240 g,0.24,al kg,1.79,7.458,2026-08-27,2026-09-09,"−28%, prima 2,49."
bennet,Bennet,Verdure surgelate,Contorno colorato – Bennet,400 g,0.4,al kg,1.99,4.975,2026-08-27,2026-09-09,"−26%, prima 2,69. Solo con la tessera Bennet Club."
bennet,Bennet,Verdure surgelate,Minestrone Leggerezza – Orogel,750 g,0.75,al kg,1.99,2.653,2026-08-27,2026-09-09,"−33%, prima 2,98."
bennet,Bennet,Verdure surgelate,Pisellini Primavera – Findus,700 g,0.7,al kg,3.99,5.700,2026-08-27,2026-09-09,"−20%, prima 4,99. Il volantino stampa 5,70 al kg."
bennet,Bennet,Verdure surgelate,Zucchine grigliate – Bennet,450 g,0.45,al kg,2.39,5.311,2026-08-27,2026-09-09,"−20%, prima 2,99."
bennet,Bennet,Yogurt,Kefir – Milk,150 g,0.15,al kg,0.83,5.533,2026-08-27,2026-09-09,"−30%, prima 1,19."
bennet,Bennet,Yogurt,Yogurt Super Mario tipi vari – Danone,220 g,0.22,al kg,1.79,8.136,2026-08-27,2026-09-09,"Il volantino stampa 8,14 al kg."
bennet,Bennet,Yogurt,Yogurt intero bianco – Sterzing Vipiteno,1 kg (125 g × 8),1,al kg,3.59,3.590,2026-08-27,2026-09-09,
ipercoop_extra,Ipercoop,Biscotti,Biscotti Oro Ciok – Saiwa,250 g,0.25,al kg,1.79,7.160,2026-08-27,2026-09-09,"−40%, prima 2,99."
ipercoop_extra,Ipercoop,Biscotti,Millefoglie d'Italia – Vicenzi,125 g,0.125,al kg,0.93,7.440,2026-08-27,2026-09-09,"−25%, prima 1,25."
ipercoop_extra,Ipercoop,Biscotti,Pavesini – Pavesi,200 g,0.2,al kg,1.54,7.700,2026-08-27,2026-09-09,"−40%, prima 2,57."
ipercoop_extra,Ipercoop,Burro,Burro – gli Spesotti,250 g,0.25,al kg,1.85,7.400,2026-08-27,2026-09-09,"Prezzo di tutti i giorni, non un'offerta a tempo. Il volantino stampa 7,40 al kg."
ipercoop_extra,Ipercoop,Caffè,Caffè macinato per moka classico – Illy,250 g,0.25,al kg,5.69,22.760,2026-08-27,2026-09-09,Etichetta «Conviene».
ipercoop_extra,Ipercoop,Caffè,Caffè solubile Gold – Nescafé,100 g,0.1,al kg,5.49,54.900,2026-08-27,2026-09-09,"PREZZO SOCI. È solubile, non macinato."
ipercoop_extra,Ipercoop,Caffè,Capsule compatibili Nespresso – Starbucks,57 g,0.057,al kg,2.99,52.456,2026-08-27,2026-09-09,Capsule.
ipercoop_extra,Ipercoop,Calamari,Anelli di totano – Pescanova,400 g,0.4,al kg,5.49,13.725,2026-08-27,2026-09-09,Surgelati. PREZZO SOCI Coop.
ipercoop_extra,Ipercoop,Cioccolato,Mini Tower Movie Night – Ritter Sport,150 g,0.15,al kg,2.89,19.267,2026-08-27,2026-09-09,PREZZO SOCI.
ipercoop_extra,Ipercoop,Gelato,Coppa del Nonno,390 g (6 pezzi),0.39,al kg,3.69,9.462,2026-08-27,2026-09-09,Etichetta «Conviene».
ipercoop_extra,Ipercoop,Gelato,Cucciolone – Algida,480 g (6 pezzi),0.48,al kg,4.39,9.146,2026-08-27,2026-09-09,PREZZO SOCI Coop.
ipercoop_extra,Ipercoop,Gelato,Gelato Soft vaniglia e cacao o caramello – Algida,440 g,0.44,al kg,1.99,4.523,2026-08-27,2026-09-09,Vaschetta. PREZZO SOCI Coop.
ipercoop_extra,Ipercoop,Gelato,Gelato allo yogurt greco – Kri Kri,320 g,0.32,al kg,1.99,6.219,2026-08-27,2026-09-09,Etichetta «Conviene».
ipercoop_extra,Ipercoop,Gelato,Mini Gruvi assortiti – Sammontana,225 g (6 pezzi),0.225,al kg,3.29,14.622,2026-08-27,2026-09-09,"Sconto 40%, prima 5,49."
ipercoop_extra,Ipercoop,Gelato,Nuii caramello salato e noci di Macadamia,272 g (4 pezzi),0.272,al kg,3.79,13.934,2026-08-27,2026-09-09,Etichetta «Conviene».
ipercoop_extra,Ipercoop,Manzo,Carne salada del Trentino per carpaccio,100 g,0.1,al kg,3.36,33.600,2026-08-27,2026-09-09,"PREZZO SOCI (−25%). Senza tessera 4,49, cioè 44,90 al kg."
ipercoop_extra,Ipercoop,Manzo,Fettine di reale di bovino adulto – Fattorie Natura,al kg,1,al kg,16.38,16.380,2026-08-27,2026-09-09,Etichetta «Conviene».
ipercoop_extra,Ipercoop,Manzo,Macinato di bovino – Fattorie Natura,800 g,0.8,al kg,9.90,12.375,2026-08-27,2026-09-09,"PREZZO SOCI (−20%). Senza tessera 12,38, cioè 15,48 al kg."
ipercoop_extra,Ipercoop,Marmellata,Confetture Fiordifrutta – Rigoni di Asiago,330 g,0.33,al kg,3.45,10.455,2026-08-27,2026-09-09,"PREZZO SOCI. Bio, 100% da frutta."
ipercoop_extra,Ipercoop,Merluzzo,Filetti di merluzzo – Capitan Findus,360 g,0.36,al kg,5.99,16.639,2026-08-27,2026-09-09,"Etichetta «Conviene». È filetto. Il volantino stampa 16,64 al kg."
ipercoop_extra,Ipercoop,Merluzzo,Gratinati di merluzzo gusti vari – Capitan Findus,380 g,0.38,al kg,2.99,7.868,2026-08-27,2026-09-09,"Sono gratinati impanati, non filetto. Il volantino stampa 7,87 al kg."
ipercoop_extra,Ipercoop,Patate,Patatine Golden Long – McCain,750 g,0.75,al kg,1.79,2.387,2026-08-27,2026-09-09,Surgelate. Etichetta «Conviene».
ipercoop_extra,Ipercoop,Pesce,"Fiori Special branzino, orata, salmone o tonno – Capitan Findus",200 g (2 pezzi),0.2,al kg,6.99,34.950,2026-08-27,2026-09-09,"Etichetta «Conviene». Il volantino stampa 34,95 al kg."
ipercoop_extra,Ipercoop,Pesce,Polpo intero – Pescanova,1 kg,1,al kg,11.90,11.900,2026-08-27,2026-09-09,SOLO PER I SOCI.
ipercoop_extra,Ipercoop,Pizza,Pizza margherita – gli Spesotti,885 g (3 pizze),0.885,al kg,3.55,4.011,2026-08-27,2026-09-09,"Prezzo di tutti i giorni, non un'offerta a tempo. Il volantino stampa 4,01 al kg."
ipercoop_extra,Ipercoop,Pollo,Alette arrosto di pollo – Origine Coop,450 g,0.45,al kg,2.19,4.867,2026-08-27,2026-09-09,Da polli allevati senza antibiotici.
ipercoop_extra,Ipercoop,Pollo,Bastoncini di pollo Carletto – Findus,200 g,0.2,al kg,1.99,9.950,2026-08-27,2026-09-09,"SOLO PER I SOCI. Il volantino stampa 9,95 al kg."
ipercoop_extra,Ipercoop,Pollo,Sottilissime di petto di pollo – AIA,al kg,1,al kg,12.54,12.540,2026-08-27,2026-09-09,"−30%, prima 17,92."
ipercoop_extra,Ipercoop,Pollo,Tagliata di petto di pollo SQ,400 g,0.4,al kg,3.73,9.325,2026-08-27,2026-09-09,"PREZZO SOCI (−25%). Senza tessera 4,98, cioè 12,45 al kg."
ipercoop_extra,Ipercoop,Preparati,La Viennese cotoletta di pollo – AIA,300 g,0.3,al kg,3.99,13.300,2026-08-27,2026-09-09,Etichetta «Conviene».
ipercoop_extra,Ipercoop,Preparati,Polpettone Buona Domenica – Amadori,700 g,0.7,al kg,7.43,10.614,2026-08-27,2026-09-09,"PREZZO SOCI (−40%). Senza tessera 9,91, cioè 14,16 al kg."
ipercoop_extra,Ipercoop,Prosciutto,Prosciutto crudo stagionato – gli Spesotti,100 g,0.1,al kg,1.70,17.000,2026-08-27,2026-09-09,"Prezzo di tutti i giorni, non un'offerta a tempo."
ipercoop_extra,Ipercoop,Salmone affumicato,Sashimi di salmone affumicato – Gimar,140 g,0.14,al kg,6.67,47.643,2026-08-27,2026-09-09,"PREZZO SOCI (−25%). Senza tessera 8,90, cioè 63,58 al kg."
ipercoop_extra,Ipercoop,Verdure surgelate,Contorni ricette varie – La Valle degli Orti Frosta,400 g,0.4,al kg,1.99,4.975,2026-08-27,2026-09-09,PREZZO SOCI Coop.
ipercoop,Ipercoop,Ammorbidente,Ammorbidente concentrato – Coccolino,"87 lavaggi (1,827 l)",87,a lavaggio,3.19,0.037,2026-08-31,2026-09-09,"Sottocosto −54%, prima 6,99. È ammorbidente, non detersivo: si usa in aggiunta."
ipercoop,Ipercoop,Biscotti,Gocciole Chocolate – Pavesi,500 g,0.5,al kg,1.59,3.180,2026-08-31,2026-09-09,"Sottocosto −46%, prima 2,99. Max 6 confezioni."
ipercoop,Ipercoop,Biscotti,Pan Gocciogli – Mulino Bianco,336 g (8 pezzi),0.336,al kg,1.59,4.732,2026-08-31,2026-09-09,"Sottocosto −44%, prima 2,89."
ipercoop,Ipercoop,Caffè,Caffè macinato Crema e Gusto – Lavazza,1 kg (4 × 250 g),1,al kg,9.90,9.900,2026-08-31,2026-09-09,"Sottocosto −50%, prima 19,90. Max 3 confezioni."
ipercoop,Ipercoop,Carta igienica,Carta igienica Scottonelle – Scottex,18 rotoli,18,al rotolo,4.99,0.277,2026-08-31,2026-09-09,"Sottocosto −50%, prima 9,98. Max 3 confezioni."
ipercoop,Ipercoop,Cioccolato,Nutella – Ferrero,750 g,0.75,al kg,4.99,6.653,2026-08-31,2026-09-09,"Sottocosto −25%, prima 6,68. Crema da spalmare."
ipercoop,Ipercoop,Formaggio,Sottilette Classiche,400 g,0.4,al kg,1.89,4.725,2026-08-31,2026-09-09,"Sottocosto −43%, prima 3,34."
ipercoop,Ipercoop,Grana,Grana Padano DOP 16 mesi – GranTerre,700 g,0.7,al kg,7.99,11.414,2026-08-31,2026-09-09,"Sottocosto −42%, prima 13,90. Max 3 confezioni."
ipercoop,Ipercoop,Latte,Latte UHT parzialmente scremato – Granarolo,4 litri (4 × 1 l),4,al litro,3.99,0.998,2026-08-31,2026-09-09,"Sottocosto −49%, prima 7,96. Max 6 confezioni."
ipercoop,Ipercoop,Lavastoviglie,Detersivo per lavastoviglie Platinum Plus – Fairy,71 capsule,71,a lavaggio,10.90,0.154,2026-08-31,2026-09-09,"Sottocosto −50%, prima 21,80. È per la lavastoviglie."
ipercoop,Ipercoop,Lavatrice,Detersivo liquido per lavatrice Base – Dash,75 lavaggi (3 × 25),75,a lavaggio,10.90,0.145,2026-08-31,2026-09-09,"Sottocosto −50%, prima 21,80."
ipercoop,Ipercoop,Lavatrice,Detersivo per lavatrice in polvere Power – Dash+,"105 misurini (5,25 kg)",105,a lavaggio,14.90,0.142,2026-08-31,2026-09-09,"Sottocosto −50%, prima 29,80. Max 2 confezioni."
ipercoop,Ipercoop,Mozzarella,Mozzarella Santa Lucia – Galbani,375 g (3 × 125 g),0.375,al kg,2.09,5.573,2026-08-31,2026-09-09,"Sottocosto −52%, prima 4,40."
ipercoop,Ipercoop,Olio d'oliva,Olio extravergine di oliva Classico – Monini,1 litro,1,al litro,4.59,4.590,2026-08-31,2026-09-09,"Sottocosto −51%, prima 9,49. Max 4 confezioni."
ipercoop,Ipercoop,Pasta,Pasta di semola formati classici – Barilla,500 g,0.5,al kg,0.48,0.960,2026-08-31,2026-09-09,"Sottocosto −50%, prima 0,97. Max 20 confezioni."
ipercoop,Ipercoop,Pasta,Pasta fresca ripiena Antica Bottega – Fini,250 g,0.25,al kg,1.79,7.160,2026-08-31,2026-09-09,"Sottocosto −51%, prima 3,69."
ipercoop,Ipercoop,Prosciutto,Prosciutto cotto Alta Qualità – Beretta,240 g (2 × 120 g),0.24,al kg,3.29,13.708,2026-08-31,2026-09-09,"Sottocosto −52%, prima 6,98."
ipercoop,Ipercoop,Salame,Salame Negronetto – Negroni,220 g,0.22,al kg,3.48,15.818,2026-08-31,2026-09-09,"Sottocosto −38%, prima 5,69."
ipercoop,Ipercoop,Salmone affumicato,Salmone scozzese affumicato – Icelander,100 g,0.1,al kg,1.99,19.900,2026-08-31,2026-09-09,"Sottocosto −50%, prima 3,98. Max 6 confezioni."
ipercoop,Ipercoop,Spalmabili,Philadelphia formaggio fresco,350 g,0.35,al kg,2.19,6.257,2026-08-31,2026-09-09,"Sottocosto −39%, prima 3,64."
ipercoop,Ipercoop,Tonno,Tonno Yellowfin in olio di oliva – Rio Mare,780 g (12 × 65 g),0.78,al kg,10.89,13.962,2026-08-31,2026-09-09,"Sottocosto −30%, prima 15,57. Stesso pacco del Lidl, ma più caro."
ipercoop,Ipercoop,Yogurt,Yogurt intero gusti vari – Müller,1 kg (8 × 125 g),1,al kg,1.99,1.990,2026-08-31,2026-09-09,"Sottocosto −55%, prima 4,49. Max 6 confezioni."
bennet0903,Bennet,Acqua,Acqua frizzante o leggermente frizzante Fonte Alpina – Bennet,"9 litri (6 × 1,5 l)",9,al litro,2.16,0.240,2026-09-03,2026-09-16,"Prezzo di listino. Buono sconto del 50% (1,08) da spendere dal 17 al 30 settembre."
bennet0903,Bennet,Acqua,Acqua frizzante – Bennet,3 litri (6 × 500 ml),3,al litro,1.45,0.483,2026-09-03,2026-09-16,"Prezzo di listino. Buono sconto del 50% (0,73) da spendere dal 17 al 30 settembre."
bennet0903,Bennet,Acqua,Acqua naturale Ecogreen – San Benedetto,12 litri (6 × 2 l),12,al litro,2.34,0.195,2026-09-03,2026-09-16,"−35% SOLO CON LA CARTA BENNET CLUB, prima 3,60."
bennet0903,Bennet,Acqua,Acqua naturale La Baby – Sant'Anna,"1,5 litri (6 × 250 ml)",1.5,al litro,1.99,1.327,2026-09-03,2026-09-16,"−20%, prima 2,49. Sono bottigliette piccole."
bennet0903,Bennet,Affettati,Petto di tacchino o di pollo al forno – Filiera Valore Bennet,100 g,0.1,al kg,3.19,31.900,2026-09-03,2026-09-16,"−20% SOLO CON LA CARTA BENNET CLUB, prima 3,99. E gia cotto, e la confezione puo essere di pollo."
bennet0903,Bennet,Asciugatutto,Asciugatutto 2 veli – Bennet,6 rotoli,6,al rotolo,4.49,0.748,2026-09-03,2026-09-16,"Prezzo di listino. Buono sconto del 50% (2,25) da spendere dal 17 al 30 settembre."
bennet0903,Bennet,Asciugatutto,Asciugatutto in carta riciclata – Bennet Eco,3 maxi rotoli,3,al rotolo,2.49,0.830,2026-09-03,2026-09-16,"Prezzo di listino. Buono sconto del 50% (1,25) da spendere dal 17 al 30 settembre."
bennet0903,Bennet,Bagnoschiuma,Bagnodoccia Cosmesi Naturale – Bennet,400 ml,0.4,al litro,2.90,7.250,2026-09-03,2026-09-16,"Prezzo di listino. Buono sconto del 50% (1,45) da spendere dal 17 al 30 settembre."
bennet0903,Bennet,Bagnoschiuma,Ricarica sapone liquido fiori bianchi – Bennet,"1,5 litri",1.5,al litro,2.98,1.987,2026-09-03,2026-09-16,"Prezzo di listino. Buono sconto del 50% (1,49) da spendere dal 17 al 30 settembre."
bennet0903,Bennet,Bibite,Acqua di cocco – Vitacoco,330 ml,0.33,al litro,1.99,6.030,2026-09-03,2026-09-16,"−20%, prima 2,49."
bennet0903,Bennet,Bibite,Acqua tonica – Bennet,1 litro,1,al litro,0.90,0.900,2026-09-03,2026-09-16,"Prezzo di listino. Buono sconto del 50% (0,45) da spendere dal 17 al 30 settembre."
bennet0903,Bennet,Bibite,Aloe Original Tropical,"1,5 litri",1.5,al litro,3.59,2.393,2026-09-03,2026-09-16,"−20%, prima 4,49."
bennet0903,Bennet,Bibite,Aranciata – Bennet,"1,5 litri",1.5,al litro,0.95,0.633,2026-09-03,2026-09-16,"Prezzo di listino. Buono sconto del 50% (0,48) da spendere dal 17 al 30 settembre."
bennet0903,Bennet,Bibite,Bevanda Vitalita Difesa – Valfrutta,1 litro,1,al litro,1.39,1.390,2026-09-03,2026-09-16,"−30% SOLO CON LA CARTA BENNET CLUB, prima 1,99."
bennet0903,Bennet,Bibite,Bevanda alla frutta senza zuccheri aggiunti ViviSi – Bennet,1 litro,1,al litro,1.40,1.400,2026-09-03,2026-09-16,"−20%, prima 1,75."
bennet0903,Bennet,Bibite,Bevanda alla frutta – Bennet,"1,5 litri",1.5,al litro,1.43,0.953,2026-09-03,2026-09-16,"−20% SOLO CON LA CARTA BENNET CLUB, prima 1,79."
bennet0903,Bennet,Bibite,Bevanda senza zuccheri aggiunti – Santal,1 litro,1,al litro,1.39,1.390,2026-09-03,2026-09-16,"−30%, prima 1,99."
bennet0903,Bennet,Bibite,Cola – Bennet,"1,5 litri",1.5,al litro,0.99,0.660,2026-09-03,2026-09-16,"Prezzo di listino. Buono sconto del 50% (0,50) da spendere dal 17 al 30 settembre."
bennet0903,Bennet,Bibite,Dolce di Natura senza zuccheri aggiunti – Santal,600 ml (3 × 200 ml),0.6,al litro,1.25,2.083,2026-09-03,2026-09-16,"−30%, prima 1,79."
bennet0903,Bennet,Bibite,Gusto Tropical – Bennet,"1,5 litri",1.5,al litro,1.19,0.793,2026-09-03,2026-09-16,"Prezzo di listino. Buono sconto del 50% (0,60) da spendere dal 17 al 30 settembre."
bennet0903,Bennet,Bibite,Nettare di frutta I Frutteti di Oswald – Zuegg,750 ml (6 × 125 ml),0.75,al litro,4.79,6.387,2026-09-03,2026-09-16,"−26%, prima 6,48."
bennet0903,Bennet,Bibite,Nettare di frutta – Pfanner,1 litro,1,al litro,1.36,1.360,2026-09-03,2026-09-16,"−30%, prima 1,95."
bennet0903,Bennet,Bibite,Nettare di frutta – Zuegg,600 ml (3 × 200 ml),0.6,al litro,1.25,2.083,2026-09-03,2026-09-16,"−30%, prima 1,79."
bennet0903,Bennet,Bibite,Puro succo di frutta – Innocent,900 ml,0.9,al litro,2.65,2.944,2026-09-03,2026-09-16,
bennet0903,Bennet,Bibite,Succo Ace o melagrana 100% – LOME,500 ml,0.5,al litro,2.84,5.680,2026-09-03,2026-09-16,"−25%, prima 3,79."
bennet0903,Bennet,Bibite,Succo di mela – Bennet,1 litro,1,al litro,2.23,2.230,2026-09-03,2026-09-16,"−20% SOLO CON LA CARTA BENNET CLUB, prima 2,79."
bennet0903,Bennet,Bibite,Succo e polpa di albicocca biologico – Bennet Bio,600 ml (3 × 200 ml),0.6,al litro,1.99,3.317,2026-09-03,2026-09-16,"Prezzo di listino. Buono sconto del 50% (1,00) da spendere dal 17 al 30 settembre."
bennet0903,Bennet,Bibite,Succo e polpa di frutta – Bennet,1 litro,1,al litro,1.51,1.510,2026-09-03,2026-09-16,"−20% SOLO CON LA CARTA BENNET CLUB, prima 1,89."
bennet0903,Bennet,Bibite,Succo e polpa di frutta – Bennet,"1,2 litri (6 × 200 ml)",1.2,al litro,1.96,1.633,2026-09-03,2026-09-16,"−20% SOLO CON LA CARTA BENNET CLUB, prima 2,45."
bennet0903,Bennet,Bibite,Succo e polpa di frutta – Bennet,750 ml (6 × 125 ml),0.75,al litro,1.96,2.613,2026-09-03,2026-09-16,"−20% SOLO CON LA CARTA BENNET CLUB, prima 2,45."
bennet0903,Bennet,Bibite,The al limone – Bennet,"1,5 litri",1.5,al litro,0.95,0.633,2026-09-03,2026-09-16,"Prezzo di listino. Buono sconto del 50% (0,48) da spendere dal 17 al 30 settembre."
bennet0903,Bennet,Bibite,The alla pesca o al limone – Bennet,"1,2 litri (6 × 200 ml)",1.2,al litro,1.34,1.117,2026-09-03,2026-09-16,"−20% SOLO CON LA CARTA BENNET CLUB, prima 1,68."
bennet0903,Bennet,Bibite,The classico o zero – Fuzetea,"1,25 litri",1.25,al litro,1.09,0.872,2026-09-03,2026-09-16,"−31%, prima 1,59."
bennet0903,Bennet,Bibite,The freddo limone o pesca – Estathe,600 ml (3 × 200 ml),0.6,al litro,1.59,2.650,2026-09-03,2026-09-16,
bennet0903,Bennet,Biscotti,Baiocchi classici – Mulino Bianco,168 g,0.168,al kg,1.25,7.440,2026-09-03,2026-09-16,"−24%, prima 1,65."
bennet0903,Bennet,Biscotti,Biscotti Digestive – Sapori & Piaceri,400 g,0.4,al kg,1.25,3.125,2026-09-03,2026-09-16,"−30%, prima 1,79."
bennet0903,Bennet,Biscotti,Biscotti Harry Potter – Witor's,200 g,0.2,al kg,1.19,5.950,2026-09-03,2026-09-16,"−50%, prima 2,39."
bennet0903,Bennet,Biscotti,Biscotti Pan di Stelle o Abbracci – Mulino Bianco,350 g,0.35,al kg,1.89,5.400,2026-09-03,2026-09-16,"−24%, prima 2,49."
bennet0903,Bennet,Biscotti,Biscotti Salute integrali – Trerossi,500 g,0.5,al kg,2.30,4.600,2026-09-03,2026-09-16,"−34%, prima 3,49."
bennet0903,Bennet,Biscotti,Biscotti Sempre Con Te – Colussi,288 g,0.288,al kg,1.49,5.174,2026-09-03,2026-09-16,"−25%, prima 1,99."
bennet0903,Bennet,Biscotti,Biscotti ZeroPiu – Balocco,230 g,0.23,al kg,1.49,6.478,2026-09-03,2026-09-16,"−25%, prima 1,99."
bennet0903,Bennet,Biscotti,Biscotti ai cereali ricchi di fibre ViviSi – Bennet,250 g,0.25,al kg,1.00,4.000,2026-09-03,2026-09-16,"−20% SOLO CON LA CARTA BENNET CLUB, prima 1,25."
bennet0903,Bennet,Biscotti,Biscotti al malto e miele Osvego – Gentilini,250 g,0.25,al kg,1.34,5.360,2026-09-03,2026-09-16,"−25% SOLO CON LA CARTA BENNET CLUB, prima 1,79."
bennet0903,Bennet,Biscotti,Biscotti colazione Grisbi,225 g,0.225,al kg,1.89,8.400,2026-09-03,2026-09-16,"−35% SOLO CON LA CARTA BENNET CLUB, prima 2,92."
bennet0903,Bennet,Biscotti,Biscotti con burro salato e miele Alveari – Mulino Bianco,300 g,0.3,al kg,1.48,4.933,2026-09-03,2026-09-16,"−35% SOLO CON LA CARTA BENNET CLUB, prima 2,27."
bennet0903,Bennet,Biscotti,Biscotti con cuor di latte – Oro Ciok,120 g,0.12,al kg,1.99,16.583,2026-09-03,2026-09-16,"−20%, prima 2,49."
bennet0903,Bennet,Biscotti,Biscotti con riso Dolce Benessere – Fazzi,250 g,0.25,al kg,1.75,7.000,2026-09-03,2026-09-16,"−20%, prima 2,19."
bennet0903,Bennet,Biscotti,Biscotti di mais e riso biologico Krumi's Cacao – Sarchio,200 g,0.2,al kg,2.98,14.900,2026-09-03,2026-09-16,"−25%, prima 3,98. Senza glutine."
bennet0903,Bennet,Biscotti,Biscotti integrali FibrExtra – Misura,630 g,0.63,al kg,2.99,4.746,2026-09-03,2026-09-16,"−25%, prima 3,99."
bennet0903,Bennet,Biscotti,Biscotti integrali Pain Croute – Lazzaroni,300 g,0.3,al kg,1.25,4.167,2026-09-03,2026-09-16,"−24%, prima 1,65."
bennet0903,Bennet,Biscotti,Biscotti proteici integrali senza zuccheri – Rovai,250 g,0.25,al kg,2.50,10.000,2026-09-03,2026-09-16,"−24%, prima 3,29."
bennet0903,Bennet,Biscotti,Biscotti secchi Petit – Bennet,500 g,0.5,al kg,1.44,2.880,2026-09-03,2026-09-16,"−20% SOLO CON LA CARTA BENNET CLUB, prima 1,80."
bennet0903,Bennet,Biscotti,Biscotti senza zuccheri aggiunti Buoni Cosi – Galbusera,400 g,0.4,al kg,2.38,5.950,2026-09-03,2026-09-16,"−30% SOLO CON LA CARTA BENNET CLUB, prima 3,40."
bennet0903,Bennet,Biscotti,Biscotto Novellino light – Campiello,350 g,0.35,al kg,1.25,3.571,2026-09-03,2026-09-16,"−30%, prima 1,79."
bennet0903,Bennet,Biscotti,Biscotto ai grani antichi senza glutine – Cereal,150 g,0.15,al kg,2.55,17.000,2026-09-03,2026-09-16,"−20%, prima 3,19."
bennet0903,Bennet,Biscotti,Cereali G granola e frolla – Galbusera,300 g,0.3,al kg,1.75,5.833,2026-09-03,2026-09-16,"−20%, prima 2,19."
bennet0903,Bennet,Biscotti,Cookies al cioccolato al banco,al kg,1,al kg,14.20,14.200,2026-09-03,2026-09-16,"Prezzo del banco della pasticceria, non e un'offerta a tempo."
bennet0903,Bennet,Biscotti,Cookies double chocolate fondente e al latte – Bennet,150 g,0.15,al kg,1.55,10.333,2026-09-03,2026-09-16,"−20% SOLO CON LA CARTA BENNET CLUB, prima 1,94."
bennet0903,Bennet,Biscotti,Frollini classici – Bennet,700 g,0.7,al kg,1.99,2.843,2026-09-03,2026-09-16,"−20% SOLO CON LA CARTA BENNET CLUB, prima 2,49."
bennet0903,Bennet,Biscotti,Frollini con gocce di cioccolato – Bennet,700 g,0.7,al kg,1.99,2.843,2026-09-03,2026-09-16,"−20% SOLO CON LA CARTA BENNET CLUB, prima 2,49."
bennet0903,Bennet,Biscotti,Frollini ripieni – Bennet,150 g,0.15,al kg,1.10,7.333,2026-09-03,2026-09-16,"−20% SOLO CON LA CARTA BENNET CLUB, prima 1,38."
bennet0903,Bennet,Biscotti,Mirtillo Biscuit senza zuccheri aggiunti – Nattura,125 g,0.125,al kg,2.28,18.240,2026-09-03,2026-09-16,"−21%, prima 2,89."
bennet0903,Bennet,Biscotti,Savoiardi classici – Bennet,300 g,0.3,al kg,1.49,4.967,2026-09-03,2026-09-16,"Prezzo di listino. Buono sconto del 50% (0,75) da spendere dal 17 al 30 settembre."
bennet0903,Bennet,Biscotti,Snack biscotto Pick Up!,140 g (5 pezzi),0.14,al kg,1.89,13.500,2026-09-03,2026-09-16,"−30%, prima 2,70."
bennet0903,Bennet,Burro,Burro dei pascoli di montagna – Sciaves,250 g,0.25,al kg,2.78,11.120,2026-09-03,2026-09-16,"−30% SOLO CON LA CARTA BENNET CLUB, prima 3,98."
bennet0903,Bennet,Burro,Burro monoporzione – Bennet,125 g (12 porzioni),0.125,al kg,1.98,15.840,2026-09-03,2026-09-16,"−29% SOLO CON LA CARTA BENNET CLUB, prima 2,79."
bennet0903,Bennet,Caffè,Caffè 100% arabica classico o decaffeinato – Illy,185 g,0.185,al kg,4.89,26.432,2026-09-03,2026-09-16,
bennet0903,Bennet,Caffè,Caffè in grani Gran Cremoso per espresso – Bennet,1 kg,1,al kg,10.39,10.390,2026-09-03,2026-09-16,"−20% SOLO CON LA CARTA BENNET CLUB, prima 12,99."
bennet0903,Bennet,Caffè,Caffè in grani Granaroma – Vergnano,1 kg,1,al kg,13.49,13.490,2026-09-03,2026-09-16,"−30%, prima 19,28."
bennet0903,Bennet,Caffè,Caffè macinato classico decaffeinato – HAG,250 g,0.25,al kg,3.80,15.200,2026-09-03,2026-09-16,"−20%, prima 4,75."
bennet0903,Bennet,Caffè,Caffè macinato per moka Gusto e Aroma – Bennet,500 g (2 × 250 g),0.5,al kg,5.59,11.180,2026-09-03,2026-09-16,"−20% SOLO CON LA CARTA BENNET CLUB, prima 6,99."
bennet0903,Bennet,Caffè,Caffè macinato per moka Tradizionale – Pellini,500 g (2 × 250 g),0.5,al kg,6.29,12.580,2026-09-03,2026-09-16,"−30% SOLO CON LA CARTA BENNET CLUB, prima 8,99."
bennet0903,Bennet,Caffè,Caffè solubile per latte – Nescafe,200 g,0.2,al kg,5.99,29.950,2026-09-03,2026-09-16,"−30%, prima 8,57. E solubile, non macinato."
bennet0903,Bennet,Caffè,Capsule compatibili Nespresso – L'OR Espresso,156 g (30 capsule),0.156,al kg,7.98,51.154,2026-09-03,2026-09-16,"−25%, prima 10,65. Sono capsule: al chilo costano molto piu del macinato."
bennet0903,Bennet,Carta igienica,Carta igienica in carta riciclata – Bennet Eco,4 maxi rotoli,4,al rotolo,2.99,0.748,2026-09-03,2026-09-16,"Prezzo di listino. Buono sconto del 50% (1,50) da spendere dal 17 al 30 settembre."
bennet0903,Bennet,Carta igienica,Rotoli maxi carta igienica 2 veli – Bennet,8 rotoli,8,al rotolo,5.49,0.686,2026-09-03,2026-09-16,"Prezzo di listino. Buono sconto del 50% (2,75) da spendere dal 17 al 30 settembre."
bennet0903,Bennet,Cereali,Cereali Original Fitness – Nestle,375 g,0.375,al kg,1.79,4.773,2026-09-03,2026-09-16,"−40% SOLO CON LA CARTA BENNET CLUB, prima 2,99."
bennet0903,Bennet,Cereali,Cereali integrali al miele – Cheerios,330 g,0.33,al kg,1.99,6.030,2026-09-03,2026-09-16,"−33%, prima 2,98."
bennet0903,Bennet,Cereali,Cereali palline – Nesquik,375 g,0.375,al kg,1.99,5.307,2026-09-03,2026-09-16,"−35%, prima 3,07."
bennet0903,Bennet,Cereali,Crispy Kids Pillows – Bennet,375 g,0.375,al kg,2.24,5.973,2026-09-03,2026-09-16,"−20% SOLO CON LA CARTA BENNET CLUB, prima 2,80."
bennet0903,Bennet,Cereali,Granola Extra – Kellogg's,500 g,0.5,al kg,2.99,5.980,2026-09-03,2026-09-16,"−30%, prima 4,28."
bennet0903,Bennet,Cereali,Granola biologica con frutta secca – Bennet,400 g,0.4,al kg,3.99,9.975,2026-09-03,2026-09-16,"Prezzo di listino. Buono sconto del 50% (2,00) da spendere dal 17 al 30 settembre."
bennet0903,Bennet,Cereali,Granola senza zuccheri aggiunti Natu – Rigoni di Asiago,250 g,0.25,al kg,2.99,11.960,2026-09-03,2026-09-16,"−25%, prima 3,99."
bennet0903,Bennet,Cereali,Muesli croccante – Bennet,325 g,0.325,al kg,2.15,6.615,2026-09-03,2026-09-16,"−20% SOLO CON LA CARTA BENNET CLUB, prima 2,69."
bennet0903,Bennet,Cereali,Porridge Vitalis – Cameo,54 g,0.054,al kg,0.98,18.148,2026-09-03,2026-09-16,"−30%, prima 1,40. E una monoporzione."
bennet0903,Bennet,Conserve,Carciofini tagliati sott'olio – Bennet,280 g,0.28,al kg,3.79,13.536,2026-09-03,2026-09-16,"E il peso col liquido di governo. Prezzo di listino, col buono sconto del 50% (1,90) da spendere dal 17 al 30 settembre."
bennet0903,Bennet,Creme,"Crema al cacao, nocciole e granella di biscotto – Pan di Stelle",380 g,0.38,al kg,2.99,7.868,2026-09-03,2026-09-16,"−25%, prima 3,99."
bennet0903,Bennet,Creme,Crema alla nocciola e cacao o bigusto – Bennet,400 g,0.4,al kg,2.15,5.375,2026-09-03,2026-09-16,"−20% SOLO CON LA CARTA BENNET CLUB, prima 2,69."
bennet0903,Bennet,Creme,Crema cacao e nocciole biologica – Germinal,250 g,0.25,al kg,3.96,15.840,2026-09-03,2026-09-16,"−29%, prima 5,59."
bennet0903,Bennet,Creme,Crema di arachidi Peanut Butter – Fiorentini,350 g,0.35,al kg,2.95,8.429,2026-09-03,2026-09-16,"−20%, prima 3,69."
bennet0903,Bennet,Creme,Crema spalmabile 100% mandorle – Bennet,300 g,0.3,al kg,4.39,14.633,2026-09-03,2026-09-16,"−20% SOLO CON LA CARTA BENNET CLUB, prima 5,49."
bennet0903,Bennet,Creme,Crema spalmabile 100% pistacchio – Pisti,150 g,0.15,al kg,5.59,37.267,2026-09-03,2026-09-16,"−20%, prima 6,99."
bennet0903,Bennet,Farina,Farina di grano tenero tipo 00 – Molino Rossetto,750 g,0.75,al kg,1.39,1.853,2026-09-03,2026-09-16,"−25%, prima 1,86."
bennet0903,Bennet,Farina,Farina tipo 00 di grano tenero – Bennet,1 kg,1,al kg,0.85,0.850,2026-09-03,2026-09-16,"Prezzo di listino. Buono sconto del 50% (0,43) da spendere dal 17 al 30 settembre."
bennet0903,Bennet,Formaggio,Crescenza – Bennet,165 g,0.165,al kg,1.99,12.061,2026-09-03,2026-09-16,"Prezzo di listino. Buono sconto del 50% (1,00) da spendere dal 17 al 30 settembre."
bennet0903,Bennet,Formaggio,Pecorino Romano DOP – Bennet,200 g,0.2,al kg,4.99,24.950,2026-09-03,2026-09-16,"Prezzo di listino. Buono sconto del 50% (2,50) da spendere dal 17 al 30 settembre."
bennet0903,Bennet,Formaggio,Primosale – Bennet,200 g,0.2,al kg,2.59,12.950,2026-09-03,2026-09-16,"Prezzo di listino. Buono sconto del 50% (1,30) da spendere dal 17 al 30 settembre."
bennet0903,Bennet,Frutta,Banane biologiche – Bennet Bio,700 g,0.7,al kg,1.95,2.786,2026-09-03,2026-09-16,"Il volantino stampa 2,79 al kg. Danno anche un buono sconto del 50%, pari a 0,98, da spendere dal 17 al 30 settembre."
bennet0903,Bennet,Frutta,Macedonia – F.lli Orsero,150 g,0.15,al kg,2.28,15.200,2026-09-03,2026-09-16,E frutta gia tagliata e confezionata: al chilo costa molto piu della frutta intera.
bennet0903,Bennet,Gamberi,Gamberi rosa del Mediterraneo sgusciati surgelati – Bennet,200 g,0.2,al kg,5.99,29.950,2026-09-03,2026-09-16,"Prezzo di listino. Buono sconto del 50% (3,00) da spendere dal 17 al 30 settembre."
bennet0903,Bennet,Gelato,Maxi Stecchi – Bennet,350 g (4 pezzi),0.35,al kg,3.99,11.400,2026-09-03,2026-09-16,"Prezzo di listino. Buono sconto del 50% (2,00) da spendere dal 17 al 30 settembre."
bennet0903,Bennet,Grana,Parmigiano Reggiano grattugiato – Bennet,100 g,0.1,al kg,2.99,29.900,2026-09-03,2026-09-16,"Prezzo di listino. Buono sconto del 50% (1,50) da spendere dal 17 al 30 settembre."
bennet0903,Bennet,Latte,Latte Accadi senza lattosio 1% di grassi – Granarolo,1 litro,1,al litro,1.29,1.290,2026-09-03,2026-09-16,"−35%, prima 1,99."
bennet0903,Bennet,Latte,Latte UHT parzialmente scremato – Bennet,500 ml,0.5,al litro,0.78,1.560,2026-09-03,2026-09-16,"−21% SOLO CON LA CARTA BENNET CLUB, prima 0,99. Il volantino stampa 1,56 al litro."
bennet0903,Bennet,Latte,Latte alta digeribilita senza lattosio – Zymil,3 litri (6 × 500 ml),3,al litro,5.64,1.880,2026-09-03,2026-09-16,"−32%, prima 8,34. Il volantino stampa 1,88 al litro."
bennet0903,Bennet,Latte,Latte di capra parzialmente scremato – Girau,1 litro,1,al litro,2.99,2.990,2026-09-03,2026-09-16,"−25%, prima 3,99. E latte di capra, non vaccino."
bennet0903,Bennet,Latte,Latte intero o scremato – Parmalat,1 litro,1,al litro,1.59,1.590,2026-09-03,2026-09-16,"−20%, prima 1,99."
bennet0903,Bennet,Latte,Latte microfiltrato – Bennet,1 litro,1,al litro,1.19,1.190,2026-09-03,2026-09-16,"−20% SOLO CON LA CARTA BENNET CLUB, prima 1,49."
bennet0903,Bennet,Latte,Latte parzialmente scremato microfiltrato – Sterilgarda,1 litro,1,al litro,0.89,0.890,2026-09-03,2026-09-16,"−46% SOLO CON LA CARTA BENNET CLUB, prima 1,65."
bennet0903,Bennet,Lavatrice,Detersivo liquido per lavatrice – Bennet,"2 l, 40 lavaggi",40,a lavaggio,3.98,0.100,2026-09-03,2026-09-16,"Prezzo di listino. Buono sconto del 50% (1,99) da spendere dal 17 al 30 settembre."
bennet0903,Bennet,Legumi,Lenticchie o fagioli borlotti biologici – Bennet Bio,400 g,0.4,al kg,1.10,2.750,2026-09-03,2026-09-16,"E il peso col liquido di governo. Prezzo di listino, col buono sconto del 50% (0,55) da spendere dal 17 al 30 settembre."
bennet0903,Bennet,Manzo,Spezzatino di bovino adulto – Filiera Valore Bennet,al kg,1,al kg,11.99,11.990,2026-09-03,2026-09-16,
bennet0903,Bennet,Marmellata,Composta biologica – Bennet Bio,250 g,0.25,al kg,2.99,11.960,2026-09-03,2026-09-16,"Prezzo di listino. Buono sconto del 50% (1,50) da spendere dal 17 al 30 settembre."
bennet0903,Bennet,Marmellata,Confettura di ciliegie Dolci Farciture – Bennet,700 g,0.7,al kg,2.85,4.071,2026-09-03,2026-09-16,"Prezzo di listino. Buono sconto del 50% (1,43) da spendere dal 17 al 30 settembre."
bennet0903,Bennet,Marmellata,Confettura extra gusti classici – Zuegg,320 g,0.32,al kg,1.95,6.094,2026-09-03,2026-09-16,"−30%, prima 2,79."
bennet0903,Bennet,Marmellata,Crema di frutta 80% – d'Arbo,250 g,0.25,al kg,2.99,11.960,2026-09-03,2026-09-16,"−20%, prima 3,74."
bennet0903,Bennet,Marmellata,Fior di Frutta biologica – Rigoni di Asiago,260 g,0.26,al kg,2.99,11.500,2026-09-03,2026-09-16,"−25% SOLO CON LA CARTA BENNET CLUB, prima 3,99."
bennet0903,Bennet,Merendine,B-Ready – Nutella,220 g (10 pezzi),0.22,al kg,2.99,13.591,2026-09-03,2026-09-16,"−23%, prima 3,89."
bennet0903,Bennet,Merendine,Barrette Crunchy avena e miele – Nature Valley,210 g (10 pezzi),0.21,al kg,2.29,10.905,2026-09-03,2026-09-16,"−23%, prima 2,98."
bennet0903,Bennet,Merendine,Barrette alla frutta secca – Bennet,120 g,0.12,al kg,1.89,15.750,2026-09-03,2026-09-16,"Prezzo di listino. Buono sconto del 50% (0,95) da spendere dal 17 al 30 settembre."
bennet0903,Bennet,Merendine,Barrette di cereali – Bennet,126 g (6 pezzi),0.126,al kg,1.35,10.714,2026-09-03,2026-09-16,"−20% SOLO CON LA CARTA BENNET CLUB, prima 1,69."
bennet0903,Bennet,Merendine,Briochette – Pasquier,320 g (8 pezzi),0.32,al kg,1.29,4.031,2026-09-03,2026-09-16,"−35% SOLO CON LA CARTA BENNET CLUB, prima 1,99."
bennet0903,Bennet,Merendine,Brownies – Mr. Brownie,200 g,0.2,al kg,1.99,9.950,2026-09-03,2026-09-16,"−20%, prima 2,49."
bennet0903,Bennet,Merendine,Cornetto grano khorasan senza latte – Nattura,160 g,0.16,al kg,3.19,19.938,2026-09-03,2026-09-16,"−20%, prima 3,99."
bennet0903,Bennet,Merendine,Cornetto surgelato semplice o all'albicocca – Tre Marie,330 g,0.33,al kg,2.79,8.455,2026-09-03,2026-09-16,"−30%, prima 3,99. Surgelato."
bennet0903,Bennet,Merendine,Cornetto vegano cereali e mirtilli rossi al banco,al kg,1,al kg,12.50,12.500,2026-09-03,2026-09-16,"Prezzo del banco della pasticceria, non e un'offerta a tempo."
bennet0903,Bennet,Merendine,"Croissant bicolore o gran cornetto albicocca, crema o pistacchio al banco",al kg,1,al kg,10.50,10.500,2026-09-03,2026-09-16,"Prezzo del banco della pasticceria, non e un'offerta a tempo."
bennet0903,Bennet,Merendine,Croissant classico fresco – Santangelo,300 g (6 pezzi),0.3,al kg,2.59,8.633,2026-09-03,2026-09-16,"−21%, prima 3,29."
bennet0903,Bennet,Merendine,Croissant classico – Motta,300 g,0.3,al kg,2.39,7.967,2026-09-03,2026-09-16,"−35% SOLO CON LA CARTA BENNET CLUB, prima 3,69."
bennet0903,Bennet,Merendine,Croissant sapido proteico – Santangelo,330 g,0.33,al kg,2.95,8.939,2026-09-03,2026-09-16,"−22%, prima 3,79."
bennet0903,Bennet,Merendine,Crostatina mirtillo e farro biologica – Germinal,200 g (4 pezzi),0.2,al kg,2.39,11.950,2026-09-03,2026-09-16,"−25%, prima 3,19."
bennet0903,Bennet,Merendine,Donut alla fragola al banco,al kg,1,al kg,12.90,12.900,2026-09-03,2026-09-16,"Prezzo del banco della pasticceria, non e un'offerta a tempo."
bennet0903,Bennet,Merendine,Donuts – Cuorenero,111 g,0.111,al kg,1.99,17.928,2026-09-03,2026-09-16,"−26%, prima 2,69. Senza glutine."
bennet0903,Bennet,Merendine,Fetta al Latte – Kinder,140 g (5 pezzi),0.14,al kg,2.15,15.357,2026-09-03,2026-09-16,"−20%, prima 2,69."
bennet0903,Bennet,Merendine,Gran cornetto vuoto al banco,al kg,1,al kg,10.20,10.200,2026-09-03,2026-09-16,"Prezzo del banco della pasticceria, non e un'offerta a tempo."
bennet0903,Bennet,Merendine,Madeleine alle mandorle – Cereal,180 g (6 pezzi),0.18,al kg,3.19,17.722,2026-09-03,2026-09-16,"−20%, prima 3,99."
bennet0903,Bennet,Merendine,Muffin con gocce di cioccolato – Bennet,252 g (6 pezzi),0.252,al kg,1.59,6.310,2026-09-03,2026-09-16,"−20% SOLO CON LA CARTA BENNET CLUB, prima 1,99."
bennet0903,Bennet,Merendine,Nastrine – Mulino Bianco,240 g,0.24,al kg,1.79,7.458,2026-09-03,2026-09-16,"−28%, prima 2,49."
bennet0903,Bennet,Merendine,Pan e Cioc – Kinder,290 g (10 pezzi),0.29,al kg,2.49,8.586,2026-09-03,2026-09-16,
bennet0903,Bennet,Merendine,Pancake Protein – Misura,200 g,0.2,al kg,2.29,11.450,2026-09-03,2026-09-16,"−28%, prima 3,19."
bennet0903,Bennet,Merendine,Pancake – Bennet,280 g (8 pezzi),0.28,al kg,1.48,5.286,2026-09-03,2026-09-16,"−20% SOLO CON LA CARTA BENNET CLUB, prima 1,85."
bennet0903,Bennet,Merendine,Pancakes con gocce di cioccolato – Brioche Pasquier,280 g (8 pezzi),0.28,al kg,1.99,7.107,2026-09-03,2026-09-16,"−20%, prima 2,49."
bennet0903,Bennet,Merendine,Pancakes – Creapan,160 g (4 pezzi),0.16,al kg,1.98,12.375,2026-09-03,2026-09-16,"−25%, prima 2,65."
bennet0903,Bennet,Merendine,Pandori – Bauli,178 g,0.178,al kg,1.99,11.180,2026-09-03,2026-09-16,"−20%, prima 2,49."
bennet0903,Bennet,Merendine,Plum cake classico – Bennet,198 g (6 pezzi),0.198,al kg,1.00,5.051,2026-09-03,2026-09-16,"−22% SOLO CON LA CARTA BENNET CLUB, prima 1,29."
bennet0903,Bennet,Merendine,Plumcake biologico allo yogurt senza glutine – Germinal,180 g (4 pezzi),0.18,al kg,2.28,12.667,2026-09-03,2026-09-16,"−26%, prima 3,09."
bennet0903,Bennet,Merendine,Rodrigo Moro con farcitura nocciola e cacao – Tre Marie,342 g,0.342,al kg,2.99,8.743,2026-09-03,2026-09-16,"−33%, prima 4,47. Surgelato."
bennet0903,Bennet,Merendine,Sfoglie alle mele surgelate – Pan,400 g (8 pezzi),0.4,al kg,2.79,6.975,2026-09-03,2026-09-16,"−20%, prima 3,49. Surgelate."
bennet0903,Bennet,Merendine,Snack senza glutine riso e cacao biologico – Germinal,200 g,0.2,al kg,2.58,12.900,2026-09-03,2026-09-16,"−30%, prima 3,69."
bennet0903,Bennet,Merendine,Strudel alla mela – Zaghis,300 g,0.3,al kg,2.79,9.300,2026-09-03,2026-09-16,"−20%, prima 3,49."
bennet0903,Bennet,Merendine,Strudel di mele surgelato – Pan,600 g,0.6,al kg,3.99,6.650,2026-09-03,2026-09-16,"−20%, prima 4,99. Surgelato."
bennet0903,Bennet,Merendine,Tortine Paradiso – Vigoni,276 g (6 pezzi),0.276,al kg,3.49,12.645,2026-09-03,2026-09-16,"−22%, prima 4,48."
bennet0903,Bennet,Miele,Miele di acacia squeezer – Bennet,250 g,0.25,al kg,3.59,14.360,2026-09-03,2026-09-16,"−20% SOLO CON LA CARTA BENNET CLUB, prima 4,49."
bennet0903,Bennet,Miele,Miele di fiori – Ambrosoli,750 g,0.75,al kg,7.99,10.653,2026-09-03,2026-09-16,"−20%, prima 9,99."
bennet0903,Bennet,Mozzarella,Formaggio dolce a pasta filata – Bennet,270 g,0.27,al kg,2.97,11.000,2026-09-03,2026-09-16,"Prezzo di listino. Buono sconto del 50% (1,49) da spendere dal 17 al 30 settembre."
bennet0903,Bennet,Olio d'oliva,Olio extra vergine di oliva Classico – Bennet,1 litro,1,al litro,5.99,5.990,2026-09-03,2026-09-16,"Prezzo di listino. Buono sconto del 50% (3,00) da spendere dal 17 al 30 settembre."
bennet0903,Bennet,Panati,Bastoncini di merluzzo impanati surgelati – Bennet,300 g (12 pezzi),0.3,al kg,3.29,10.967,2026-09-03,2026-09-16,"Prezzo di listino. Buono sconto del 50% (1,65) da spendere dal 17 al 30 settembre."
bennet0903,Bennet,Pancetta,Bacon a fette – Bennet,100 g,0.1,al kg,1.98,19.800,2026-09-03,2026-09-16,"−25% SOLO CON LA CARTA BENNET CLUB, prima 2,65."
bennet0903,Bennet,Pancetta,Pancetta affumicata a cubetti o guanciale in stick – Filiera Valore Bennet,100 g,0.1,al kg,1.59,15.900,2026-09-03,2026-09-16,"−20% SOLO CON LA CARTA BENNET CLUB, prima 1,99."
bennet0903,Bennet,Pane,Base pinsa – Bennet,250 g,0.25,al kg,1.99,7.960,2026-09-03,2026-09-16,"Prezzo di listino. Buono sconto del 50% (1,00) da spendere dal 17 al 30 settembre."
bennet0903,Bennet,Pane,Fette biscottate Belle e Buone – Galbusera,200 g,0.2,al kg,2.15,10.750,2026-09-03,2026-09-16,"−20%, prima 2,69. Sono fette biscottate."
bennet0903,Bennet,Pane,Fette biscottate Esenza iposodico – Monviso,230 g,0.23,al kg,1.79,7.783,2026-09-03,2026-09-16,"−28%, prima 2,49."
bennet0903,Bennet,Pane,Fette biscottate integrali senza zuccheri bio – Nattura,300 g,0.3,al kg,2.99,9.967,2026-09-03,2026-09-16,"−25%, prima 3,99."
bennet0903,Bennet,Pane,Granfetta classica o integrale – Delverde,300 g,0.3,al kg,0.89,2.967,2026-09-03,2026-09-16,"−40% SOLO CON LA CARTA BENNET CLUB, prima 1,49. Sono fette biscottate."
bennet0903,Bennet,Pane,Grissini classici – Bennet,350 g (30 monoporzioni),0.35,al kg,2.99,8.543,2026-09-03,2026-09-16,"Prezzo di listino. Buono sconto del 50% (1,50) da spendere dal 17 al 30 settembre."
bennet0903,Bennet,Pane,Le Fresche Biscottate – Grissinbon,250 g,0.25,al kg,1.00,4.000,2026-09-03,2026-09-16,"−20%, prima 1,25. Sono fette biscottate."
bennet0903,Bennet,Pane,Pan Bauletto integrale – Mulino Bianco,400 g,0.4,al kg,0.99,2.475,2026-09-03,2026-09-16,"−33%, prima 1,49."
bennet0903,Bennet,Pane,Pan Brioscè – Mulino Bianco,400 g,0.4,al kg,2.15,5.375,2026-09-03,2026-09-16,"−20%, prima 2,69."
bennet0903,Bennet,Pane,Pan brioche con gocce di cioccolato – Il Dolce Buon Pane,500 g,0.5,al kg,2.39,4.780,2026-09-03,2026-09-16,"−20%, prima 2,99."
bennet0903,Bennet,Pane,Pane di segale integrale – Huber,500 g,0.5,al kg,1.99,3.980,2026-09-03,2026-09-16,"−30%, prima 2,85."
bennet0903,Bennet,Pane,Piadina sfogliata – Bennet,600 g (5 piade),0.6,al kg,2.29,3.817,2026-09-03,2026-09-16,"Prezzo di listino. Buono sconto del 50% (1,15) da spendere dal 17 al 30 settembre."
bennet0903,Bennet,Pasta,Gnocchi biologici – Bennet Bio,400 g,0.4,al kg,2.58,6.450,2026-09-03,2026-09-16,"Prezzo di listino. Buono sconto del 50% (1,29) da spendere dal 17 al 30 settembre."
bennet0903,Bennet,Pasta,Lasagne alla bolognese o cannelloni ricotta e spinaci freschi – Bennet,350 g,0.35,al kg,3.49,9.971,2026-09-03,2026-09-16,"Prezzo di listino. Buono sconto del 50% (1,75) da spendere dal 17 al 30 settembre."
bennet0903,Bennet,Pasta,Pasta fresca all'uovo per lasagne – Bennet,250 g,0.25,al kg,1.69,6.760,2026-09-03,2026-09-16,"Prezzo di listino. Buono sconto del 50% (0,85) da spendere dal 17 al 30 settembre."
bennet0903,Bennet,Pasta,Pasta trafilata al bronzo I Gustosi – Bennet,500 g,0.5,al kg,0.99,1.980,2026-09-03,2026-09-16,"Prezzo di listino. Buono sconto del 50% (0,50) da spendere dal 17 al 30 settembre."
bennet0903,Bennet,Pasta,Ravioli ricotta e spinaci con sugo al pomodoro – Bennet,550 g,0.55,al kg,3.49,6.345,2026-09-03,2026-09-16,"Prezzo di listino. Buono sconto del 50% (1,75) da spendere dal 17 al 30 settembre."
bennet0903,Bennet,Pesce,Filetti di branzino o orata surgelati – Bennet,250 g,0.25,al kg,6.99,27.960,2026-09-03,2026-09-16,"Sono surgelati, non del banco. Prezzo di listino, col buono sconto del 50% (3,50) da spendere dal 17 al 30 settembre."
bennet0903,Bennet,Pesce,Trota iridea salmonata – Filiera Valore Bennet,al kg,1,al kg,7.90,7.900,2026-09-03,2026-09-16,
bennet0903,Bennet,Pizza,Pizza margherita surgelata – Bennet,370 g,0.37,al kg,2.99,8.081,2026-09-03,2026-09-16,"Prezzo di listino. Buono sconto del 50% (1,50) da spendere dal 17 al 30 settembre."
bennet0903,Bennet,Pomodoro,Passata rustica – Bennet,680 g,0.68,al kg,1.49,2.191,2026-09-03,2026-09-16,"Prezzo di listino. Buono sconto del 50% (0,75) da spendere dal 17 al 30 settembre."
bennet0903,Bennet,Prosciutto,Hamburger di prosciutto cotto – Bennet,150 g (2 × 75 g),0.15,al kg,2.49,16.600,2026-09-03,2026-09-16,"Prezzo di listino. Buono sconto del 50% (1,25) da spendere dal 17 al 30 settembre."
bennet0903,Bennet,Prosciutto,Prosciutto cotto a cubetti – Bennet,160 g (2 × 80 g),0.16,al kg,2.99,18.688,2026-09-03,2026-09-16,"Prezzo di listino. Buono sconto del 50% (1,50) da spendere dal 17 al 30 settembre."
bennet0903,Bennet,Prosciutto,Prosciutto cotto alta qualita – Filiera Valore Bennet,100 g,0.1,al kg,3.99,39.900,2026-09-03,2026-09-16,"−20% SOLO CON LA CARTA BENNET CLUB, prima 4,99."
bennet0903,Bennet,Salmone affumicato,Salmone scozzese affumicato – Bennet,100 g,0.1,al kg,5.49,54.900,2026-09-03,2026-09-16,"Prezzo di listino. Buono sconto del 50% (2,75) da spendere dal 17 al 30 settembre."
bennet0903,Bennet,Spalmabili,Formaggio fresco spalmabile – Kraft,220 g,0.22,al kg,1.49,6.773,2026-09-03,2026-09-16,"−25%, prima 1,99."
bennet0903,Bennet,Sughi,Ragu – Bennet,360 g (2 × 180 g),0.36,al kg,1.99,5.528,2026-09-03,2026-09-16,"Prezzo di listino. Buono sconto del 50% (1,00) da spendere dal 17 al 30 settembre."
bennet0903,Bennet,Sughi,Sugo biologico – Bennet Bio,250 g,0.25,al kg,1.99,7.960,2026-09-03,2026-09-16,"Prezzo di listino. Buono sconto del 50% (1,00) da spendere dal 17 al 30 settembre."
bennet0903,Bennet,Tonno,Tonno all'olio d'oliva – Bennet,280 g (2 × 140 g),0.28,al kg,3.99,14.250,2026-09-03,2026-09-16,"Prezzo di listino. Buono sconto del 50% (2,00) da spendere dal 17 al 30 settembre."
bennet0903,Bennet,Uova,Uova allevate all'aperto senza antibiotici – Bennet,6 uova,6,all'uovo,2.99,0.498,2026-09-03,2026-09-16,"Prezzo di listino. Buono sconto del 50% (1,50) da spendere dal 17 al 30 settembre."
bennet0903,Bennet,Uova,Uova fresche medie da allevamento a terra – AIA,6 uova,6,all'uovo,1.88,0.313,2026-09-03,2026-09-16,"−37%, prima 2,99."
bennet0903,Bennet,Uova,Uova – Filiera Valore Bennet,4 uova,4,all'uovo,1.58,0.395,2026-09-03,2026-09-16,"−20% SOLO CON LA CARTA BENNET CLUB, prima 1,98."
bennet0903,Bennet,Verdure surgelate,Minestrone di verdure surgelato – Bennet,1 kg,1,al kg,2.99,2.990,2026-09-03,2026-09-16,"Prezzo di listino. Buono sconto del 50% (1,50) da spendere dal 17 al 30 settembre."
bennet0903,Bennet,Verdure surgelate,Spinaci foglia su foglia surgelati – Bennet,1 kg,1,al kg,3.49,3.490,2026-09-03,2026-09-16,"Prezzo di listino. Buono sconto del 50% (1,75) da spendere dal 17 al 30 settembre."
bennet0903,Bennet,Vino,Vino bianco italiano in brik – Bennet,1 litro,1,al litro,1.36,1.360,2026-09-03,2026-09-16,"E vino da tavola in brik. Prezzo di listino, col buono sconto del 50% (0,68) da spendere dal 17 al 30 settembre."
bennet0903,Bennet,Würstel,Wurstel Wuoi? – Citterio,250 g,0.25,al kg,1.49,5.960,2026-09-03,2026-09-16,"−25%, prima 1,99. Sono wurstel, non carne fresca."
bennet0903,Bennet,Yogurt,Latte di kefir – Milk,480 g,0.48,al kg,1.08,2.250,2026-09-03,2026-09-16,"−30%, prima 1,55. E kefir da bere, non yogurt da cucchiaio."
bennet0903,Bennet,Yogurt,Yogurt Mix – Muller,600 g (4 × 150 g),0.6,al kg,2.79,4.650,2026-09-03,2026-09-16,"−30%, prima 3,99."
bennet0903,Bennet,Yogurt,Yogurt biologico – Teddi,230 g (2 × 115 g),0.23,al kg,1.59,6.913,2026-09-03,2026-09-16,"−20%, prima 1,99."
bennet0903,Bennet,Yogurt,Yogurt con probiotico Bifidus – Activia,1 kg (8 × 125 g),1,al kg,3.49,3.490,2026-09-03,2026-09-16,"−30% SOLO CON LA CARTA BENNET CLUB, prima 4,99."
bennet0903,Bennet,Yogurt,Yogurt greco colato bianco – Bennet,150 g,0.15,al kg,0.79,5.267,2026-09-03,2026-09-16,"−20% SOLO CON LA CARTA BENNET CLUB, prima 0,99."
bennet0903,Bennet,Yogurt,Yogurt intero biologico – Bennet Bio,125 g,0.125,al kg,0.99,7.920,2026-09-03,2026-09-16,"−23% SOLO CON LA CARTA BENNET CLUB, prima 1,29."
bennet0903,Bennet,Yogurt,Yogurt magro ViviSi – Bennet,250 g (2 × 125 g),0.25,al kg,0.69,2.760,2026-09-03,2026-09-16,"−22% SOLO CON LA CARTA BENNET CLUB, prima 0,89."
bennet0903,Bennet,Yogurt,Yogurt senza lattosio – Bella Vita,250 g (2 × 125 g),0.25,al kg,0.89,3.560,2026-09-03,2026-09-16,"−30%, prima 1,28."
bennet0903,Bennet,Zucchero,Zucchero di pura canna grezzo biologico – Eridania,500 g,0.5,al kg,1.99,3.980,2026-09-03,2026-09-16,"−20%, prima 2,49."
lidl,Lidl,Birra,Birra Pils in lattina – Beck's,440 ml,0.44,al litro,0.75,1.705,2026-09-03,2026-09-12,Sottocosto fino al 12 settembre.
lidl,Lidl,Biscotti,Pangoccioli – Mulino Bianco,336 g (8 pezzi),0.336,al kg,2.15,6.399,2026-09-03,2026-09-12,"−25%, prima 2,89. Stesso prodotto che l'Ipercoop fa a 1,59."
lidl,Lidl,Cioccolato,Bastoncini ricoperti di cioccolato – Sondey,90 g,0.09,al kg,1.29,14.333,2026-09-03,2026-09-12,"−23% con la carta Lidl Plus, prima 1,69. Fondente o al latte."
lidl,Lidl,Cioccolato,Gallette di riso al cioccolato – Sondey,100 g,0.1,al kg,1.29,12.900,2026-09-03,2026-09-12,"−23% con la carta Lidl Plus, prima 1,69."
lidl,Lidl,Latte,"Latte UHT Bontà e Leggerezza 1,2% – Parmalat",1 litro,1,al litro,0.79,0.790,2026-09-03,2026-09-12,Sottocosto fino al 12 settembre.
lidl,Lidl,Manzo,Macinato di bovino adulto Scottona,400 g,0.4,al kg,4.49,11.225,2026-09-03,2026-09-12,"Prima 5,99. Il volantino stampa 11,23 al kg."
lidl,Lidl,Manzo,Rollata di bovino allo speck,600 g,0.6,al kg,7.99,13.317,2026-09-03,2026-09-12,"Attenzione: 7,99 è il prezzo della confezione, non al chilo."
lidl,Lidl,Merluzzo,Nuggets di merluzzo – Strada del Gusto,240 g,0.24,al kg,1.69,7.042,2026-09-03,2026-09-12,"Sono bocconcini impanati, non filetto: al chilo costano poco anche per questo. Il volantino stampa 7,04 al kg."
lidl,Lidl,Mozzarella,Mozzarella 100% latte italiano – Granarolo,375 g (3 × 125 g),0.375,al kg,2.29,6.107,2026-09-03,2026-09-12,Sottocosto fino al 12 settembre.
lidl,Lidl,Pasta,Tortellini al prosciutto crudo – Fini,250 g,0.25,al kg,0.99,3.960,2026-09-03,2026-09-12,Sottocosto fino al 12 settembre. Pasta fresca.
lidl,Lidl,Pizza,Pizza Big Americans Supreme – Cameo,455 g,0.455,al kg,2.49,5.473,2026-09-03,2026-09-12,"Sottocosto fino al 12 settembre. Il volantino stampa 5,47 al kg."
lidl,Lidl,Pollo,Petto di pollo intero,al kg,1,al kg,6.79,6.790,2026-09-03,2026-09-12,"−18%, prima 8,29."
lidl,Lidl,Pollo,Pollo allevato all'aperto Campese – Amadori,al kg,1,al kg,5.99,5.990,2026-09-03,2026-09-12,Senza uso di antibiotici.
lidl,Lidl,Pomodoro,Passata di pomodoro – Mutti,700 g,0.7,al kg,0.89,1.271,2026-09-03,2026-09-12,Sottocosto fino al 12 settembre. 100% pomodoro italiano.
lidl,Lidl,Salmone,Filetto di salmone con pelle – Gastronomia di Mare,500 g,0.5,al kg,8.99,17.980,2026-09-03,2026-09-12,"Solo con carta Lidl Plus. Senza carta 10,49, cioè 20,98 al kg."
lidl,Lidl,Salsiccia,Bocconcini di salsiccia,250 g,0.25,al kg,1.69,6.760,2026-09-03,2026-09-12,"−21%, prima 2,15. Il volantino stampa 6,76 al kg."
lidl,Lidl,Suino,Sottilissime di lonza di suino,250 g,0.25,al kg,1.99,7.960,2026-09-03,2026-09-12,"−21% con la carta Lidl Plus, prima 2,55. Il volantino stampa 7,96 al kg."
lidl,Lidl,Suino,Trancio di coppa di suino,al kg,1,al kg,6.99,6.990,2026-09-03,2026-09-12,Novità.
lidl,Lidl,Tonno,Tonno in olio di oliva – Rio Mare,780 g (12 × 65 g),0.78,al kg,9.99,12.808,2026-09-03,2026-09-12,"Sgocciolato fa 16,01 al kg. Sottocosto fino al 12 settembre."
lidl,Lidl,Yogurt,Yogurt intero alla frutta – Granarolo,1 kg (8 × 125 g),1,al kg,1.99,1.990,2026-09-03,2026-09-12,Sottocosto fino al 12 settembre.
mercato,Mercatò,Acqua,Acqua San Benedetto Ecogreen vari tipi,"3 litri (0,5 l × 6)",3,al litro,0.99,0.330,2026-09-03,2026-09-16,"Sconto 50%. Il volantino stampa 0,33 al litro."
mercato,Mercatò,Acqua,Acqua Uliveto,"1,5 litri",1.5,al litro,0.44,0.293,2026-09-03,2026-09-16,"Il volantino stampa 0,29 al litro."
mercato,Mercatò,Ammorbidente,Ammorbidente classico 40 lavaggi – Felce Azzurra,2 litri,40,a lavaggio,2.09,0.052,2026-09-03,2026-09-16,
mercato,Mercatò,Asciugatutto,Bobina milleusi Comprami Sempre 600 strappi,1 bobina (600 strappi),1,al rotolo,3.69,3.690,2026-09-03,2026-09-16,"È una bobina sola da 600 strappi, non un pacco di rotoli: al rotolo sembra cara, ma sono sei o sette rotoli normali."
mercato,Mercatò,Bagnoschiuma,Bagnocrema vari tipi – Spuma di Sciampagna,650 ml,0.65,al litro,1.39,2.138,2026-09-03,2026-09-16,"Sconto 50%. Il volantino stampa 2,14 al litro."
mercato,Mercatò,Bagnoschiuma,Bagnodoccia vari tipi – Vidal,600 ml,0.6,al litro,1.49,2.483,2026-09-03,2026-09-16,"Il volantino stampa 2,48 al litro."
mercato,Mercatò,Bagnoschiuma,Bagnoschiuma vari tipi – Felce Azzurra,650 ml,0.65,al litro,1.98,3.046,2026-09-03,2026-09-16,"Solo con Fidelity Card. Il volantino stampa 3,05 al litro."
mercato,Mercatò,Bagnoschiuma,Bagnoschiuma – Pino Silvestre,750 ml,0.75,al litro,1.79,2.387,2026-09-03,2026-09-16,"Il volantino stampa 2,39 al litro."
mercato,Mercatò,Bagnoschiuma,Detergente intimo vari tipi – Infasil,200 ml,0.2,al litro,1.99,9.950,2026-09-03,2026-09-16,"Il volantino stampa 9,95 al litro."
mercato,Mercatò,Bagnoschiuma,Detergente intimo – Neutromed,200 ml,0.2,al litro,1.69,8.450,2026-09-03,2026-09-16,"Il volantino stampa 8,45 al litro."
mercato,Mercatò,Bagnoschiuma,Docciaschiuma vari tipi – Dove,225 ml,0.225,al litro,1.24,5.511,2026-09-03,2026-09-16,"Sconto 50%. Il volantino stampa 5,51 al litro."
mercato,Mercatò,Bagnoschiuma,Sapone crema ecoricarica vari tipi – Spuma di Sciampagna,"1,3 litri",1.3,al litro,2.39,1.838,2026-09-03,2026-09-16,"È la ricarica, non il flacone. Il volantino stampa 1,84 al litro."
mercato,Mercatò,Bibite,Bevanda vari tipi – Bravo,1 litro,1,al litro,1.25,1.250,2026-09-03,2026-09-16,
mercato,Mercatò,Bibite,Bevanda vari tipi – Skipper,1 litro,1,al litro,1.29,1.290,2026-09-03,2026-09-16,
mercato,Mercatò,Bibite,Bibita vari tipi – Lurisia,"1,1 litri (275 ml × 4)",1.1,al litro,3.89,3.536,2026-09-03,2026-09-16,"Il volantino stampa 3,54 al litro."
mercato,Mercatò,Bibite,Coca Cola vari tipi,"2,64 litri (66 cl × 4)",2.64,al litro,3.99,1.511,2026-09-03,2026-09-16,"Solo con Fidelity Card. Il volantino stampa 1,51 al litro."
mercato,Mercatò,Bibite,Estathé – Ferrero,600 ml (200 ml × 3),0.6,al litro,1.59,2.650,2026-09-03,2026-09-16,"Il volantino stampa 2,65 al litro."
mercato,Mercatò,Bibite,Lemonsoda o Mojito vari tipi,"1,32 litri (33 cl × 4)",1.32,al litro,1.89,1.432,2026-09-03,2026-09-16,"Il volantino stampa 1,43 al litro."
mercato,Mercatò,Bibite,Nettare vari tipi – Valfrutta,"1,2 litri (200 ml × 6)",1.2,al litro,1.49,1.242,2026-09-03,2026-09-16,"Sconto 50%. Il volantino stampa 1,24 al litro."
mercato,Mercatò,Bibite,Nettare vari tipi – Zuegg,750 ml (125 ml × 6),0.75,al litro,4.49,5.987,2026-09-03,2026-09-16,"Il volantino stampa 5,99 al litro."
mercato,Mercatò,Bibite,Sanbittèr Rosso – Sanpellegrino,"0,6 litri (10 cl × 6)",0.6,al litro,3.19,5.317,2026-09-03,2026-09-16,"Il volantino stampa 5,32 al litro."
mercato,Mercatò,Bibite,Succo d'arancia – Innocent,900 ml,0.9,al litro,2.49,2.767,2026-09-03,2026-09-09,"Il volantino stampa 2,77 al litro."
mercato,Mercatò,Bibite,Thè vari tipi – San Benedetto,"1,5 litri",1.5,al litro,0.79,0.527,2026-09-03,2026-09-16,"Il volantino stampa 0,53 al litro."
mercato,Mercatò,Birra,Birra Beck's,"0,99 litri (33 cl × 3)",0.99,al litro,1.99,2.010,2026-09-03,2026-09-16,"Solo con Fidelity Card. Il volantino stampa 2,01 al litro."
mercato,Mercatò,Birra,Birra Blonde – La Chouffe,"0,75 litri",0.75,al litro,3.99,5.320,2026-09-03,2026-09-16,"Solo con Fidelity Card. Il volantino stampa 5,32 al litro."
mercato,Mercatò,Birra,Birra Cristalli di Sale – Messina,"0,5 litri",0.5,al litro,1.39,2.780,2026-09-03,2026-09-16,"Solo con Fidelity Card. Il volantino stampa 2,78 al litro."
mercato,Mercatò,Birra,Birra Ichnusa,"1,98 litri (33 cl × 6)",1.98,al litro,3.99,2.015,2026-09-03,2026-09-16,"Sconto 50%. Il volantino stampa 2,02 al litro."
mercato,Mercatò,Birra,Birra Premium – Bavaria,"0,5 litri",0.5,al litro,0.79,1.580,2026-09-03,2026-09-16,"Solo con Fidelity Card. Il volantino stampa 1,58 al litro."
mercato,Mercatò,Birra,"Birra Strong Ale 7,7 – Ceres","0,5 litri",0.5,al litro,1.58,3.160,2026-09-03,2026-09-16,"Il volantino stampa 3,16 al litro."
mercato,Mercatò,Birra,Birra – Peroni,"0,66 litri (33 cl × 2)",0.66,al litro,1.28,1.939,2026-09-03,2026-09-16,"Solo con Fidelity Card. Il volantino stampa 1,94 al litro."
mercato,Mercatò,Birra,Birra – Tuborg,"0,66 litri",0.66,al litro,1.08,1.636,2026-09-03,2026-09-16,"Solo con Fidelity Card. Il volantino stampa 1,64 al litro."
mercato,Mercatò,Biscotti,Amaretti – Matilde Vicenzi,250 g,0.25,al kg,1.69,6.760,2026-09-03,2026-09-16,"Il volantino stampa 6,76 al kg."
mercato,Mercatò,Biscotti,Baci di dama – Nonna Lucia,150 g,0.15,al kg,2.42,16.133,2026-09-03,2026-09-16,"Il volantino stampa 16,13 al kg."
mercato,Mercatò,Biscotti,Biscotti Bucaneve classici – Doria,200 g,0.2,al kg,0.65,3.250,2026-09-03,2026-09-16,"Il volantino stampa 3,25 al kg."
mercato,Mercatò,Biscotti,Biscotti Buonicosì vari tipi – Galbusera,400 g,0.4,al kg,1.54,3.850,2026-09-03,2026-09-16,"Sconto 50%. Il volantino stampa 3,85 al kg."
mercato,Mercatò,Biscotti,Biscotti Gocciolotti vari tipi – Balocco,700 g,0.7,al kg,1.99,2.843,2026-09-03,2026-09-16,"Il volantino stampa 2,84 al kg."
mercato,Mercatò,Biscotti,Biscotti Macine vari tipi – Mulino Bianco Barilla,350 g,0.35,al kg,0.99,2.829,2026-09-03,2026-09-16,"Sconto 50%. Il volantino stampa 2,83 al kg."
mercato,Mercatò,Biscotti,Biscotti Ringo × 6 vari tipi – Pavesi,330 g,0.33,al kg,2.09,6.333,2026-09-03,2026-09-16,"Solo con Fidelity Card. Il volantino stampa 6,33 al kg."
mercato,Mercatò,Biscotti,Biscotti Zuppalatte – Colussi,250 g,0.25,al kg,0.62,2.480,2026-09-03,2026-09-16,"Sconto 50%. Il volantino stampa 2,48 al kg."
mercato,Mercatò,Biscotti,Biscotti del Lagaccio classici – Panarello,250 g,0.25,al kg,1.59,6.360,2026-09-03,2026-09-16,"Il volantino stampa 6,36 al kg."
mercato,Mercatò,Biscotti,Biscotti vari tipi – La Fattoria delle Cose Buone,300 g,0.3,al kg,1.95,6.500,2026-09-03,2026-09-16,"Il volantino stampa 6,50 al kg."
mercato,Mercatò,Biscotti,Biscotto Salute vari tipi – Monviso,300 g,0.3,al kg,1.29,4.300,2026-09-03,2026-09-16,"Solo con Fidelity Card. Il volantino stampa 4,30 al kg."
mercato,Mercatò,Biscotti,Canestrellini – La Sassellese,250 g,0.25,al kg,1.48,5.920,2026-09-03,2026-09-16,"Il volantino stampa 5,92 al kg."
mercato,Mercatò,Biscotti,Frolle ripiene Grisbì vari tipi – Vicenzi,135 g,0.135,al kg,1.14,8.444,2026-09-03,2026-09-16,"Sconto 50%. Il volantino stampa 8,44 al kg."
mercato,Mercatò,Biscotti,Frollini integrali Fibrextra – Misura,330 g,0.33,al kg,1.49,4.515,2026-09-03,2026-09-16,"Il volantino stampa 4,52 al kg."
mercato,Mercatò,Biscotti,Novellino classico – Campiello,700 g,0.7,al kg,1.49,2.129,2026-09-03,2026-09-16,"Sconto 50%. Il volantino stampa 2,13 al kg."
mercato,Mercatò,Biscotti,Paste di meliga – Nonna Lucia,280 g,0.28,al kg,1.98,7.071,2026-09-03,2026-09-16,"Il volantino stampa 7,07 al kg."
mercato,Mercatò,Biscotti,Pavesini – Pavesi,200 g,0.2,al kg,1.79,8.950,2026-09-03,2026-09-16,"Il volantino stampa 8,95 al kg."
mercato,Mercatò,Biscotti,Pick Up × 4 vari tipi – Bahlsen,112 g,0.112,al kg,1.48,13.214,2026-09-03,2026-09-16,"Il volantino stampa 13,21 al kg."
mercato,Mercatò,Biscotti,Torcettini – Gilber,200 g,0.2,al kg,1.49,7.450,2026-09-03,2026-09-16,"Il volantino stampa 7,45 al kg."
mercato,Mercatò,Biscotti,Wafer classic vari tipi – Loacker,180 g (45 g × 4),0.18,al kg,2.49,13.833,2026-09-03,2026-09-16,"Il volantino stampa 13,83 al kg."
mercato,Mercatò,Bresaola,Bresaola punta d'anca IGP – Rigamonti,al kg (al banco),1,al kg,29.90,29.900,2026-09-03,2026-09-16,"Al banco, 2,99 all'etto."
mercato,Mercatò,Burro,Burro italiano – Beppino Occelli,125 g,0.125,al kg,2.19,17.520,2026-09-03,2026-09-16,"Solo con Fidelity Card. Il volantino stampa 17,52 al kg."
mercato,Mercatò,Caffè,Caffè Aroma Italiano – Kimbo,500 g (250 g × 2),0.5,al kg,6.49,12.980,2026-09-03,2026-09-16,"Solo con Fidelity Card. Il volantino stampa 12,98 al kg."
mercato,Mercatò,Caffè,Caffè Granaroma – Vergnano,500 g (250 g × 2),0.5,al kg,6.79,13.580,2026-09-03,2026-09-16,"Solo con Fidelity Card. Il volantino stampa 13,58 al kg."
mercato,Mercatò,Caffè,Caffè classico decaffeinato – Hag,250 g,0.25,al kg,3.59,14.360,2026-09-03,2026-09-16,"Solo con Fidelity Card. Il volantino stampa 14,36 al kg."
mercato,Mercatò,Caffè,Caffè in capsule Dolce Gusto × 30 – Nescafé,186 g,0.186,al kg,6.79,36.505,2026-09-03,2026-09-16,"Solo con Fidelity Card. Il volantino stampa 36,51 al kg."
mercato,Mercatò,Caffè,Caffè in capsule × 50 – Vergnano,250 g,0.25,al kg,9.49,37.960,2026-09-03,2026-09-16,"Solo con Fidelity Card. Il volantino stampa 37,96 al kg."
mercato,Mercatò,Caffè,Caffè in cialde Espresso Napoletano Formula Bar × 15 – Kimbo,110 g,0.11,al kg,2.44,22.182,2026-09-03,2026-09-16,"Solo con Fidelity Card. Il volantino stampa 22,18 al kg."
mercato,Mercatò,Caffè,Caffè solubile classico – Nescafé,100 g,0.1,al kg,4.44,44.400,2026-09-03,2026-09-16,"Solo con Fidelity Card. Il volantino stampa 44,40 al kg."
mercato,Mercatò,Carta igienica,Carta igienica 4 rotoloni – Regina,4 rotoloni,4,al rotolo,2.99,0.748,2026-09-03,2026-09-16,"Sono rotoloni, lunghi più del doppio dei normali: al rotolo non si confrontano coi rotoli piccoli."
mercato,Mercatò,Carta igienica,Carta igienica Comfort 4 maxi rotoli – Tempo,4 maxi rotoli,4,al rotolo,1.98,0.495,2026-09-03,2026-09-16,"Solo con Fidelity Card. Sono maxi rotoli: al rotolo costa più di altri, ma dura di più."
mercato,Mercatò,Carta igienica,Carta igienica Seta 2 veli 12 rotoli – Foxy,12 rotoli,12,al rotolo,4.59,0.383,2026-09-03,2026-09-16,Sconto 50%.
mercato,Mercatò,Carta igienica,Carta igienica Ultra Comfort × 6 – Tenderly,6 rotoli,6,al rotolo,2.49,0.415,2026-09-03,2026-09-16,
mercato,Mercatò,Cereali,Fiocchi di riso e frumento integrale con cioccolato fondente Vivi Bene – Selex,300 g,0.3,al kg,1.89,6.300,2026-09-03,2026-09-16,"Solo con Fidelity Card. Il volantino stampa 6,30 al kg."
mercato,Mercatò,Cioccolato,Cacao amaro in polvere Emilia – Zaini,120 g,0.12,al kg,2.49,20.750,2026-09-03,2026-09-16,"Solo con Fidelity Card. È cacao in polvere, non cioccolato da mangiare. Il volantino stampa 20,75 al kg."
mercato,Mercatò,Cioccolato,Cioccolato fondente Emilia – Zaini,200 g,0.2,al kg,2.48,12.400,2026-09-03,2026-09-16,"Il volantino stampa 12,40 al kg."
mercato,Mercatò,Cioccolato,Gran Blocco di cioccolato fondente 70% – Perugina,150 g,0.15,al kg,1.79,11.933,2026-09-03,2026-09-16,"Il volantino stampa 11,93 al kg."
mercato,Mercatò,Cioccolato,Tavoletta di cioccolato vari tipi – Kit Kat,99 g,0.099,al kg,1.98,20.000,2026-09-03,2026-09-16,"Il volantino stampa 20,00 al kg."
mercato,Mercatò,Cioccolato,Tavoletta di cioccolato vari tipi – Lindt,100 g,0.1,al kg,2.48,24.800,2026-09-03,2026-09-16,"Il volantino stampa 24,80 al kg."
mercato,Mercatò,Collutorio,Collutorio per denti e gengive – Listerine,600 ml,0.6,al litro,2.95,4.917,2026-09-03,2026-09-16,"Sconto 50%. È collutorio, non dentifricio. Il volantino stampa 5,90 al litro."
mercato,Mercatò,Collutorio,Collutorio vari tipi – Pasta del Capitano,400 ml,0.4,al litro,1.49,3.725,2026-09-03,2026-09-16,"È collutorio, non dentifricio: il conto al litro non si confronta con un tubetto. Il volantino stampa 3,73 al litro."
mercato,Mercatò,Conserve,Antipasto di verdure – Granda Gourmet,290 g,0.29,al kg,1.98,6.828,2026-09-03,2026-09-16,"Sconto 50%. Il volantino stampa 6,83 al kg."
mercato,Mercatò,Conserve,Carciofini tagliati e funghetti sottolio – Saclà,285 g,0.285,al kg,1.99,6.982,2026-09-03,2026-09-16,"Il volantino stampa 6,98 al kg."
mercato,Mercatò,Conserve,Mais al vapore – Bonduelle,560 g (150 g × 3 + 1 gratis),0.56,al kg,2.99,5.339,2026-09-03,2026-09-16,"Il volantino stampa 5,34 al kg."
mercato,Mercatò,Conserve,Olive Snocciomix,al kg (al banco),1,al kg,6.80,6.800,2026-09-03,2026-09-16,"Al banco, 0,68 all'etto."
mercato,Mercatò,Creme,Crema Pan di Stelle – Mulino Bianco Barilla,380 g,0.38,al kg,1.99,5.237,2026-09-03,2026-09-16,"Solo con Fidelity Card. Il volantino stampa 5,24 al kg."
mercato,Mercatò,Creme,Nutella – Ferrero,750 g,0.75,al kg,5.79,7.720,2026-09-03,2026-09-16,"Solo con Fidelity Card. Il volantino stampa 7,72 al kg."
mercato,Mercatò,Dentifricio,Dentifricio protezione carie – Colgate,150 ml (75 ml × 2),0.15,al litro,1.93,12.867,2026-09-03,2026-09-16,"Sconto 50%. Il volantino stampa 12,87 al litro."
mercato,Mercatò,Dentifricio,Dentifricio vari tipi – Antica Erboristeria,75 ml,0.075,al litro,1.19,15.867,2026-09-03,2026-09-16,"Il volantino stampa 15,87 al litro."
mercato,Mercatò,Dentifricio,Dentifricio vari tipi – Biorepair,75 ml,0.075,al litro,2.49,33.200,2026-09-03,2026-09-16,"Il volantino stampa 33,20 al litro."
mercato,Mercatò,Farina,Farina di avena – Molino Rossetto,900 g,0.9,al kg,1.77,1.967,2026-09-03,2026-09-16,"Sconto 50%. Il volantino stampa 1,97 al kg."
mercato,Mercatò,Farina,Farina tipo «1» di grano tenero macinata a pietra – Molino Spadoni,1 kg,1,al kg,1.39,1.390,2026-09-03,2026-09-16,Solo con Fidelity Card.
mercato,Mercatò,Farina,Farina «00» Gran Mugnaio antigrumi – Molino Spadoni,1 kg,1,al kg,1.14,1.140,2026-09-03,2026-09-16,Solo con Fidelity Card.
mercato,Mercatò,Farina,Farina «00» per pizza grano italiano – Molino Spadoni,1 kg,1,al kg,0.99,0.990,2026-09-03,2026-09-16,Solo con Fidelity Card.
mercato,Mercatò,Farina,Preparato per pane nero – Molino Spadoni,1 kg,1,al kg,1.79,1.790,2026-09-03,2026-09-16,Solo con Fidelity Card.
mercato,Mercatò,Formaggio,Asiago DOP,al kg (al banco),1,al kg,9.90,9.900,2026-09-03,2026-09-16,"Al banco, 0,99 all'etto."
mercato,Mercatò,Formaggio,Biraghini – Biraghi,400 g,0.4,al kg,5.49,13.725,2026-09-03,2026-09-16,"Solo con Fidelity Card. Il volantino stampa 13,73 al kg."
mercato,Mercatò,Formaggio,Bra tenero DOP,al kg (al banco),1,al kg,8.90,8.900,2026-09-03,2026-09-16,"Al banco, 0,89 all'etto."
mercato,Mercatò,Formaggio,Brie – Président,al kg (al banco),1,al kg,10.90,10.900,2026-09-03,2026-09-16,"Al banco, 1,09 all'etto."
mercato,Mercatò,Formaggio,Fette morbidissime – Camoscio d'Oro,150 g,0.15,al kg,2.19,14.600,2026-09-03,2026-09-16,"Il volantino stampa 14,60 al kg."
mercato,Mercatò,Formaggio,Fontal nazionale,al kg (al banco),1,al kg,10.90,10.900,2026-09-03,2026-09-16,"Al banco, 1,09 all'etto."
mercato,Mercatò,Formaggio,Gorgonzola DOP – Palzola,al kg (al banco),1,al kg,9.90,9.900,2026-09-03,2026-09-16,"Al banco, 0,99 all'etto."
mercato,Mercatò,Formaggio,Leerdammer,al kg (al banco),1,al kg,9.90,9.900,2026-09-03,2026-09-16,"Al banco, 0,99 all'etto."
mercato,Mercatò,Formaggio,Pecorino Giglio – Argiolas,al kg (al banco),1,al kg,18.90,18.900,2026-09-03,2026-09-16,"Al banco, 1,89 all'etto."
mercato,Mercatò,Formaggio,Pizzicotti affumicati – Caseificio Pugliese,al kg (al banco),1,al kg,12.90,12.900,2026-09-03,2026-09-16,"Al banco, 1,29 all'etto."
mercato,Mercatò,Formaggio,Primosale Linea – Osella,190 g,0.19,al kg,2.19,11.526,2026-09-03,2026-09-16,"Il volantino stampa 11,53 al kg."
mercato,Mercatò,Formaggio,Primosale – Osella,al kg (al banco),1,al kg,9.90,9.900,2026-09-03,2026-09-16,"Al banco, 0,99 all'etto."
mercato,Mercatò,Formaggio,Sottilette classiche × 7,200 g,0.2,al kg,1.59,7.950,2026-09-03,2026-09-16,"Il volantino stampa 7,95 al kg."
mercato,Mercatò,Formaggio,Stracchino Stella bianca,al kg (al banco),1,al kg,10.90,10.900,2026-09-03,2026-09-16,"Al banco, 1,09 all'etto."
mercato,Mercatò,Formaggio,Stracchino – Nonno Nanni,200 g,0.2,al kg,1.99,9.950,2026-09-03,2026-09-16,"Il volantino stampa 9,95 al kg."
mercato,Mercatò,Formaggio,Taleggio DOP a latte crudo – Carozzi,al kg (al banco),1,al kg,10.50,10.500,2026-09-03,2026-09-16,"Al banco, 1,05 all'etto."
mercato,Mercatò,Formaggio,Tomini del boscaiolo – Longo,al kg (al banco),1,al kg,10.90,10.900,2026-09-03,2026-09-16,"Al banco, 1,09 all'etto."
mercato,Mercatò,Formaggio,Tomino del boscaiolo con speck – Caseificio Longo,195 g,0.195,al kg,1.99,10.205,2026-09-03,2026-09-16,"Sconto 50%. Il volantino stampa 10,21 al kg."
mercato,Mercatò,Formaggio,Tuma d'Visu – Valform,al kg (al banco),1,al kg,9.50,9.500,2026-09-03,2026-09-16,"Al banco, 0,95 all'etto."
mercato,Mercatò,Frutta,Mele Gala Piemonte Cuneo IGP,al kg,1,al kg,1.49,1.490,2026-09-03,2026-09-09,
mercato,Mercatò,Frutta,Uva bianca Italia,al kg,1,al kg,2.99,2.990,2026-09-03,2026-09-09,
mercato,Mercatò,Grana,Parmigiano Reggiano DOP 24 mesi,al kg (al banco),1,al kg,22.90,22.900,2026-09-03,2026-09-16,"Al banco, 2,29 all'etto."
mercato,Mercatò,Grana,Parmigiano Reggiano grattugiato – Parmareggio,60 g,0.06,al kg,1.19,19.833,2026-09-03,2026-09-16,"Il volantino stampa 19,83 al kg."
mercato,Mercatò,Insalata,Lattughino bio Natura Chiama – Selex,100 g,0.1,al kg,0.99,9.900,2026-09-03,2026-09-09,"Solo con Fidelity Card. Il volantino stampa 9,90 al kg."
mercato,Mercatò,Latte,Latte UHT parzialmente scremato 100% italiano – Granarolo,1 litro,1,al litro,0.89,0.890,2026-09-03,2026-09-16,
mercato,Mercatò,Latte,Latte UHT senza lattosio Zymil – Parmalat,1 litro,1,al litro,1.49,1.490,2026-09-03,2026-09-16,
mercato,Mercatò,Lavatrice,Detersivo in polvere Power 71 lavaggi – Dash,"3,55 kg",71,a lavaggio,14.95,0.211,2026-09-03,2026-09-16,Sconto 50%.
mercato,Mercatò,Lavatrice,Detersivo liquido 28 lavaggi vari tipi – Chanteclair,"1,26 litri",28,a lavaggio,2.89,0.103,2026-09-03,2026-09-16,
mercato,Mercatò,Lavatrice,Detersivo liquido Marsiglia 36 lavaggi – Spuma di Sciampagna,"1,62 litri",36,a lavaggio,2.99,0.083,2026-09-03,2026-09-16,
mercato,Mercatò,Lavatrice,Detersivo liquido classico igienizzante 38 lavaggi – Ace,"1,9 litri",38,a lavaggio,3.49,0.092,2026-09-03,2026-09-16,Sconto 50%.
mercato,Mercatò,Lavatrice,Detersivo liquido universale 49 lavaggi – General,"1,98 litri",49,a lavaggio,3.29,0.067,2026-09-03,2026-09-16,"Il volantino stampa 1,66 al litro; qui il conto è a lavaggio, che è quello che serve."
mercato,Mercatò,Legumi,Legumi vari tipi – Valfrutta,240 g,0.24,al kg,0.79,3.292,2026-09-03,2026-09-16,"Il volantino stampa 3,29 al kg."
mercato,Mercatò,Legumi,Piselli medi italiani – Valfrutta,400 g (270 g sgocciolati),0.27,al kg,0.85,3.148,2026-09-03,2026-09-16,"Il volantino stampa 3,15 al kg, sul peso sgocciolato."
mercato,Mercatò,Manzo,Arrosto di bovino adulto piemontese,al kg,1,al kg,20.39,20.390,2026-09-03,2026-09-16,
mercato,Mercatò,Manzo,Carne tritata scelta di bovino adulto piemontese,al kg,1,al kg,17.99,17.990,2026-09-03,2026-09-16,Per polpette e ragù.
mercato,Mercatò,Marmellata,Confettura 100% da frutta vari tipi – Zuegg,230 g,0.23,al kg,1.99,8.652,2026-09-03,2026-09-16,"Solo con Fidelity Card. Il volantino stampa 8,65 al kg."
mercato,Mercatò,Merendine,Buondì classico × 6 – Bauli,198 g,0.198,al kg,1.48,7.475,2026-09-03,2026-09-16,"Il volantino stampa 7,47 al kg."
mercato,Mercatò,Merendine,Cereabel alla frutta – Campiello,220 g,0.22,al kg,1.39,6.318,2026-09-03,2026-09-16,"Solo con Fidelity Card. Il volantino stampa 6,32 al kg."
mercato,Mercatò,Merendine,Cornetto Dolcesenza extra farcitura – Misura,298 g,0.298,al kg,2.48,8.322,2026-09-03,2026-09-16,"Senza zuccheri aggiunti. Il volantino stampa 8,32 al kg."
mercato,Mercatò,Merendine,Croissant all'albicocca × 6 – Bauli,300 g,0.3,al kg,1.59,5.300,2026-09-03,2026-09-16,"Il volantino stampa 5,30 al kg."
mercato,Mercatò,Merendine,Croissant classico – Orso Bianco,350 g,0.35,al kg,2.98,8.514,2026-09-03,2026-09-16,"Il volantino stampa 8,51 al kg."
mercato,Mercatò,Merendine,Merendine senza lattosio × 6 – Mister Day,300 g,0.3,al kg,1.98,6.600,2026-09-03,2026-09-16,"Il volantino stampa 6,60 al kg."
mercato,Mercatò,Merendine,Pains au chocolat × 6 – Pasquier,270 g,0.27,al kg,1.48,5.481,2026-09-03,2026-09-16,"Il volantino stampa 5,48 al kg."
mercato,Mercatò,Merendine,Pan e Cioc – Kinder,290 g,0.29,al kg,2.48,8.552,2026-09-03,2026-09-16,"Il volantino stampa 8,55 al kg."
mercato,Mercatò,Merendine,Pancake × 8 – Mulino Bianco Barilla,280 g,0.28,al kg,1.98,7.071,2026-09-03,2026-09-16,"Solo con Fidelity Card. Il volantino stampa 7,07 al kg."
mercato,Mercatò,Merendine,Plumcake Offerta Convenienza – Mulino Bianco Barilla,660 g (330 g × 2),0.66,al kg,1.99,3.015,2026-09-03,2026-09-16,"Sconto 50%. Il volantino stampa 3,02 al kg."
mercato,Mercatò,Merluzzo,Filetto di merluzzo nordico Skin MSC – Delfin,400 g,0.4,al kg,5.96,14.900,2026-09-03,2026-09-16,"Il volantino stampa 14,90 al kg."
mercato,Mercatò,Miele,Miele millefiori – Piemonte Miele,500 g,0.5,al kg,5.29,10.580,2026-09-03,2026-09-16,"Solo con Fidelity Card. Il volantino stampa 10,58 al kg."
mercato,Mercatò,Miele,Miele – Ambrosoli,250 g,0.25,al kg,2.49,9.960,2026-09-03,2026-09-16,"Solo con Fidelity Card. Il volantino stampa 9,96 al kg."
mercato,Mercatò,Mortadella,Mortadella vari tipi – Saper di Sapori,al kg (al banco),1,al kg,8.90,8.900,2026-09-03,2026-09-16,"Al banco, 0,89 all'etto."
mercato,Mercatò,Mozzarella,Mozzarella Julienne senza lattosio – Bayernland,200 g,0.2,al kg,1.49,7.450,2026-09-03,2026-09-16,"Sconto 50%. È già a filetti, per la pizza."
mercato,Mercatò,Mozzarella,Mozzarella di bufala campana DOP – Ponte Reale,375 g (125 g × 3),0.375,al kg,3.69,9.840,2026-09-03,2026-09-16,"Il volantino stampa 9,84 al kg."
mercato,Mercatò,Mozzarella,Mozzarelle – La Fattoria delle Cose Buone,300 g (100 g × 3),0.3,al kg,1.89,6.300,2026-09-03,2026-09-16,"Il volantino stampa 6,30 al kg."
mercato,Mercatò,Mozzarella,Stracciatella di burrata – Sabelli,al kg (al banco),1,al kg,11.90,11.900,2026-09-03,2026-09-16,"Al banco, 1,19 all'etto. È il ripieno della burrata, non mozzarella tonda."
mercato,Mercatò,Olio d'oliva,Olio d'oliva – Colavita,1 litro,1,al litro,3.96,3.960,2026-09-03,2026-09-16,"Solo con Fidelity Card. È olio d'oliva, non extra vergine."
mercato,Mercatò,Olio d'oliva,Olio extra vergine di oliva 100% italiano – Terre Nostre,"0,75 litri",0.75,al litro,5.89,7.853,2026-09-03,2026-09-16,"Solo con Fidelity Card. Il volantino stampa 7,85 al litro."
mercato,Mercatò,Olio d'oliva,Olio extra vergine di oliva classico – Filippo Berio,"0,75 litri",0.75,al litro,4.24,5.653,2026-09-03,2026-09-16,"Sconto 50%. Il volantino stampa 5,65 al litro."
mercato,Mercatò,Olio d'oliva,Olio extra vergine di oliva classico – Monini,1 litro,1,al litro,5.96,5.960,2026-09-03,2026-09-16,
mercato,Mercatò,Olio di semi,Olio di semi di soia – Valsoia,1 litro,1,al litro,2.98,2.980,2026-09-03,2026-09-16,
mercato,Mercatò,Panati,Bastoncini di mare – Coraya,180 g,0.18,al kg,1.49,8.278,2026-09-03,2026-09-16,"SONO SURIMI, non bastoncini di pesce impanati: polpa di pesce macinata e ricomposta, si mangiano freddi. Li tengo qui perche a Mercato e l'unica cosa del genere, ma non si confrontano con i bastoncini da friggere. Il volantino stampa 8,28 al kg."
mercato,Mercatò,Pane,Baguette rustica,al kg,1,al kg,2.98,2.980,2026-09-03,2026-09-16,Solo nei punti vendita col forno.
mercato,Mercatò,Pane,Cracker Bellebuone – Galbusera,200 g,0.2,al kg,1.69,8.450,2026-09-03,2026-09-16,"Solo con Fidelity Card. Il volantino stampa 8,45 al kg."
mercato,Mercatò,Pane,Cuor di Pane – Mulino Bianco Barilla,325 g,0.325,al kg,1.48,4.554,2026-09-03,2026-09-16,"Il volantino stampa 4,55 al kg."
mercato,Mercatò,Pane,Grissini nostrani – Panealba,200 g,0.2,al kg,0.74,3.700,2026-09-03,2026-09-16,"Sconto 50%. Il volantino stampa 3,70 al kg."
mercato,Mercatò,Pane,Grissino iposodico è senza – Monviso,120 g,0.12,al kg,0.74,6.167,2026-09-03,2026-09-16,"Sconto 50%. Il volantino stampa 6,17 al kg."
mercato,Mercatò,Pane,Il Cracker – Gran Pavesi,560 g,0.56,al kg,1.67,2.982,2026-09-03,2026-09-16,"Solo con Fidelity Card. Il volantino stampa 2,98 al kg."
mercato,Mercatò,Pane,Pan carrè – Mulino Bianco Barilla,285 g,0.285,al kg,0.60,2.105,2026-09-03,2026-09-16,"Il volantino stampa 2,11 al kg."
mercato,Mercatò,Pane,Pane vari tipi – Daily Bread,500 g,0.5,al kg,1.69,3.380,2026-09-03,2026-09-16,"Il volantino stampa 3,38 al kg."
mercato,Mercatò,Pane,Piadina romagnola IGP alla riminese – Riccione Piadina,360 g (120 g × 3),0.36,al kg,1.69,4.694,2026-09-03,2026-09-16,"Sconto 50%. Il volantino stampa 4,69 al kg."
mercato,Mercatò,Pane,Pinsa classica – Pinsami,460 g (2 basi),0.46,al kg,3.99,8.674,2026-09-03,2026-09-16,"Il volantino stampa 8,67 al kg."
mercato,Mercatò,Pane,Spuntinelle – Morato,350 g (175 g × 2),0.35,al kg,1.09,3.114,2026-09-03,2026-09-16,"Sconto 50%. Il volantino stampa 3,11 al kg."
mercato,Mercatò,Pane,"Tramezzino pane ai cereali, pollo, bacon e pomodoro – Riva",170 g,0.17,al kg,2.49,14.647,2026-09-03,2026-09-16,"Il volantino stampa 14,65 al kg."
mercato,Mercatò,Pasta,Agnolotti – La Fattoria delle Cose Buone,250 g,0.25,al kg,2.99,11.960,2026-09-03,2026-09-16,"Il volantino stampa 11,96 al kg."
mercato,Mercatò,Pasta,Lasagne alla bolognese – Rana,350 g,0.35,al kg,2.99,8.543,2026-09-03,2026-09-16,"Il volantino stampa 8,54 al kg."
mercato,Mercatò,Pasta,Pasta Khorasan bio – Sgambaro,500 g,0.5,al kg,1.99,3.980,2026-09-03,2026-09-16,"Il volantino stampa 3,98 al kg."
mercato,Mercatò,Pasta,Pasta fresca ripiena Sfogliavelo – Rana,250 g,0.25,al kg,2.39,9.560,2026-09-03,2026-09-16,"Il volantino stampa 9,56 al kg."
mercato,Mercatò,Pasta,Pasta fresca vari tipi – Maffei,250 g,0.25,al kg,0.55,2.200,2026-09-03,2026-09-16,"Sconto 50%. Il volantino stampa 2,20 al kg."
mercato,Mercatò,Pasta,Pasta fresca vari tipi – Stemarpast,250 g,0.25,al kg,1.49,5.960,2026-09-03,2026-09-16,"Sconto 50%. Il volantino stampa 5,96 al kg."
mercato,Mercatò,Pasta,Pasta senza glutine – Le Veneziane,250 g,0.25,al kg,1.17,4.680,2026-09-03,2026-09-16,"Il volantino stampa 4,68 al kg."
mercato,Mercatò,Pasta,Pasta vari tipi – Agnesi,500 g,0.5,al kg,0.77,1.540,2026-09-03,2026-09-16,"Solo con Fidelity Card. Il volantino stampa 1,54 al kg."
mercato,Mercatò,Pasta,Pasta vari tipi – Rummo,500 g,0.5,al kg,0.79,1.580,2026-09-03,2026-09-16,"Sconto 50%. Il volantino stampa 1,58 al kg."
mercato,Mercatò,Pasta,Ravioles della Val Varaita,al kg (al banco),1,al kg,4.90,4.900,2026-09-03,2026-09-16,"Al banco, 0,49 all'etto."
mercato,Mercatò,Pasta,Tajarin all'uovo – La Fattoria delle Cose Buone,250 g,0.25,al kg,1.39,5.560,2026-09-03,2026-09-16,"Il volantino stampa 5,56 al kg."
mercato,Mercatò,Patate,Patatine prefritte Patasnella – Pizzoli,1 kg,1,al kg,2.29,2.290,2026-09-03,2026-09-16,
mercato,Mercatò,Pesce,Filetti di sgombro marinati,al kg (al banco),1,al kg,17.90,17.900,2026-09-03,2026-09-16,"Al banco, 1,79 all'etto."
mercato,Mercatò,Pesce,Insalata di mare,al kg (al banco),1,al kg,27.90,27.900,2026-09-03,2026-09-16,"Al banco, 2,79 all'etto. È già condita, si mangia fredda."
mercato,Mercatò,Pesce,Tranci di verdesca – Maremundi,450 g,0.45,al kg,3.99,8.867,2026-09-03,2026-09-16,"Il volantino stampa 8,87 al kg. La verdesca è uno squalo: polpa soda, senza spine."
mercato,Mercatò,Pizza,Pizza margherita Bella Napoli × 2 – Buitoni,650 g,0.65,al kg,2.74,4.215,2026-09-03,2026-09-16,"Sconto 50%. Il volantino stampa 4,22 al kg."
mercato,Mercatò,Pollo,Coscette di pollo piemontese,al kg,1,al kg,6.99,6.990,2026-09-03,2026-09-16,
mercato,Mercatò,Pollo,Involtino di pollo con speck e provola,al kg,1,al kg,15.79,15.790,2026-09-03,2026-09-16,
mercato,Mercatò,Pollo,Petto di pollo,al kg,1,al kg,11.99,11.990,2026-09-03,2026-09-16,Origine Italia.
mercato,Mercatò,Pomodoro,Passata vellutata al vapore – Valfrutta,700 g,0.7,al kg,0.74,1.057,2026-09-03,2026-09-16,"Sconto 50%. Il volantino stampa 1,06 al kg."
mercato,Mercatò,Pomodoro,Polpa di pomodoro – Mutti,400 g,0.4,al kg,0.64,1.600,2026-09-03,2026-09-16,"Sconto 50%. Il volantino stampa 1,60 al kg."
mercato,Mercatò,Pomodoro,Pomodori pelati – Cirio,400 g,0.4,al kg,0.89,2.225,2026-09-03,2026-09-16,"Solo con Fidelity Card. Il volantino stampa 2,23 al kg."
mercato,Mercatò,Preparati,Burger di scottona – You&Meat,200 g,0.2,al kg,3.89,19.450,2026-09-03,2026-09-16,"Il volantino stampa 19,45 al kg."
mercato,Mercatò,Prosciutto,Prosciutto cotto 100% italiano Stella – Negroni,al kg (al banco),1,al kg,17.90,17.900,2026-09-03,2026-09-16,"Al banco, 1,79 all'etto."
mercato,Mercatò,Prosciutto,Prosciutto cotto Gran Biscotto – Rovagnati,100 g,0.1,al kg,1.99,19.900,2026-09-03,2026-09-16,"Sconto 50%. Il volantino stampa 19,90 al kg."
mercato,Mercatò,Prosciutto,Prosciutto cotto Teneroni – Casa Modena,150 g,0.15,al kg,1.99,13.267,2026-09-03,2026-09-16,"Il volantino stampa 13,27 al kg."
mercato,Mercatò,Prosciutto,Prosciutto cotto alta qualità – Dimarello,al kg (al banco),1,al kg,10.90,10.900,2026-09-03,2026-09-16,"Al banco, 1,09 all'etto."
mercato,Mercatò,Prosciutto,Prosciutto cotto – Dimarello,120 g,0.12,al kg,1.69,14.083,2026-09-03,2026-09-16,"Il volantino stampa 14,08 al kg."
mercato,Mercatò,Prosciutto,Prosciutto crudo – Citterio,120 g,0.12,al kg,2.79,23.250,2026-09-03,2026-09-16,"Il volantino stampa 23,25 al kg."
mercato,Mercatò,Prosciutto,Prosciutto di Parma DOP 22 mesi – Saper di Sapori,al kg (al banco),1,al kg,26.90,26.900,2026-09-03,2026-09-16,"Al banco, 2,69 all'etto."
mercato,Mercatò,Prosciutto,Speck IGP Gran Resa – Senfter,al kg (al banco),1,al kg,13.90,13.900,2026-09-03,2026-09-16,"Al banco, 1,39 all'etto."
mercato,Mercatò,Ricotta,Ricotta Santa Lucia – Galbani,250 g,0.25,al kg,0.99,3.960,2026-09-03,2026-09-16,"Il volantino stampa 3,96 al kg."
mercato,Mercatò,Ricotta,Ricotta del boscaiolo – Longo,400 g,0.4,al kg,1.59,3.975,2026-09-03,2026-09-16,"Il volantino stampa 3,98 al kg."
mercato,Mercatò,Ricotta,Ricotta fuscelle – Caseificio Pugliese,al kg (al banco),1,al kg,6.90,6.900,2026-09-03,2026-09-16,"Al banco, 0,69 all'etto."
mercato,Mercatò,Riso,Riso Arborio Selezione Speciale – Riso Scotti,1 kg,1,al kg,2.37,2.370,2026-09-03,2026-09-16,Solo con Fidelity Card.
mercato,Mercatò,Riso,Riso Basmati – Molino di Borgo San Dalmazzo,500 g,0.5,al kg,1.49,2.980,2026-09-03,2026-09-16,"Solo con Fidelity Card. Il volantino stampa 2,98 al kg."
mercato,Mercatò,Riso,Riso Blond integrale – Gallo,1 kg,1,al kg,1.71,1.710,2026-09-03,2026-09-16,Sconto 50%.
mercato,Mercatò,Riso,Riso Blond per risotti – Gallo,1 kg,1,al kg,1.84,1.840,2026-09-03,2026-09-16,Sconto 50%.
mercato,Mercatò,Riso,Riso Carnaroli – Curtiriso,1 kg,1,al kg,1.99,1.990,2026-09-03,2026-09-16,Sconto 50%.
mercato,Mercatò,Riso,Riso Roma – Grandi Riso,1 kg,1,al kg,0.98,0.980,2026-09-03,2026-09-16,Sconto 50%.
mercato,Mercatò,Riso,Riso Roma – Il Buon Riso,1 kg,1,al kg,2.59,2.590,2026-09-03,2026-09-16,Solo con Fidelity Card.
mercato,Mercatò,Salame,Salame Felino IGP – Cavalier Umberto Boschi,350 g,0.35,al kg,7.90,22.571,2026-09-03,2026-09-16,"Il volantino stampa 22,57 al kg."
mercato,Mercatò,Salame,Salame Golfetta – Golfera,100 g,0.1,al kg,2.59,25.900,2026-09-03,2026-09-16,"Il volantino stampa 25,90 al kg."
mercato,Mercatò,Salame,Salame Piemonte IGP – Raspini,100 g,0.1,al kg,2.39,23.900,2026-09-03,2026-09-16,"Il volantino stampa 23,90 al kg."
mercato,Mercatò,Salame,Salame bocconcino Cavour,al kg (al banco),1,al kg,16.90,16.900,2026-09-03,2026-09-16,"Al banco, 1,69 all'etto."
mercato,Mercatò,Salame,Salame crudo filzetta – Gabba,al kg (al banco),1,al kg,14.90,14.900,2026-09-03,2026-09-16,"Al banco, 1,49 all'etto."
mercato,Mercatò,Salmone,Filetti di salmone – Zarotti,150 g,0.15,al kg,2.99,19.933,2026-09-03,2026-09-16,"Il volantino stampa 19,93 al kg."
mercato,Mercatò,Salmone affumicato,Salmone affumicato norvegese Essential – Mowi,100 g,0.1,al kg,3.99,39.900,2026-09-03,2026-09-16,"Il volantino stampa 39,90 al kg."
mercato,Mercatò,Salsiccia,Salsiccia rustica piemontese,al kg,1,al kg,9.79,9.790,2026-09-03,2026-09-16,
mercato,Mercatò,Shampoo,Olio shampoo vari tipi – Restivoil,150 ml,0.15,al litro,6.69,44.600,2026-09-03,2026-09-16,"Il volantino stampa 44,60 al litro."
mercato,Mercatò,Shampoo,Shampoo a secco classico – Batist,200 ml,0.2,al litro,3.99,19.950,2026-09-03,2026-09-16,"Il volantino stampa 19,95 al litro."
mercato,Mercatò,Shampoo,Shampoo linea capelli Elvive vari tipi – L'Oréal,300 ml,0.3,al litro,2.49,8.300,2026-09-03,2026-09-16,"Il volantino stampa 8,30 al litro."
mercato,Mercatò,Shampoo,Shampoo linea capelli vari tipi – Biopoint,400 ml,0.4,al litro,4.99,12.475,2026-09-03,2026-09-16,"Solo con Fidelity Card. Il volantino stampa 12,48 al litro."
mercato,Mercatò,Shampoo,Shampoo linea capelli vari tipi – Pantene,250 ml,0.25,al litro,2.59,10.360,2026-09-03,2026-09-16,"Solo con Fidelity Card. Il volantino stampa 10,36 al litro."
mercato,Mercatò,Shampoo,Shampoo linea capelli vari tipi – Sunsilk,250 ml,0.25,al litro,1.99,7.960,2026-09-03,2026-09-16,"Solo con Fidelity Card. Il volantino stampa 7,96 al litro."
mercato,Mercatò,Spalmabili,Exquisa Fresco Cremoso classico,175 g,0.175,al kg,0.89,5.086,2026-09-03,2026-09-16,Sconto 50%.
mercato,Mercatò,Spalmabili,Robiola d'Alba bianca,al kg (al banco),1,al kg,10.90,10.900,2026-09-03,2026-09-16,"Al banco, 1,09 all'etto."
mercato,Mercatò,Spalmabili,Robiola – Osella,200 g (100 g × 2),0.2,al kg,2.39,11.950,2026-09-03,2026-09-16,"Il volantino stampa 11,95 al kg."
mercato,Mercatò,Sughi,Pesto Tigullio,185 g,0.185,al kg,1.69,9.135,2026-09-03,2026-09-16,"Il volantino stampa 9,14 al kg."
mercato,Mercatò,Sughi,Pesto vari tipi – Rana,140 g,0.14,al kg,1.45,10.357,2026-09-03,2026-09-16,"Sconto 50%. Il volantino stampa 10,36 al kg."
mercato,Mercatò,Sughi,Ragù vegetale senza aglio – Biffi,190 g,0.19,al kg,1.89,9.947,2026-09-03,2026-09-16,"Il volantino stampa 9,95 al kg."
mercato,Mercatò,Sughi,Salsa – Agromonte,330 g,0.33,al kg,1.14,3.455,2026-09-03,2026-09-16,"Solo con Fidelity Card. Il volantino stampa 3,45 al kg."
mercato,Mercatò,Sughi,Sugo vari tipi – Althea,120 g,0.12,al kg,0.66,5.500,2026-09-03,2026-09-16,"Sconto 50%. Il volantino stampa 5,50 al kg."
mercato,Mercatò,Sughi,Sugo vari tipi – Barilla,300 g,0.3,al kg,1.59,5.300,2026-09-03,2026-09-16,"Solo con Fidelity Card. Il volantino stampa 5,30 al kg."
mercato,Mercatò,Sughi,Sugo vari tipi – Mutti,280 g,0.28,al kg,0.99,3.536,2026-09-03,2026-09-16,"Solo con Fidelity Card. Il volantino stampa 3,54 al kg."
mercato,Mercatò,Suino,Lonza di suino piemontese,al kg,1,al kg,9.89,9.890,2026-09-03,2026-09-16,
mercato,Mercatò,Tacchino,Fesa di tacchino arrosto – Lenti,al kg (al banco),1,al kg,14.90,14.900,2026-09-03,2026-09-16,"Al banco, 1,49 all'etto. È già cotta, non è carne cruda."
mercato,Mercatò,Tonno,Tonno al naturale – Asdomar,240 g (168 g sgocciolati),0.168,al kg,1.99,11.845,2026-09-03,2026-09-16,"Solo con Fidelity Card. Il tonno al naturale è per metà acqua: il conto è sul peso sgocciolato, come lo fa il volantino, se no sembrerebbe il più conveniente di tutti senza esserlo."
mercato,Mercatò,Tonno,Tonno all'olio di oliva Pescato a Canna – Rio Mare,720 g (120 g × 6),0.72,al kg,7.99,11.097,2026-09-03,2026-09-16,Sconto 50%.
mercato,Mercatò,Tonno,Tonno all'olio di oliva meno olio – Asdomar,180 g (60 g × 3),0.18,al kg,2.49,13.833,2026-09-03,2026-09-16,
mercato,Mercatò,Tonno,Tonno all'olio di oliva – Nostromo,210 g (70 g × 3),0.21,al kg,1.79,8.524,2026-09-03,2026-09-16,Sconto 50%.
mercato,Mercatò,Tonno,Tonno all'olio di oliva – Palmera,480 g (160 g × 2 + 1 omaggio),0.48,al kg,4.99,10.396,2026-09-03,2026-09-16,Solo con Fidelity Card.
mercato,Mercatò,Tonno,Tonno leggero – Mareblu,180 g (60 g × 3),0.18,al kg,2.25,12.500,2026-09-03,2026-09-16,
mercato,Mercatò,Tè,Camomilla solubile 20 bustine – Bonomelli,25 g,0.025,al kg,1.34,53.600,2026-09-03,2026-09-16,"Il volantino stampa 53,60 al kg. Al chilo fa impressione, ma è una scatola da 20 bustine."
mercato,Mercatò,Tè,Thè deteinato 18 filtri – Infré,27 g,0.027,al kg,2.39,88.519,2026-09-03,2026-09-16,"Il volantino stampa 88,52 al kg. Al chilo fa impressione, ma è una scatola da 18 filtri."
mercato,Mercatò,Verdura,Carote sfuse,al kg,1,al kg,0.99,0.990,2026-09-03,2026-09-09,
mercato,Mercatò,Verdura,Pomodoro costoluto – Gandini,al kg,1,al kg,2.99,2.990,2026-09-03,2026-09-09,Origine Italia.
mercato,Mercatò,Verdure surgelate,Cuori di carciofi in spicchi – Orogel,300 g,0.3,al kg,2.29,7.633,2026-09-03,2026-09-16,"Il volantino stampa 7,63 al kg."
mercato,Mercatò,Verdure surgelate,Fagiolini extra fini – Bonduelle,450 g,0.45,al kg,1.29,2.867,2026-09-03,2026-09-16,"Sconto 50%. Il volantino stampa 2,87 al kg."
mercato,Mercatò,Verdure surgelate,Funghi porcini a cubetti – Funghi&Sapori,300 g,0.3,al kg,4.96,16.533,2026-09-03,2026-09-16,"Solo con Fidelity Card. Il volantino stampa 16,53 al kg."
mercato,Mercatò,Verdure surgelate,Misto funghi con porcini – Funghi&Sapori,450 g,0.45,al kg,2.89,6.422,2026-09-03,2026-09-16,"Il volantino stampa 6,42 al kg."
mercato,Mercatò,Verdure surgelate,Spinaci Cubello Foglia Più – Orogel,900 g,0.9,al kg,1.98,2.200,2026-09-03,2026-09-16,"Sconto 50%. Il volantino stampa 2,20 al kg."
mercato,Mercatò,Verdure surgelate,Verdurì Leggerezza – Orogel,600 g,0.6,al kg,1.99,3.317,2026-09-03,2026-09-16,"Il volantino stampa 3,32 al kg."
mercato,Mercatò,Vino,Arneis Langhe DOC – Produttori di Govone,"0,75 litri",0.75,al litro,2.98,3.973,2026-09-03,2026-09-16,"Sconto 50%. Il volantino stampa 3,97 al litro."
mercato,Mercatò,Vino,Barbaresco DOCG – Mainerdo,"0,75 litri",0.75,al litro,9.98,13.307,2026-09-03,2026-09-16,"Il volantino stampa 13,31 al litro."
mercato,Mercatò,Vino,Bianco o rosso Terre Siciliane IGT – Corvo,"0,75 litri",0.75,al litro,3.78,5.040,2026-09-03,2026-09-16,"Solo con Fidelity Card. Il volantino stampa 5,04 al litro."
mercato,Mercatò,Vino,Bonarda dell'Oltrepò Pavese DOC – Le Cascine,"0,75 litri",0.75,al litro,1.95,2.600,2026-09-03,2026-09-16,"Sconto 50%. Il volantino stampa 2,60 al litro."
mercato,Mercatò,Vino,Bonarda dell'Oltrepò Pavese DOC – Manfredi,"0,75 litri",0.75,al litro,2.99,3.987,2026-09-03,2026-09-16,"Solo con Fidelity Card. Il volantino stampa 3,99 al litro."
mercato,Mercatò,Vino,Chardonnay Langhe DOC – Terre del Barolo,"0,75 litri",0.75,al litro,4.48,5.973,2026-09-03,2026-09-16,"Solo con Fidelity Card. Il volantino stampa 5,97 al litro."
mercato,Mercatò,Vino,Chianti DOCG – Leonardo da Vinci,"0,75 litri",0.75,al litro,3.78,5.040,2026-09-03,2026-09-16,"Il volantino stampa 5,04 al litro."
mercato,Mercatò,Vino,Cortese dell'Alto Monferrato DOC – Duchessa Lia,"0,75 litri",0.75,al litro,2.99,3.987,2026-09-03,2026-09-16,"Solo con Fidelity Card. Il volantino stampa 3,99 al litro."
mercato,Mercatò,Vino,Dogliani DOCG Grappoli Cantina Dolcetto di Dogliani,"1,5 litri",1.5,al litro,4.98,3.320,2026-09-03,2026-09-16,"Solo con Fidelity Card. Il volantino stampa 3,32 al litro."
mercato,Mercatò,Vino,Dolcetto d'Alba DOC – Fontanafredda,"0,75 litri",0.75,al litro,4.98,6.640,2026-09-03,2026-09-16,"Solo con Fidelity Card. Il volantino stampa 6,64 al litro."
mercato,Mercatò,Vino,Favorita Langhe DOC – Terredavino,"0,75 litri",0.75,al litro,3.69,4.920,2026-09-03,2026-09-16,"Solo con Fidelity Card. Il volantino stampa 4,92 al litro."
mercato,Mercatò,Vino,Gewürztraminer Trentino DOC – Santa Margherita,"0,75 litri",0.75,al litro,7.49,9.987,2026-09-03,2026-09-16,"Solo con Fidelity Card. Il volantino stampa 9,99 al litro."
mercato,Mercatò,Vino,Grignolino Piemonte DOC – Araldica,"0,75 litri",0.75,al litro,2.48,3.307,2026-09-03,2026-09-16,"Sconto 50%. Il volantino stampa 3,31 al litro."
mercato,Mercatò,Vino,Lambrusco di Modena DOC secco o amabile – Cavicchioli,"1,5 litri",1.5,al litro,3.49,2.327,2026-09-03,2026-09-16,"Solo con Fidelity Card. Il volantino stampa 2,33 al litro."
mercato,Mercatò,Vino,Orvieto Classico secco DOC – Bigi,"0,75 litri",0.75,al litro,2.99,3.987,2026-09-03,2026-09-16,"Il volantino stampa 3,99 al litro."
mercato,Mercatò,Vino,Pignoletto DOC frizzante secco – Righi,"0,75 litri",0.75,al litro,2.98,3.973,2026-09-03,2026-09-16,"Solo con Fidelity Card. Il volantino stampa 3,97 al litro."
mercato,Mercatò,Vino,Pinot Grigio Friuli DOC – Ca' Vescovo,"0,75 litri",0.75,al litro,4.48,5.973,2026-09-03,2026-09-16,"Il volantino stampa 5,97 al litro."
mercato,Mercatò,Vino,Prosecco Millesimato Rosé DOC – Sant'Orsola,"0,75 litri",0.75,al litro,4.48,5.973,2026-09-03,2026-09-16,"Solo con Fidelity Card. Il volantino stampa 5,97 al litro."
mercato,Mercatò,Vino,Prosecco Valdobbiadene DOCG Spago – La Gioiosa,"0,75 litri",0.75,al litro,5.48,7.307,2026-09-03,2026-09-16,"Solo con Fidelity Card. Il volantino stampa 7,31 al litro."
mercato,Mercatò,Vino,Prosecco Valdobbiadene DOCG – Mionetto,"0,75 litri",0.75,al litro,6.98,9.307,2026-09-03,2026-09-16,"Il volantino stampa 9,31 al litro."
mercato,Mercatò,Vino,Prosecco frizzante DOC Spago – Tenuta Sant'Anna,"0,75 litri",0.75,al litro,3.98,5.307,2026-09-03,2026-09-16,"Il volantino stampa 5,31 al litro."
mercato,Mercatò,Vino,Rosato o bianco Trevenezie IGT – Turà,"0,75 litri",0.75,al litro,2.29,3.053,2026-09-03,2026-09-16,"Il volantino stampa 3,05 al litro."
mercato,Mercatò,Vino,Sangiovese Rubicone IGT – Botte Buona,"0,75 litri",0.75,al litro,1.59,2.120,2026-09-03,2026-09-16,"Il volantino stampa 2,12 al litro."
mercato,Mercatò,Vino,Spumante Brut Pinot di Pinot – Gancia,"0,75 litri",0.75,al litro,3.99,5.320,2026-09-03,2026-09-16,"Solo con Fidelity Card. Il volantino stampa 5,32 al litro."
mercato,Mercatò,Vino,Valpolicella DOC Classico Superiore Ripasso – Cantina di Negrar,"0,75 litri",0.75,al litro,6.49,8.653,2026-09-03,2026-09-16,"Solo con Fidelity Card. Il volantino stampa 8,65 al litro."
mercato,Mercatò,Yogurt,Actimel – Danone,600 g (100 g × 6),0.6,al kg,2.59,4.317,2026-09-03,2026-09-16,
mercato,Mercatò,Yogurt,Kefir cremoso – Milk,150 g,0.15,al kg,0.59,3.933,2026-09-03,2026-09-16,Sconto 50%.
mercato,Mercatò,Yogurt,"Yogurt assortito caffè, fragola, agrumi, banana – Yomo",1 kg (125 g × 8),1,al kg,2.19,2.190,2026-09-03,2026-09-16,Sconto 50%.
mercato,Mercatò,Yogurt,Yogurt fragola e vaniglia Maxiduo Fruttolo – Nestlé,400 g (100 g × 4),0.4,al kg,1.39,3.475,2026-09-03,2026-09-16,
carriper04,Carrefour Iper,Acqua,Acqua effervescente naturale – Uliveto,"9 litri (6 × 1,5 l)",9,al litro,2.49,0.277,2026-09-04,2026-09-13,"−33%, prima 3,78. Solo con la tessera SpesAmica Payback."
carriper04,Carrefour Iper,Acqua,Acqua naturale o frizzante – Levissima,6 litri (6 × 1 l),6,al litro,2.29,0.382,2026-09-04,2026-09-13,"−33%, prima 3,42. Solo con la tessera SpesAmica Payback."
carriper04,Carrefour Iper,Acqua,Acqua naturale o frizzante – Vera,"9 litri (6 × 1,5 l)",9,al litro,1.79,0.199,2026-09-04,2026-09-13,"−40%, prima 3,10. Solo con la tessera SpesAmica Payback."
carriper04,Carrefour Iper,Acqua,Acqua naturale – Maniva,12 litri,12,al litro,2.49,0.208,2026-09-04,2026-09-13,"Il volantino stampa 0,21 al litro."
carriper04,Carrefour Iper,Ammorbidente,Ammorbidente – Lenor,"1,827 l, 87 lavaggi",87,a lavaggio,3.99,0.046,2026-09-04,2026-09-13,"Sottocosto −50%, prima 7,99. E ammorbidente: si usa in aggiunta al detersivo, non al posto."
carriper04,Carrefour Iper,Ammorbidente,Ecoricarica ammorbidente concentrato – Spuma di Sciampagna,"1,2 l, 60 lavaggi",60,a lavaggio,2.29,0.038,2026-09-04,2026-09-13,"−30%, prima 3,28. E ammorbidente: si usa in aggiunta al detersivo, non al posto."
carriper04,Carrefour Iper,Asciugatutto,Bobina rotolo multiuso Serie 135 – Bulkysoft,1 bobina da 700 strappi,1,al rotolo,3.49,3.490,2026-09-04,2026-09-13,"−30%, prima 4,99. E una bobina grande: al rotolo costa piu di un rotolo normale, ma ne rende molti di piu."
carriper04,Carrefour Iper,Asciugatutto,Carta cucina Asciugoni – Regina,3 rotoloni pari a 6 rotoli,6,al rotolo,2.99,0.498,2026-09-04,2026-09-13,"−50%, prima 5,99. Il conto usa i 6 rotoli dichiarati sul pacco: sui 3 rotoloni veri fa 1,00 l'uno."
carriper04,Carrefour Iper,Bagnoschiuma,Bagnodoccia Dermazero – Neutro Roberts,900 ml (2 × 450 ml),0.9,al litro,2.85,3.167,2026-09-04,2026-09-13,"−64%, prima 7,94. Solo con la tessera SpesAmica Payback."
carriper04,Carrefour Iper,Bagnoschiuma,Detergente intimo – Lactacyd,200 ml,0.2,al litro,2.39,11.950,2026-09-04,2026-09-13,"−26%, prima 3,24. Solo con la tessera SpesAmica Payback."
carriper04,Carrefour Iper,Bagnoschiuma,Docciaschiuma profumazioni assortite – Vidal,250 ml,0.25,al litro,0.99,3.960,2026-09-04,2026-09-13,"−28%, prima 1,38. Solo con la tessera SpesAmica Payback."
carriper04,Carrefour Iper,Bagnoschiuma,Ricarica sapone liquido mani – Mil Mil,2 litri,2,al litro,2.49,1.245,2026-09-04,2026-09-13,"−28%, prima 3,46. Solo con la tessera SpesAmica Payback."
carriper04,Carrefour Iper,Bibite,Bibite gusti assortiti – Tomarchio,"1,25 litri",1.25,al litro,0.79,0.632,2026-09-04,2026-09-13,"−25%, prima 1,09. Solo con la tessera SpesAmica Payback."
carriper04,Carrefour Iper,Bibite,Coca Cola Regular o Zero Zuccheri,"6 litri (4 × 1,5 l)",6,al litro,4.65,0.775,2026-09-04,2026-09-13,"−40%, prima 8,02. Solo con la tessera SpesAmica Payback."
carriper04,Carrefour Iper,Bibite,Energy mango o anguria – Arizona,500 ml,0.5,al litro,0.99,1.980,2026-09-04,2026-09-13,"−33%, prima 1,49. Solo con la tessera SpesAmica Payback. E una bibita energetica."
carriper04,Carrefour Iper,Bibite,Nettari di frutta I Triangolini – Valfrutta,"1,2 l (12 × 100 ml)",1.2,al litro,2.89,2.408,2026-09-04,2026-09-13,"−20%, prima 3,66. Solo con la tessera SpesAmica Payback."
carriper04,Carrefour Iper,Bibite,Succhi di frutta senza zuccheri aggiunti – Carrefour,600 ml (3 × 200 ml),0.6,al litro,0.99,1.650,2026-09-04,2026-09-13,"−30%, prima 1,44. Solo con la tessera SpesAmica Payback."
carriper04,Carrefour Iper,Bibite,Succhi di frutta senza zuccheri aggiunti – Skipper,1 litro,1,al litro,1.49,1.490,2026-09-04,2026-09-13,"−20%, prima 1,89. Solo con la tessera SpesAmica Payback."
carriper04,Carrefour Iper,Bibite,Succhi di frutta – Santal,1 litro,1,al litro,1.29,1.290,2026-09-04,2026-09-13,"Sottocosto −25%, prima 1,78."
carriper04,Carrefour Iper,Bibite,Succo Ace Audace – Innocent,750 ml,0.75,al litro,2.79,3.720,2026-09-04,2026-09-13,"−26%, prima 3,79."
carriper04,Carrefour Iper,Bibite,The gusti assortiti – Carrefour,"1,2 l (6 × 200 ml)",1.2,al litro,1.35,1.125,2026-09-04,2026-09-13,"Il volantino stampa 1,13 al litro."
carriper04,Carrefour Iper,Bibite,Thè Linea Standard o Zero – Sant'Anna,"1,5 litri",1.5,al litro,0.69,0.460,2026-09-04,2026-09-13,"−45%, prima 1,29. Solo con la tessera SpesAmica Payback."
carriper04,Carrefour Iper,Birra,Birra Cristalli di Sale – Messina,990 ml (3 × 330 ml),0.99,al litro,2.99,3.020,2026-09-04,2026-09-13,"−25%, prima 3,99. Solo con la tessera SpesAmica Payback."
carriper04,Carrefour Iper,Birra,Birra Metodo Lento – Ichnusa,500 ml,0.5,al litro,1.09,2.180,2026-09-04,2026-09-13,"−31%, prima 1,59. Solo con la tessera SpesAmica Payback."
carriper04,Carrefour Iper,Birra,Birra Pilsener in lattina – Edelmeister,500 ml,0.5,al litro,0.59,1.180,2026-09-04,2026-09-13,"Il volantino stampa 1,18 al litro."
carriper04,Carrefour Iper,Birra,Birra – Moretti,660 ml,0.66,al litro,0.79,1.197,2026-09-04,2026-09-13,"Sottocosto −37%, prima 1,26."
carriper04,Carrefour Iper,Birra,Birra – Peroni,"1,98 litri (6 × 330 ml)",1.98,al litro,3.99,2.015,2026-09-04,2026-09-13,"−31%, prima 5,79. Solo con la tessera SpesAmica Payback."
carriper04,Carrefour Iper,Biscotti,Biscotti Atene – Doria,500 g,0.5,al kg,0.99,1.980,2026-09-04,2026-09-13,"−40% con la tessera SpesAmica Payback, prima 1,65."
carriper04,Carrefour Iper,Biscotti,Biscotti Ricchi – Mulino Bianco,700 g,0.7,al kg,1.99,2.843,2026-09-04,2026-09-13,"Sottocosto −50%, prima 3,99. Il volantino stampa 2,85 al kg."
carriper04,Carrefour Iper,Biscotti,Biscotti Zuppalatte o Oswego – Colussi,1 kg (4 × 250 g),1,al kg,2.39,2.390,2026-09-04,2026-09-13,"−50%, prima 4,79. Solo con la tessera SpesAmica Payback."
carriper04,Carrefour Iper,Biscotti,Biscotto – Plasmon,720 g,0.72,al kg,4.99,6.931,2026-09-04,2026-09-13,"−33%, prima 7,46. Solo con la tessera SpesAmica Payback."
carriper04,Carrefour Iper,Biscotti,Fisarmoniche al cioccolato – Mulino Bianco,296 g,0.296,al kg,2.19,7.399,2026-09-04,2026-09-13,"−30%, prima 3,14. Solo con la tessera SpesAmica Payback."
carriper04,Carrefour Iper,Biscotti,Frollini gusti assortiti – Colussi,273 g,0.273,al kg,1.19,4.359,2026-09-04,2026-09-13,"−40% con la tessera SpesAmica Payback, prima 1,99."
carriper04,Carrefour Iper,Biscotti,Grisbì gusti assortiti,135 g,0.135,al kg,0.99,7.333,2026-09-04,2026-09-13,"Sottocosto −55%, prima 2,20. Solo con la tessera SpesAmica Payback."
carriper04,Carrefour Iper,Biscotti,Nutella Biscuits,304 g,0.304,al kg,2.69,8.849,2026-09-04,2026-09-13,"−22% con la tessera SpesAmica Payback, prima 3,46."
carriper04,Carrefour Iper,Biscotti,Oreo,220 g,0.22,al kg,1.29,5.864,2026-09-04,2026-09-13,"−30%, prima 1,85. Solo con la tessera SpesAmica Payback."
carriper04,Carrefour Iper,Biscotti,Oro Ciok – Saiwa,250 g,0.25,al kg,1.99,7.960,2026-09-04,2026-09-13,"−35%, prima 3,07. Solo con la tessera SpesAmica Payback."
carriper04,Carrefour Iper,Biscotti,Plumcake Classico – Mulino Bianco,330 g,0.33,al kg,1.39,4.212,2026-09-04,2026-09-13,"−30%, prima 1,99."
carriper04,Carrefour Iper,Biscotti,Wafer gusti assortiti – Loacker,450 g (10 pezzi),0.45,al kg,3.79,8.422,2026-09-04,2026-09-13,"−45%, prima 6,90. Solo con la tessera SpesAmica Payback."
carriper04,Carrefour Iper,Burro,Burro – Valtellina Latteria di Chiuro,250 g,0.25,al kg,2.99,11.960,2026-09-04,2026-09-13,"Il volantino stampa 11,96 al kg."
carriper04,Carrefour Iper,Caffè,Caffè macinato Crema e Gusto – Lavazza,1 kg (4 × 250 g),1,al kg,10.79,10.790,2026-09-04,2026-09-13,"Sottocosto −44%, prima 19,28."
carriper04,Carrefour Iper,Caffè,Caffè macinato Tradizionale – Pellini,500 g,0.5,al kg,6.59,13.180,2026-09-04,2026-09-13,"−25%, prima 8,79. Solo con la tessera SpesAmica Payback."
carriper04,Carrefour Iper,Caffè,Capsule A Modo Mio – Borbone,599 g (70 capsule),0.599,al kg,13.49,22.521,2026-09-04,2026-09-13,"−45%, prima 24,54. Solo con la tessera SpesAmica Payback. Sono capsule: il volantino stampa 0,19 a capsula."
carriper04,Carrefour Iper,Caffè,Capsule Nespresso Crema e Gusto – Lavazza,440 g (80 capsule),0.44,al kg,15.90,36.136,2026-09-04,2026-09-13,"Sottocosto −42%, prima 27,42. Sono capsule: al chilo costano molto piu del macinato."
carriper04,Carrefour Iper,Calamari,Anelli di totano decongelati,al kg,1,al kg,8.90,8.900,2026-09-04,2026-09-13,"−31%, prima 12,90."
carriper04,Carrefour Iper,Carta igienica,Carta igienica Sensation Extra – Regina,4 rotoli,4,al rotolo,1.99,0.497,2026-09-04,2026-09-13,"−42%, prima 3,49."
carriper04,Carrefour Iper,Carta igienica,Carta igienica – Scottonelle,24 rotoli,24,al rotolo,6.99,0.291,2026-09-04,2026-09-13,"Sottocosto −53%, prima 14,89."
carriper04,Carrefour Iper,Cereali,Coco Pops Barchette – Kellogg's,580 g,0.58,al kg,2.89,4.983,2026-09-04,2026-09-13,"−58%, prima 6,89. Il volantino stampa 4,99 al kg."
carriper04,Carrefour Iper,Cereali,Fibre Plus All-Bran – Kellogg's,500 g,0.5,al kg,2.69,5.380,2026-09-04,2026-09-13,"−25%, prima 3,59. Solo con la tessera SpesAmica Payback."
carriper04,Carrefour Iper,Cereali,Porridge semi di girasole al miele – Colfiorito,300 g,0.3,al kg,3.59,11.967,2026-09-04,2026-09-13,"−20%, prima 4,49."
carriper04,Carrefour Iper,Cioccolato,Kit Kat Trio – Nestlè,125 g,0.125,al kg,1.99,15.920,2026-09-04,2026-09-13,"−40%, prima 3,33. Solo con la tessera SpesAmica Payback."
carriper04,Carrefour Iper,Cioccolato,Nutella – Ferrero,950 g,0.95,al kg,6.89,7.253,2026-09-04,2026-09-13,Crema da spalmare. Il barattolo grande.
carriper04,Carrefour Iper,Cioccolato,Tavolette Excellence 85% cacao – Lindt,100 g,0.1,al kg,2.89,28.900,2026-09-04,2026-09-13,"−20%, prima 3,62. Solo con la tessera SpesAmica Payback."
carriper04,Carrefour Iper,Cioccolato,Tavolette gusti assortiti – Milka,250 g,0.25,al kg,3.95,15.800,2026-09-04,2026-09-13,
carriper04,Carrefour Iper,Collutorio,Collutorio Denti e Gengive – Listerine,1 litro (2 × 500 ml),1,al litro,4.99,4.990,2026-09-04,2026-09-13,"−58%, prima 11,89. È collutorio, non dentifricio. Solo con la tessera SpesAmica Payback."
carriper04,Carrefour Iper,Conserve,Funghetti interi – Polli,190 g,0.19,al kg,1.95,10.263,2026-09-04,2026-09-13,"−35%, prima 3,16. Solo con la tessera SpesAmica Payback."
carriper04,Carrefour Iper,Conserve,Mais – Bonduelle,420 g (3 × 140 g),0.42,al kg,1.99,4.738,2026-09-04,2026-09-13,"−45%, prima 3,62. Solo con la tessera SpesAmica Payback."
carriper04,Carrefour Iper,Dentifricio,Dentifricio Microgranuli – Mentadent,225 ml (3 × 75 ml),0.225,al litro,4.49,19.956,2026-09-04,2026-09-13,"−39%, prima 7,37. Solo con la tessera SpesAmica Payback."
carriper04,Carrefour Iper,Formaggio,Asiago Sette Malghe DOP al banco,al kg,1,al kg,12.90,12.900,2026-09-04,2026-09-13,"−35%, prima 1,99 all'etto. Al banco, 1,29 all'etto."
carriper04,Carrefour Iper,Formaggio,Camoscio d'Oro,200 g,0.2,al kg,2.59,12.950,2026-09-04,2026-09-13,"−21%, prima 3,29. Solo con la tessera SpesAmica Payback."
carriper04,Carrefour Iper,Formaggio,Emmental Grand Pavois al banco,al kg,1,al kg,12.90,12.900,2026-09-04,2026-09-13,"−26%, prima 1,75 all'etto. Al banco, 1,29 all'etto."
carriper04,Carrefour Iper,Formaggio,Feta DOP – Zorbas,200 g,0.2,al kg,2.79,13.950,2026-09-04,2026-09-13,"−24%, prima 3,69."
carriper04,Carrefour Iper,Formaggio,Formaggio Pistacchiotto al banco,al kg,1,al kg,14.90,14.900,2026-09-04,2026-09-13,"−23%, prima 1,95 all'etto. Al banco, 1,49 all'etto. Speciale Sicilia."
carriper04,Carrefour Iper,Formaggio,Pecorino Siciliano DOP al banco,al kg,1,al kg,21.90,21.900,2026-09-04,2026-09-13,"−24%, prima 2,89 all'etto. Al banco, 2,19 all'etto. Speciale Sicilia."
carriper04,Carrefour Iper,Formaggio,Provolone dolce al banco,al kg,1,al kg,9.90,9.900,2026-09-04,2026-09-13,"−28%, prima 1,39 all'etto. Al banco, 0,99 all'etto."
carriper04,Carrefour Iper,Formaggio,Stracchino – Nonno Nanni,200 g,0.2,al kg,1.99,9.950,2026-09-04,2026-09-13,"−37%, prima 3,16. Solo con la tessera SpesAmica Payback."
carriper04,Carrefour Iper,Formaggio,Stracciatella fresca al banco,al kg,1,al kg,9.90,9.900,2026-09-04,2026-09-13,"−49%, prima 1,95 all'etto. Al banco, 0,99 all'etto."
carriper04,Carrefour Iper,Formaggio,Tomino del Boscaiolo – Terre d'Italia,180 g,0.18,al kg,1.99,11.056,2026-09-04,2026-09-13,"−23%, prima 2,59. Solo con la tessera SpesAmica Payback."
carriper04,Carrefour Iper,Frutta,Banane sfuse – Chiquita,al kg,1,al kg,1.49,1.490,2026-09-04,2026-09-13,"−25%, prima 1,99."
carriper04,Carrefour Iper,Frutta,Fichi d'India,800 g,0.8,al kg,2.79,3.487,2026-09-04,2026-09-13,"Il volantino stampa 3,49 al kg. Speciale Sicilia."
carriper04,Carrefour Iper,Frutta,"Uva bianca senza semi, sfusa",al kg,1,al kg,2.99,2.990,2026-09-04,2026-09-13,"−20%, prima 3,74. Prodotta in Italia."
carriper04,Carrefour Iper,Gamberi,Gamberi argentini decongelati,al kg,1,al kg,16.90,16.900,2026-09-04,2026-09-13,"−26%, prima 22,90. Con «Prendi Spendi», da 2 kg in su vanno a 14,90 al kg."
carriper04,Carrefour Iper,Gelato,Barattolino Le Delizie – Sammontana,500 g,0.5,al kg,2.99,5.980,2026-09-04,2026-09-13,"−40%, prima 4,99. Solo con la tessera SpesAmica Payback."
carriper04,Carrefour Iper,Gelato,Barretta gelato Peanut Butter – Snickers,234 g (6 pezzi),0.234,al kg,3.99,17.051,2026-09-04,2026-09-13,"Il volantino stampa 17,06 al kg."
carriper04,Carrefour Iper,Gelato,Coppa del Nonno classica,390 g (6 pezzi),0.39,al kg,3.59,9.205,2026-09-04,2026-09-13,"−28%, prima 4,99. Solo con la tessera SpesAmica Payback."
carriper04,Carrefour Iper,Gelato,Cornetto Soft gusti assortiti – Algida,316 g,0.316,al kg,2.79,8.829,2026-09-04,2026-09-13,"−28%, prima 3,88. Solo con la tessera SpesAmica Payback."
carriper04,Carrefour Iper,Gelato,Cornetto gusti assortiti – Algida,450 g (6 pezzi),0.45,al kg,4.29,9.533,2026-09-04,2026-09-13,"−28%, prima 5,96. Solo con la tessera SpesAmica Payback."
carriper04,Carrefour Iper,Gelato,Cremino o Fior di Fragola – Algida,336 g (8 pezzi),0.336,al kg,3.69,10.982,2026-09-04,2026-09-13,"−26%, prima 4,99. Solo con la tessera SpesAmica Payback."
carriper04,Carrefour Iper,Gelato,Cucciolone – Algida,480 g (6 pezzi),0.48,al kg,3.99,8.312,2026-09-04,2026-09-13,"−23%, prima 5,19. Solo con la tessera SpesAmica Payback."
carriper04,Carrefour Iper,Gelato,Gelato gusti assortiti – Haagen-Dazs,400 g,0.4,al kg,3.49,8.725,2026-09-04,2026-09-13,"−48%, prima 6,73. Solo con la tessera SpesAmica Payback."
carriper04,Carrefour Iper,Gelato,Gelato gusti assortiti – Terre d'Italia,300 g,0.3,al kg,3.19,10.633,2026-09-04,2026-09-13,"−20%, prima 3,99. Solo con la tessera SpesAmica Payback."
carriper04,Carrefour Iper,Gelato,Ghiaccioli gusti assortiti,"3,5 kg (50 pezzi)",3.5,al kg,4.99,1.426,2026-09-04,2026-09-13,"−28%, prima 6,94. Solo con la tessera SpesAmica Payback. Sono ghiaccioli d'acqua, non gelato di crema."
carriper04,Carrefour Iper,Gelato,La Gelateria gusti assortiti – Carte D'Or,1 kg,1,al kg,3.99,3.990,2026-09-04,2026-09-13,"−42%, prima 6,89. Solo con la tessera SpesAmica Payback."
carriper04,Carrefour Iper,Gelato,Linea stecchi gusti assortiti – Magnum,300 g (4 pezzi),0.3,al kg,3.39,11.300,2026-09-04,2026-09-13,"−36%, prima 5,31. Solo con la tessera SpesAmica Payback."
carriper04,Carrefour Iper,Gelato,Magnum Pot gusti assortiti,310 g,0.31,al kg,3.49,11.258,2026-09-04,2026-09-13,"−30%, prima 4,99. Solo con la tessera SpesAmica Payback."
carriper04,Carrefour Iper,Gelato,Maxibon Mini,306 g (6 pezzi),0.306,al kg,2.99,9.771,2026-09-04,2026-09-13,"−40%, prima 4,99. Solo con la tessera SpesAmica Payback."
carriper04,Carrefour Iper,Gelato,Mini stecchi Gruvi – Sammontana,225 g,0.225,al kg,3.49,15.511,2026-09-04,2026-09-13,"−38%, prima 5,64. Solo con la tessera SpesAmica Payback."
carriper04,Carrefour Iper,Gelato,Nutella Ice Cream – Ferrero,230 g,0.23,al kg,3.49,15.174,2026-09-04,2026-09-13,"−30%, prima 4,99."
carriper04,Carrefour Iper,Gelato,Soft & Crunchy – Carte D'Or,373 g,0.373,al kg,3.49,9.357,2026-09-04,2026-09-13,"−30%, prima 4,99. Solo con la tessera SpesAmica Payback."
carriper04,Carrefour Iper,Gelato,Stecco Plasmon – Sammontana,188 g (4 pezzi),0.188,al kg,3.35,17.819,2026-09-04,2026-09-13,"−30%, prima 4,79. Solo con la tessera SpesAmica Payback."
carriper04,Carrefour Iper,Grana,Grana Padano DOP – GranTerre,800 g,0.8,al kg,7.90,9.875,2026-09-04,2026-09-13,"Sottocosto −50%, prima 15,90. Il volantino stampa 9,88 al kg."
carriper04,Carrefour Iper,Grana,Parmigiano Reggiano grattugiato fresco – Parmareggio,60 g,0.06,al kg,1.25,20.833,2026-09-04,2026-09-13,"−35%, prima 1,95. Il volantino stampa 20,84 al kg."
carriper04,Carrefour Iper,Insalata,Insalata Baby Iceberg – Vertical Farms,"80 g, almeno 2 buste",0.08,al kg,1.29,16.125,2026-09-04,2026-09-13,"«Prendi Spendi»: 1,29 comprandone due o più, se no 1,59. Prima 1,99."
carriper04,Carrefour Iper,Latte,Valigetta latte parzialmente scremato – Parmalat,4 litri (4 × 1 l),4,al litro,2.99,0.748,2026-09-04,2026-09-13,"Sottocosto −41%, prima 5,15. Il volantino stampa 0,75 al litro."
carriper04,Carrefour Iper,Lavastoviglie,Gel lavastoviglie Duo Gel – Pril,"3 flaconi, 1,62 l, fino a 90 lavaggi",90,a lavaggio,8.99,0.100,2026-09-04,2026-09-13,"Sottocosto −55%, prima 19,99. Il conto e sui 90 lavaggi dichiarati sulla confezione."
carriper04,Carrefour Iper,Lavastoviglie,Pastiglie lavastoviglie Ultimate Plus – Finish,"793 g, 65 pastiglie",65,a lavaggio,11.39,0.175,2026-09-04,2026-09-13,"Sottocosto −43%, prima 19,99."
carriper04,Carrefour Iper,Lavatrice,Detersivo lavatrice Pods – Dash,"905 g, 50 capsule",50,a lavaggio,11.99,0.240,2026-09-04,2026-09-13,"Sottocosto −40%, prima 19,99."
carriper04,Carrefour Iper,Lavatrice,Detersivo lavatrice in polvere Classico – Dixan,"6,16 kg, 112 lavaggi",112,a lavaggio,14.99,0.134,2026-09-04,2026-09-13,"Sottocosto −38%, prima 24,19."
carriper04,Carrefour Iper,Lavatrice,Detersivo liquido lavatrice Muschio Bianco – Chanteclair,"2,07 l, 46 lavaggi",46,a lavaggio,3.99,0.087,2026-09-04,2026-09-13,"−44%, prima 7,14."
carriper04,Carrefour Iper,Lavatrice,Detersivo liquido lavatrice – Dash,"3 flaconi, 2,295 l, 51 lavaggi",51,a lavaggio,6.99,0.137,2026-09-04,2026-09-13,"Sottocosto −65%, prima 19,99. Il volantino stampa 0,14 a misurino."
carriper04,Carrefour Iper,Legumi,Ceci italiani – Valfrutta,720 g (3 × 240 g),0.72,al kg,1.95,2.708,2026-09-04,2026-09-13,"−35%, prima 3,00. Solo con la tessera SpesAmica Payback. E il peso col liquido di governo."
carriper04,Carrefour Iper,Manzo,Fettine di bovino adulto,"al kg, almeno 1 kg",1,al kg,12.99,12.990,2026-09-04,2026-09-13,"«Prendi Spendi»: 12,99 al kg da 1 kg in su. Sotto il chilo 14,99. Prima 19,99."
carriper04,Carrefour Iper,Marmellata,Confettura Zero Residui – Zuegg,230 g,0.23,al kg,2.49,10.826,2026-09-04,2026-09-13,"−22% con la tessera SpesAmica Payback, prima 3,20."
carriper04,Carrefour Iper,Marmellata,Confettura ai frutti di bosco senza zuccheri aggiunti,220 g,0.22,al kg,1.49,6.773,2026-09-04,2026-09-13,"−21%, prima 1,89. Solo con la tessera SpesAmica Payback."
carriper04,Carrefour Iper,Marmellata,Confetture gusti assortiti – Terre d'Italia,340 g,0.34,al kg,2.69,7.912,2026-09-04,2026-09-13,"−21% con la tessera SpesAmica Payback, prima 3,41."
carriper04,Carrefour Iper,Merendine,Barrette Crunchy avena e miele – Nature Valley,210 g,0.21,al kg,1.49,7.095,2026-09-04,2026-09-13,"−50%, prima 2,99. Solo con la tessera SpesAmica Payback."
carriper04,Carrefour Iper,Merendine,Colazione Piu – Kinder,290 g,0.29,al kg,2.19,7.552,2026-09-04,2026-09-13,"Sottocosto −24%, prima 2,89."
carriper04,Carrefour Iper,Merendine,Cornetto Rodrigo Moro – Tre Marie,342 g (6 pezzi),0.342,al kg,3.51,10.263,2026-09-04,2026-09-13,"−21%, prima 4,45. Solo con la tessera SpesAmica Payback. Surgelato."
carriper04,Carrefour Iper,Merendine,Croissant all'albicocca al banco,80 g,0.08,al kg,0.79,9.875,2026-09-04,2026-09-13,"−38%, prima 1,29. Il volantino stampa 9,87 al kg."
carriper04,Carrefour Iper,Merendine,Croissant classico – Bauli,240 g,0.24,al kg,0.99,4.125,2026-09-04,2026-09-13,"−45%, prima 1,81. Solo con la tessera SpesAmica Payback."
carriper04,Carrefour Iper,Merendine,Croissant farciti classici – Bauli,300 g,0.3,al kg,1.19,3.967,2026-09-04,2026-09-13,"Sottocosto −43%, prima 2,09."
carriper04,Carrefour Iper,Merendine,Croissant integrale ai frutti di bosco al banco,"90 g, almeno 2 pezzi",0.09,al kg,0.69,7.667,2026-09-04,2026-09-13,"«Prendi Spendi»: 0,69 al pezzo da 2 pezzi in su. Uno solo 0,99, cioe 11,00 al kg."
carriper04,Carrefour Iper,Merendine,Muffin gusti assortiti – Mr.Day,300 g (6 pezzi),0.3,al kg,1.69,5.633,2026-09-04,2026-09-13,"−45%, prima 3,09. Solo con la tessera SpesAmica Payback."
carriper04,Carrefour Iper,Merendine,Nutella B-Ready,220 g (10 pezzi),0.22,al kg,2.99,13.591,2026-09-04,2026-09-13,"−23%, prima 3,89. Solo con la tessera SpesAmica Payback."
carriper04,Carrefour Iper,Merendine,Nutella Muffin,264 g (4 pezzi),0.264,al kg,3.19,12.083,2026-09-04,2026-09-13,"−29%, prima 4,50. Solo con la tessera SpesAmica Payback. Surgelati."
carriper04,Carrefour Iper,Merendine,Pancakes – Pasquier,280 g,0.28,al kg,1.09,3.893,2026-09-04,2026-09-13,"−50%, prima 2,19. Solo con la tessera SpesAmica Payback."
carriper04,Carrefour Iper,Merendine,Panini con gocce di cioccolato,252 g,0.252,al kg,0.99,3.929,2026-09-04,2026-09-13,"−37%, prima 1,58. Solo con la tessera SpesAmica Payback."
carriper04,Carrefour Iper,Merendine,Torta al limone – Mulino Bianco,640 g,0.64,al kg,4.19,6.547,2026-09-04,2026-09-13,"−30%, prima 5,99. Solo con la tessera SpesAmica Payback."
carriper04,Carrefour Iper,Merluzzo,Cuori di filetti di nasello del Pacifico – Frosta,300 g,0.3,al kg,4.49,14.967,2026-09-04,2026-09-13,"−34%, prima 6,81. Solo con la tessera SpesAmica Payback. Il volantino stampa 14,97 al kg."
carriper04,Carrefour Iper,Merluzzo,Polpette di pesce merluzzo dalla Norvegia – Frosta,240 g,0.24,al kg,3.99,16.625,2026-09-04,2026-09-13,"Surgelate. −20%, prima 4,99. Solo con la tessera SpesAmica Payback."
carriper04,Carrefour Iper,Miele,Miele millefiori,500 g,0.5,al kg,4.39,8.780,2026-09-04,2026-09-13,"−20%, prima 5,49. Solo con la tessera SpesAmica Payback."
carriper04,Carrefour Iper,Mortadella,Mortadella con pistacchio – Terre d'Italia,al kg (al banco),1,al kg,13.90,13.900,2026-09-04,2026-09-13,"−20%, prima 1,75 all'etto. Al banco, 1,39 all'etto."
carriper04,Carrefour Iper,Mozzarella,Mozzarella Tris – LaTTellina Latteria di Chiuro,300 g (3 × 100 g),0.3,al kg,2.79,9.300,2026-09-04,2026-09-13,"Il volantino stampa 9,30 al kg."
carriper04,Carrefour Iper,Mozzarella,Mozzarella di bufala campana DOP – Francia,300 g (3 × 100 g),0.3,al kg,2.79,9.300,2026-09-04,2026-09-13,"−40%, prima 4,69."
carriper04,Carrefour Iper,Mozzarella,Mozzarella fior di latte – Mastro Archimede,"al kg, almeno 600 g",1,al kg,7.90,7.900,2026-09-04,2026-09-13,"«Prendi Spendi»: 7,90 al kg da 600 g in su. Sotto i 600 g 9,90. Prima 14,50."
carriper04,Carrefour Iper,Mozzarella,Mozzarella fior di latte – Sabelli,375 g (3 × 125 g),0.375,al kg,1.89,5.040,2026-09-04,2026-09-13,"Sottocosto −52%, prima 3,95."
carriper04,Carrefour Iper,Olio d'oliva,Olio di oliva in lattina – Sasso,1 litro,1,al litro,5.69,5.690,2026-09-04,2026-09-13,"−35%, prima 8,76. Solo con la tessera SpesAmica Payback. E olio di oliva, NON extravergine: non si confronta alla pari con gli altri."
carriper04,Carrefour Iper,Olio d'oliva,Olio extravergine di oliva Fruttato Leggero – Levante,1 litro,1,al litro,5.79,5.790,2026-09-04,2026-09-13,"−50%, prima 11,58. Solo con la tessera SpesAmica Payback. 100% italiano."
carriper04,Carrefour Iper,Olio d'oliva,Olio extravergine di oliva Il Grezzo non filtrato – Costa d'Oro,1 litro,1,al litro,7.49,7.490,2026-09-04,2026-09-13,"−45%, prima 13,62. Solo con la tessera SpesAmica Payback. 100% italiano."
carriper04,Carrefour Iper,Olio d'oliva,Olio extravergine di oliva Terre Antiche – Dante,1 litro,1,al litro,3.89,3.890,2026-09-04,2026-09-13,"Sottocosto −57%, prima 9,05."
carriper04,Carrefour Iper,Olio d'oliva,Olio extravergine di oliva – Pietre Brune,1 litro,1,al litro,9.99,9.990,2026-09-04,2026-09-13,"−42%, prima 17,23. Solo con la tessera SpesAmica Payback."
carriper04,Carrefour Iper,Panati,Bastoncini di merluzzo 30 pezzi – Ocean Catch,900 g,0.9,al kg,2.99,3.322,2026-09-04,2026-09-13,"−33%, prima 4,47. Solo con la tessera SpesAmica Payback. Il volantino stampa 3,33 al kg."
carriper04,Carrefour Iper,Pancetta,Cubetti di pancetta dolce o affumicata – Beretta,150 g,0.15,al kg,1.99,13.267,2026-09-04,2026-09-13,"−44%, prima 3,56. Solo con la tessera SpesAmica Payback."
carriper04,Carrefour Iper,Pancetta,Guanciale – Citterio,80 g,0.08,al kg,1.99,24.875,2026-09-04,2026-09-13,"−31%, prima 2,89. Solo con la tessera SpesAmica Payback."
carriper04,Carrefour Iper,Pane,Gallette Bio mais o riso – Carrefour Bio,120 g,0.12,al kg,0.79,6.583,2026-09-04,2026-09-13,"−20%, prima 0,99. Solo con la tessera SpesAmica Payback."
carriper04,Carrefour Iper,Pane,Pan Bauletto Bianco – Mulino Bianco,400 g,0.4,al kg,0.85,2.125,2026-09-04,2026-09-13,"−22%, prima 1,09. Solo con la tessera SpesAmica Payback."
carriper04,Carrefour Iper,Pane,Panini al latte classici o con gocce di cioccolato,280 g (8 pezzi),0.28,al kg,2.69,9.607,2026-09-04,2026-09-13,"−20%, prima 3,37. Il volantino stampa 9,61 al kg."
carriper04,Carrefour Iper,Pane,Piadelle Toast – Mulino Bianco,240 g,0.24,al kg,1.49,6.208,2026-09-04,2026-09-13,"−32%, prima 2,20. Solo con la tessera SpesAmica Payback."
carriper04,Carrefour Iper,Pane,Piadina romagnola IGP – Riccione,"1,2 kg (10 pezzi)",1.2,al kg,4.79,3.992,2026-09-04,2026-09-13,"−50%, prima 9,59. Il volantino stampa 4,00 al kg."
carriper04,Carrefour Iper,Pasta,Pasta di semola Al Bronzo – Barilla,500 g,0.5,al kg,0.79,1.580,2026-09-04,2026-09-13,"−38%, prima 1,29. Solo con la tessera SpesAmica Payback."
carriper04,Carrefour Iper,Pasta,Pasta di semola di grano duro – Barilla,1 kg,1,al kg,0.79,0.790,2026-09-04,2026-09-13,"Sottocosto −57%, prima 1,85."
carriper04,Carrefour Iper,Pasta,Pasta di semola integrale – Rummo,500 g,0.5,al kg,0.99,1.980,2026-09-04,2026-09-13,"−45%, prima 1,80. Solo con la tessera SpesAmica Payback."
carriper04,Carrefour Iper,Pasta,Pasta fresca all'uovo – Maffei,250 g,0.25,al kg,0.99,3.960,2026-09-04,2026-09-13,"−33%, prima 1,49. Solo con la tessera SpesAmica Payback."
carriper04,Carrefour Iper,Pasta,Pasta fresca ripiena Antiche Storie – Pastificio Orobico,250 g,0.25,al kg,2.79,11.160,2026-09-04,2026-09-13,"Il volantino stampa 11,16 al kg."
carriper04,Carrefour Iper,Pasta,Pasta ripiena Antica Bottega – Fini,250 g,0.25,al kg,1.99,7.960,2026-09-04,2026-09-13,"−42%, prima 3,44. Solo con la tessera SpesAmica Payback."
carriper04,Carrefour Iper,Pasta,Pizzoccheri della Valtellina IGP – Pastificio Moro,500 g,0.5,al kg,1.59,3.180,2026-09-04,2026-09-13,"Il volantino stampa 3,18 al kg."
carriper04,Carrefour Iper,Patate,Patasnella Stick – Pizzoli,1 kg,1,al kg,2.29,2.290,2026-09-04,2026-09-13,"−30%, prima 3,28. Solo con la tessera SpesAmica Payback."
carriper04,Carrefour Iper,Patate,Patate,2 kg,2,al kg,1.78,0.890,2026-09-04,2026-09-13,"−30%. Il volantino stampa 0,89 al kg. Prodotte in Italia."
carriper04,Carrefour Iper,Patate,Patate Forno Country – McCain,650 g,0.65,al kg,1.99,3.062,2026-09-04,2026-09-13,"Surgelate. −35%, prima 3,07. Solo con la tessera SpesAmica Payback."
carriper04,Carrefour Iper,Pesce,Alaccia pescata in Italia,al kg,1,al kg,2.90,2.900,2026-09-04,2026-09-13,"−40%, prima 4,90. È pesce azzurro, piccolo e da friggere."
carriper04,Carrefour Iper,Pesce,Cefalo pescato in Italia,al kg,1,al kg,3.90,3.900,2026-09-04,2026-09-13,"−20%, prima 4,90."
carriper04,Carrefour Iper,Pesce,Orata,al kg,1,al kg,8.90,8.900,2026-09-04,2026-09-13,"−35%, prima 13,90."
carriper04,Carrefour Iper,Pesce,Pesce spada in trance – Pescanova,500 g,0.5,al kg,7.99,15.980,2026-09-04,2026-09-13,"−31%, prima 11,58. Solo con la tessera SpesAmica Payback. Il volantino stampa 15,98 al kg."
carriper04,Carrefour Iper,Pesce,Sgombro grigliato,120 g,0.12,al kg,3.99,33.250,2026-09-04,2026-09-13,"−20%, prima 4,99. È già cotto. Il volantino stampa 33,25 al kg."
carriper04,Carrefour Iper,Pesce,Trota iridea salmonata allevata nelle Marche e in Umbria,al kg,1,al kg,7.90,7.900,2026-09-04,2026-09-13,"−20%, prima 9,90."
carriper04,Carrefour Iper,Pizza,Pizza Bella Napoli farcite gusti assortiti – Buitoni,375 g,0.375,al kg,2.49,6.640,2026-09-04,2026-09-13,"−28%, prima 3,47. Solo con la tessera SpesAmica Payback."
carriper04,Carrefour Iper,Pizza,Pizza margherita 26x38 Gran Pacco – Italpizza,970 g (2 pezzi),0.97,al kg,4.75,4.897,2026-09-04,2026-09-13,"Sottocosto −52%, prima 9,91. Il volantino stampa 4,90 al kg."
carriper04,Carrefour Iper,Pollo,Filettini di pollo,"al kg, almeno 3 kg",1,al kg,7.99,7.990,2026-09-04,2026-09-13,"«Prendi Spendi»: 7,99 al kg da 3 kg in su. Sotto i 3 kg 9,99. Prima 16,49."
carriper04,Carrefour Iper,Pollo,Linea Bon Roll – Aia,680 g,0.68,al kg,6.89,10.132,2026-09-04,2026-09-13,"−40%, prima 11,59. Il volantino stampa 10,14 al kg."
carriper04,Carrefour Iper,Pollo,Quarto posteriore di pollo – Aia,al kg,1,al kg,4.73,4.730,2026-09-04,2026-09-13,"−25%, prima 6,31."
carriper04,Carrefour Iper,Preparati,4 hamburger classici – 1934,400 g,0.4,al kg,4.59,11.475,2026-09-04,2026-09-13,"Surgelati. −23%, prima 5,97. Solo con la tessera SpesAmica Payback."
carriper04,Carrefour Iper,Preparati,Kebab di pollo – Aia,300 g,0.3,al kg,4.99,16.633,2026-09-04,2026-09-13,"−21%, prima 6,39. Il volantino stampa 16,64 al kg."
carriper04,Carrefour Iper,Prosciutto,Prosciutto cotto Bi-Pack – Beretta,200 g,0.2,al kg,2.49,12.450,2026-09-04,2026-09-13,"Sottocosto −63%, prima 6,73. Il volantino stampa 12,45 al kg."
carriper04,Carrefour Iper,Prosciutto,Prosciutto cotto alta qualita al banco,al kg,1,al kg,13.90,13.900,2026-09-04,2026-09-13,"−20%, prima 1,75 all'etto. Al banco, 1,39 all'etto."
carriper04,Carrefour Iper,Prosciutto,Prosciutto di San Daniele DOP a fette al banco,"al kg, almeno 3 etti",1,al kg,26.90,26.900,2026-09-04,2026-09-13,"«Prendi Spendi»: 26,90 al kg da 3 etti in su. Sotto i 3 etti 28,90. Prima 38,90."
carriper04,Carrefour Iper,Prosciutto,Prosciutto di San Daniele DOP – Terre d'Italia,100 g,0.1,al kg,5.19,51.900,2026-09-04,2026-09-13,"−20%, prima 6,49. Solo con la tessera SpesAmica Payback."
carriper04,Carrefour Iper,Prosciutto,Sticks di speck IGP – Handl,70 g (2 × 35 g),0.07,al kg,1.99,28.429,2026-09-04,2026-09-13,"−25%, prima 2,66. Solo con la tessera SpesAmica Payback. E speck, non prosciutto crudo."
carriper04,Carrefour Iper,Ricotta,Ricotta al forno al limone al banco,al kg,1,al kg,12.90,12.900,2026-09-04,2026-09-13,"−23%, prima 1,69 all'etto. Al banco, 1,29 all'etto. Speciale Sicilia."
carriper04,Carrefour Iper,Ricotta,Ricottine – Santa Lucia,180 g (2 × 90 g),0.18,al kg,0.99,5.500,2026-09-04,2026-09-13,"−33%, prima 1,49. Solo con la tessera SpesAmica Payback."
carriper04,Carrefour Iper,Riso,Riso Classico – Riso Flora,1 kg,1,al kg,1.99,1.990,2026-09-04,2026-09-13,"−45%, prima 3,62. Solo con la tessera SpesAmica Payback."
carriper04,Carrefour Iper,Riso,Riso Roma El ris de Milan,2 kg,2,al kg,4.49,2.245,2026-09-04,2026-09-13,"Il volantino stampa 2,25 al kg."
carriper04,Carrefour Iper,Salame,Salame Milano al banco,al kg,1,al kg,16.90,16.900,2026-09-04,2026-09-13,"−30%, prima 2,43 all'etto. Al banco, 1,69 all'etto."
carriper04,Carrefour Iper,Salame,Salame Negronetto – Negroni,220 g,0.22,al kg,3.99,18.136,2026-09-04,2026-09-13,"−30%, prima 5,70. Solo con la tessera SpesAmica Payback."
carriper04,Carrefour Iper,Salame,Salame Strolghino al banco,al kg,1,al kg,19.90,19.900,2026-09-04,2026-09-13,"−26%, prima 2,69 all'etto. Al banco, 1,99 all'etto."
carriper04,Carrefour Iper,Salmone,Saku di salmone – Gimar,140 g,0.14,al kg,7.90,56.429,2026-09-04,2026-09-13,"−20%, prima 9,90. Per sushi e sashimi. Il volantino stampa 56,43 al kg."
carriper04,Carrefour Iper,Salmone,Salmone argentato Coho Patagonia – The Icelander,100 g,0.1,al kg,2.99,29.900,2026-09-04,2026-09-13,"−40%, prima 4,99. Il volantino stampa 29,90 al kg."
carriper04,Carrefour Iper,Salmone affumicato,Salmone affumicato Essential – Mowi,50 g,0.05,al kg,1.99,39.800,2026-09-04,2026-09-13,"Sottocosto −50%, prima 3,98. Il volantino stampa 39,80 al kg."
carriper04,Carrefour Iper,Salmone affumicato,Salmone affumicato alta qualita fetta lunga – Aquafood,100 g,0.1,al kg,4.39,43.900,2026-09-04,2026-09-13,"−20%, prima 5,49. Il volantino stampa 43,90 al kg."
carriper04,Carrefour Iper,Salsiccia,Salamella di suino – confezione famiglia,al kg,1,al kg,7.99,7.990,2026-09-04,2026-09-13,"−20%, prima 9,99."
carriper04,Carrefour Iper,Shampoo,Shampoo Aloe Vera – Fructis,250 ml,0.25,al litro,1.69,6.760,2026-09-04,2026-09-13,"Sottocosto −43%, prima 2,98."
carriper04,Carrefour Iper,Shampoo,Shampoo assortiti – Clear,225 ml,0.225,al litro,2.29,10.178,2026-09-04,2026-09-13,"−30%, prima 3,28. Solo con la tessera SpesAmica Payback."
carriper04,Carrefour Iper,Shampoo,Shampoo o balsamo Luminous o Keratin – Sunsilk,350 ml,0.35,al litro,3.49,9.971,2026-09-04,2026-09-13,"−31%, prima 5,07. Solo con la tessera SpesAmica Payback. Il volantino dice «da 350 o 400 ml»: il conto e sui 350, il formato meno conveniente."
carriper04,Carrefour Iper,Shampoo,Shampoo o balsamo assortiti – Biopoint,400 ml,0.4,al litro,4.59,11.475,2026-09-04,2026-09-13,"−33%, prima 6,86. Solo con la tessera SpesAmica Payback."
carriper04,Carrefour Iper,Spalmabili,Robiola – Osella,200 g (2 × 100 g),0.2,al kg,1.99,9.950,2026-09-04,2026-09-13,"−30%, prima 2,85. Solo con la tessera SpesAmica Payback."
carriper04,Carrefour Iper,Sughi,Pesto fresco classico o senz'aglio – Biffi,"90 g, almeno 3 pezzi",0.09,al kg,0.79,8.778,2026-09-04,2026-09-13,"«Prendi Spendi»: 0,79 al pezzo da 3 pezzi in su. Uno solo 0,99, cioe 11,00 al kg. Solo con la tessera SpesAmica Payback."
carriper04,Carrefour Iper,Sughi,Sugo pronto per spaghettata di mare – Esca,400 g,0.4,al kg,3.49,8.725,2026-09-04,2026-09-13,"Surgelato. −34%, prima 5,29. Solo con la tessera SpesAmica Payback."
carriper04,Carrefour Iper,Suino,Fettine di coscia di suino,al kg,1,al kg,5.99,5.990,2026-09-04,2026-09-13,"−40%, prima 9,99."
carriper04,Carrefour Iper,Suino,Spezzato di suino,al kg,1,al kg,5.99,5.990,2026-09-04,2026-09-13,"−33%, prima 8,99."
carriper04,Carrefour Iper,Tacchino,Arrosto di tacchino Bipack – Amadori,200 g,0.2,al kg,2.99,14.950,2026-09-04,2026-09-13,"−46%, prima 5,55. Solo con la tessera SpesAmica Payback. E gia cotto, non carne cruda."
carriper04,Carrefour Iper,Tonno,Filetti di tonno all'olio di oliva – Nostromo,180 g,0.18,al kg,2.99,16.611,2026-09-04,2026-09-13,"−38%, prima 4,83. Solo con la tessera SpesAmica Payback."
carriper04,Carrefour Iper,Tonno,Tonno all'olio di oliva – Rio Mare,960 g (12 × 80 g),0.96,al kg,10.45,10.885,2026-09-04,2026-09-13,"Sottocosto −47%, prima 19,73. Confezione grande."
carriper04,Carrefour Iper,Tonno,Tonno in olio di oliva Filo d'olio – Mare Aperto,360 g (6 × 60 g),0.36,al kg,3.99,11.083,2026-09-04,2026-09-13,"Sottocosto −50%, prima 7,99. Solo con la tessera SpesAmica Payback."
carriper04,Carrefour Iper,Tonno,Tonno pinne gialle in olio di girasole – Maruzzella,480 g (6 × 80 g),0.48,al kg,4.99,10.396,2026-09-04,2026-09-13,"−44%, prima 8,92. Solo con la tessera SpesAmica Payback. Confezione grande."
carriper04,Carrefour Iper,Tonno,Trancio di tonno pinne gialle,al kg,1,al kg,17.90,17.900,2026-09-04,2026-09-13,"−30%, prima 25,90. È tonno fresco decongelato al banco, non in scatola."
carriper04,Carrefour Iper,Tonno,Trancio di tonno pinne gialle decongelato,al kg,1,al kg,17.90,17.900,2026-09-04,2026-09-13,"−30%, prima 25,90. È il trancio fresco del banco, non la scatoletta."
carriper04,Carrefour Iper,Verdura,Funghi champignon affettati,300 g,0.3,al kg,1.59,5.300,2026-09-04,2026-09-13,"−30%, prima 2,28. Prodotti in Italia."
carriper04,Carrefour Iper,Verdura,Pomodoro datterino,250 g,0.25,al kg,0.99,3.960,2026-09-04,2026-09-13,"Prodotto in Italia. Il volantino stampa 3,96 al kg."
carriper04,Carrefour Iper,Verdure surgelate,8 tortini ortolano o spinaci – Frosta,240 g,0.24,al kg,1.99,8.292,2026-09-04,2026-09-13,"−25%, prima 2,66. Solo con la tessera SpesAmica Payback. Il volantino stampa 8,30 al kg."
carriper04,Carrefour Iper,Verdure surgelate,Carciofi a spicchi – Orogel,300 g,0.3,al kg,2.39,7.967,2026-09-04,2026-09-13,"−36%, prima 3,74. Solo con la tessera SpesAmica Payback."
carriper04,Carrefour Iper,Verdure surgelate,Carciofi spicchi – Orogel,300 g,0.3,al kg,2.39,7.967,2026-09-04,2026-09-13,"−36%, prima 3,74. Solo con la tessera SpesAmica Payback. Il volantino stampa 7,97 al kg."
carriper04,Carrefour Iper,Verdure surgelate,Contorno Benessere o Leggerezza – Orogel,450 g,0.45,al kg,1.99,4.422,2026-09-04,2026-09-13,"−33%, prima 2,98. Solo con la tessera SpesAmica Payback. Il volantino stampa 4,43 al kg."
carriper04,Carrefour Iper,Verdure surgelate,Fagiolini e patate – Bonduelle,450 g,0.45,al kg,1.45,3.222,2026-09-04,2026-09-13,"−25%, prima 1,94. Solo con la tessera SpesAmica Payback."
carriper04,Carrefour Iper,Verdure surgelate,Funghi porcini a cubetti,300 g,0.3,al kg,3.99,13.300,2026-09-04,2026-09-13,"−20%, prima 4,99. Solo con la tessera SpesAmica Payback."
carriper04,Carrefour Iper,Verdure surgelate,Minestrone Leggerezza – Orogel,750 g,0.75,al kg,1.99,2.653,2026-09-04,2026-09-13,"−37%, prima 3,17. Solo con la tessera SpesAmica Payback. Il volantino stampa 2,66 al kg."
carriper04,Carrefour Iper,Verdure surgelate,Piselli finissimi – La Valle degli Orti,850 g,0.85,al kg,2.99,3.518,2026-09-04,2026-09-13,"−28%, prima 4,16. Solo con la tessera SpesAmica Payback."
carriper04,Carrefour Iper,Verdure surgelate,Spinaci Millefoglie – Bonduelle,750 g,0.75,al kg,1.65,2.200,2026-09-04,2026-09-13,"−50%, prima 3,31. Solo con la tessera SpesAmica Payback. Il volantino stampa 2,20 al kg."
carriper04,Carrefour Iper,Verdure surgelate,Tortini spinaci o ortolano – Frosta,240 g,0.24,al kg,1.99,8.292,2026-09-04,2026-09-13,"−25%, prima 2,66. Solo con la tessera SpesAmica Payback."
carriper04,Carrefour Iper,Vino,Asolo Prosecco Superiore DOCG Extra Dry Millesimato – Dominioni,750 ml,0.75,al litro,4.29,5.720,2026-09-04,2026-09-13,"−46%, prima 7,96. Solo con la tessera SpesAmica Payback."
carriper04,Carrefour Iper,Vino,Bonarda o Barbera Oltrepò Pavese DOC – Le Cascine,750 ml,0.75,al litro,1.99,2.653,2026-09-04,2026-09-13,"−56%, prima 4,54. Solo con la tessera SpesAmica Payback."
carriper04,Carrefour Iper,Vino,Collezione Oro – Piccini,750 ml,0.75,al litro,3.99,5.320,2026-09-04,2026-09-13,"−50%, prima 7,99. Solo con la tessera SpesAmica Payback. Toscana."
carriper04,Carrefour Iper,Vino,Franciacorta DOCG Millesimato Brut – Terre d'Italia,750 ml,0.75,al litro,14.50,19.333,2026-09-04,2026-09-13,"−22%, prima 18,59. Solo con la tessera SpesAmica Payback."
carriper04,Carrefour Iper,Vino,Gutturnio DOC Colli Piacentini – Cantina Valtidone,750 ml,0.75,al litro,2.69,3.587,2026-09-04,2026-09-13,"−46%, prima 4,99. Solo con la tessera SpesAmica Payback."
carriper04,Carrefour Iper,Vino,Linea vini – La Calenzana,750 ml,0.75,al litro,2.79,3.720,2026-09-04,2026-09-13,"−54%, prima 6,08. Solo con la tessera SpesAmica Payback. Abruzzo."
carriper04,Carrefour Iper,Vino,Pinot Grigio o Valpolicella DOC o Ribolla Gialla IGT – Villa dei Tigli,750 ml,0.75,al litro,2.99,3.987,2026-09-04,2026-09-13,"−60%, prima 7,49. Solo con la tessera SpesAmica Payback."
carriper04,Carrefour Iper,Vino,Rosso o Bianco Salento IGP – Terre di Sava,750 ml,0.75,al litro,2.59,3.453,2026-09-04,2026-09-13,"−35%, prima 3,99. Solo con la tessera SpesAmica Payback."
carriper04,Carrefour Iper,Vino,Terre Siciliane IGT – Settesoli,750 ml,0.75,al litro,3.19,4.253,2026-09-04,2026-09-13,"−34%, prima 4,84. Solo con la tessera SpesAmica Payback. Speciale Sicilia."
carriper04,Carrefour Iper,Vino,Valpolicella Superiore DOC Radole – Sartori,750 ml,0.75,al litro,5.99,7.987,2026-09-04,2026-09-13,"−24%, prima 7,89. Solo con la tessera SpesAmica Payback. Veneto."
carriper04,Carrefour Iper,Vino,Vermentino o Rose Toscana IGT o Morellino di Scansano DOCG – Calaforte Frescobaldi,750 ml,0.75,al litro,4.99,6.653,2026-09-04,2026-09-13,"−40%, prima 8,32. Solo con la tessera SpesAmica Payback."
carriper04,Carrefour Iper,Vino,Vino rosso o bianco in brik – San Crispino,1 litro,1,al litro,1.49,1.490,2026-09-04,2026-09-13,"−24%, prima 1,97. Solo con la tessera SpesAmica Payback. E vino da tavola in brik."
carriper04,Carrefour Iper,Würstel,Wurstel Wuberone di suino – Wuber Beretta,250 g,0.25,al kg,1.39,5.560,2026-09-04,2026-09-13,"−35%, prima 2,15. Solo con la tessera SpesAmica Payback. Sono wurstel, non carne fresca."
carriper04,Carrefour Iper,Yogurt,Kefir bianco naturale – Sveltesse,500 g,0.5,al kg,1.29,2.580,2026-09-04,2026-09-13,"−31%, prima 1,89."
carriper04,Carrefour Iper,Yogurt,Kefir bianco senza lattosio – Polenghi,500 ml,0.5,al kg,0.79,1.580,2026-09-04,2026-09-13,"−20%, prima 0,99. È da bere: mezzo litro pesa circa mezzo chilo, il confronto regge."
carriper04,Carrefour Iper,Yogurt,Kefir gusti assortiti – Milk,160 g,0.16,al kg,0.99,6.188,2026-09-04,2026-09-13,"−31%, prima 1,45."
carriper04,Carrefour Iper,Yogurt,Muu Muu al cioccolato – Cameo,460 g (4 pezzi),0.46,al kg,1.99,4.326,2026-09-04,2026-09-13,"−39%, prima 3,29."
carriper04,Carrefour Iper,Yogurt,Müller Mix gusti assortiti,140 g,0.14,al kg,0.69,4.929,2026-09-04,2026-09-13,"−44%, prima 1,25."
carriper04,Carrefour Iper,Yogurt,Müller mix gusti assortiti,140 g,0.14,al kg,0.69,4.929,2026-09-04,2026-09-13,"−44%, prima 1,25. Il volantino stampa 4,93 al kg."
carriper04,Carrefour Iper,Yogurt,Yogurt 0% grassi – Activia,500 g (4 × 125 g),0.5,al kg,1.99,3.980,2026-09-04,2026-09-13,"−28% con la tessera SpesAmica Payback, prima 2,77."
carriper04,Carrefour Iper,Yogurt,Yogurt 0% grassi – Activia,500 g (125 g × 4),0.5,al kg,1.99,3.980,2026-09-04,2026-09-13,"−28%, prima 2,77. Solo con la tessera SpesAmica Payback."
carriper04,Carrefour Iper,Yogurt,Yogurt Fieno Fiordilatte,1 kg,1,al kg,2.19,2.190,2026-09-04,2026-09-13,"−35%, prima 3,39."
carriper04,Carrefour Iper,Yogurt,Yogurt intero alle fragole – Yomo,250 g (2 × 125 g),0.25,al kg,0.79,3.160,2026-09-04,2026-09-13,"−43%, prima 1,39."
carriper04,Carrefour Iper,Yogurt,Yogurt intero fragola – Yomo,250 g (125 g × 2),0.25,al kg,0.79,3.160,2026-09-04,2026-09-13,"−43%, prima 1,39. Il volantino stampa 3,16 al kg."
ekom08,Ekom,Acqua,Acqua naturale – Sant'Anna,"2 × 1,5 litri (1+1)",3,al litro,0.54,0.180,2026-09-08,2026-09-21,"Offerta 1+1: due bottiglie al prezzo di una. Una bottiglia sola costa 0,54, cioè 0,36 al litro."
ekom08,Ekom,Ammorbidente,"Ammorbidente concentrato fresca rugiada o petali di marsiglia, 65 lavaggi – Spuma di Sciampagna","1,3 litri",65,a lavaggio,2.19,0.034,2026-09-08,2026-09-21,"−40%, prima 3,69."
ekom08,Ekom,Asciugatutto,"Asciugatutto 2 veli, 2 maxi rotoli – Bravo",2 maxi rotoli,2,al rotolo,4.99,2.495,2026-09-08,2026-09-21,"Solo con la carta EKOM UP. Senza tessera 6,99. Sono maxi rotoli: al rotolo costano più dei normali, ma durano di più."
ekom08,Ekom,Asciugatutto,"Asciugatutto Tuttofare, 4 rotoli – Scottex",4 rotoli,4,al rotolo,4.59,1.147,2026-09-08,2026-09-21,"−30%, prima 6,79."
ekom08,Ekom,Bagnoschiuma,Bagnodoccia crema nutriente o idratante – Spuma di Sciampagna,2 × 650 ml (1+1),1.3,al litro,2.99,2.300,2026-09-08,2026-09-21,"Offerta 1+1: due flaconi al prezzo di uno. Un flacone solo costa 2,99, cioè 4,60 al litro."
ekom08,Ekom,Bagnoschiuma,Sapone mani e viso marsiglia o mandorle e karité – Spuma di Sciampagna,430 ml,0.43,al litro,1.79,4.163,2026-09-08,2026-09-21,"−25%, prima 2,49."
ekom08,Ekom,Bibite,Bevanda Refresh+Vita multivitamin o mango maracuja – Pfanner,2 litri,2,al litro,1.99,0.995,2026-09-08,2026-09-21,"−20%, prima 2,49."
ekom08,Ekom,Bibite,"Bevanda di frutta zero zuccheri aggiunti, frutti rossi o ACE – Pfanner",1 litro,1,al litro,0.99,0.990,2026-09-08,2026-09-21,"−20%, prima 1,29."
ekom08,Ekom,Bibite,"Coca Cola, Fanta o Sprite",500 ml,0.5,al litro,0.89,1.780,2026-09-08,2026-09-21,
ekom08,Ekom,Bibite,Energy drink – Red Bull,355 ml,0.355,al litro,1.59,4.479,2026-09-08,2026-09-21,"−25%, prima 2,19. È un energy drink, non un succo."
ekom08,Ekom,Bibite,"Estathé, diversi tipi","1,5 litri",1.5,al litro,1.59,1.060,2026-09-08,2026-09-21,"−20%, prima 1,99."
ekom08,Ekom,Bibite,Fanta Original o Sprite classica,"1,5 litri",1.5,al litro,1.32,0.880,2026-09-08,2026-09-21,"Solo con la carta EKOM UP. Senza tessera 1,89."
ekom08,Ekom,Birra,Birra 10% – Faxe,500 ml,0.5,al litro,1.29,2.580,2026-09-08,2026-09-21,"È una birra al 10%: forte, non da tavola."
ekom08,Ekom,Birra,Birra 8.6 Original – Bavaria,500 ml,0.5,al litro,1.39,2.780,2026-09-08,2026-09-21,
ekom08,Ekom,Birra,Birra Red – Faxe,500 ml,0.5,al litro,1.19,2.380,2026-09-08,2026-09-21,
ekom08,Ekom,Birra,Birra Super – Tennent's,355 ml,0.355,al litro,1.59,4.479,2026-09-08,2026-09-21,
ekom08,Ekom,Birra,Birra Weizen – Edelmeister,500 ml,0.5,al litro,0.79,1.580,2026-09-08,2026-09-21,"−20%, prima 0,99."
ekom08,Ekom,Birra,Birra non filtrata – Ichnusa,500 ml,0.5,al litro,1.29,2.580,2026-09-08,2026-09-21,"Solo con la carta EKOM UP. Senza tessera 1,65."
ekom08,Ekom,Birra,Birra originale – Raffo,660 ml,0.66,al litro,1.29,1.955,2026-09-08,2026-09-21,"−20%, prima 1,69. La «lavorazione grezza» da 450 ml costa lo stesso prezzo, cioè 2,87 al litro."
ekom08,Ekom,Birra,Birra – Bud,500 ml,0.5,al litro,0.99,1.980,2026-09-08,2026-09-21,"−25%, prima 1,39."
ekom08,Ekom,Birra,Birra – DAB,660 ml,0.66,al litro,1.39,2.106,2026-09-08,2026-09-21,
ekom08,Ekom,Biscotti,Baiocchi – Mulino Bianco,260 g,0.26,al kg,2.19,8.423,2026-09-08,2026-09-21,"−25%, prima 2,99."
ekom08,Ekom,Biscotti,Canestrelli,125 g,0.125,al kg,0.79,6.320,2026-09-08,2026-09-21,"−20%, prima 0,99."
ekom08,Ekom,Biscotti,"Frollini Le Spighe, diversi tipi",300 g,0.3,al kg,0.89,2.967,2026-09-08,2026-09-21,
ekom08,Ekom,Biscotti,Gocciolotti e altri tipi – Balocco,350 g,0.35,al kg,1.49,4.257,2026-09-08,2026-09-21,"−20%, prima 1,95."
ekom08,Ekom,Biscotti,Kinderini – Kinder,250 g,0.25,al kg,2.99,11.960,2026-09-08,2026-09-21,
ekom08,Ekom,Biscotti,Waferini al cacao o alla nocciola,400 g,0.4,al kg,1.39,3.475,2026-09-08,2026-09-21,"−20%, prima 1,85. Sono wafer."
ekom08,Ekom,Biscotti,Zuppalatte o Oswego – Colussi,2 × 250 g (1+1),0.5,al kg,1.49,2.980,2026-09-08,2026-09-21,"Offerta 1+1: due confezioni al prezzo di una. Una confezione sola costa 1,49, cioè 5,96 al kg."
ekom08,Ekom,Bresaola,"Carpaccio di bresaola punta d'anca, al banco",al kg,1,al kg,26.90,26.900,2026-09-08,2026-09-21,"Il volantino stampa 2,69 all'etto. Vale solo nei negozi col banco servito."
ekom08,Ekom,Bresaola,Sfilacci di bresaola,60 g,0.06,al kg,1.39,23.167,2026-09-08,2026-09-21,"−30%, prima 1,99."
ekom08,Ekom,Burro,Burro in monoporzioni – Parmareggio,"124,8 g (10,4 g × 12)",0.1248,al kg,1.29,10.337,2026-09-08,2026-09-21,"−25%, prima 1,79. Sono monoporzioni da colazione."
ekom08,Ekom,Burro,Burro – Latteria Soresina,125 g,0.125,al kg,1.19,9.520,2026-09-08,2026-09-21,"−25%, prima 1,69."
ekom08,Ekom,Caffè,"36 capsule A Modo Mio passionale, qualità rossa o crema e gusto – Lavazza",270 g,0.27,al kg,9.89,36.630,2026-09-08,2026-09-21,"−35%, prima 15,39. Sono capsule: al chilo costano sempre molto più del macinato."
ekom08,Ekom,Caffè,50 capsule classico o intenso compatibili Nespresso – Segafredo,255 g,0.255,al kg,9.90,38.824,2026-09-08,2026-09-21,"−20%, prima 12,99. Sono capsule: al chilo costano sempre molto più del macinato."
ekom08,Ekom,Caffè,Caffè macinato Crema e Gusto classico – Lavazza,500 g (250 g × 2),0.5,al kg,7.99,15.980,2026-09-08,2026-09-21,"−20%, prima 9,99."
ekom08,Ekom,Caffè,Caffè macinato Decaf – Lavazza,250 g,0.25,al kg,3.99,15.960,2026-09-08,2026-09-21,"−33%, prima 5,99. È decaffeinato."
ekom08,Ekom,Calamari,Tubi di totano,700 g,0.7,al kg,3.99,5.700,2026-09-08,2026-09-21,"−40%, prima 6,99. È totano, non calamaro."
ekom08,Ekom,Carta igienica,"Carta igienica Ultra Comfort 3 veli, 4 rotoli – Tenderly",2 × 4 rotoli (1+1),8,al rotolo,2.79,0.349,2026-09-08,2026-09-21,"Offerta 1+1: due confezioni al prezzo di una. Una confezione sola costa 2,79, cioè 0,70 al rotolo."
ekom08,Ekom,Cereali,Bran-Sticks,375 g,0.375,al kg,1.39,3.707,2026-09-08,2026-09-21,"−30%, prima 1,99."
ekom08,Ekom,Cereali,Cornflakes,375 g,0.375,al kg,0.99,2.640,2026-09-08,2026-09-21,"−35%, prima 1,59."
ekom08,Ekom,Cioccolato,Cioccolato al latte o fondente – Novi,100 g,0.1,al kg,1.49,14.900,2026-09-08,2026-09-21,"−20%, prima 1,89."
ekom08,Ekom,Creme,"Crema al pistacchio o burro di arachidi, monoporzioni",80 g (20 g × 4),0.08,al kg,1.19,14.875,2026-09-08,2026-09-21,"−20%, prima 1,49. Sono monoporzioni."
ekom08,Ekom,Creme,Nutella – Ferrero,950 g,0.95,al kg,6.49,6.832,2026-09-08,2026-09-21,
ekom08,Ekom,Dentifricio,Dentifricio Maximum Cavity Protection – Colgate,2 × 100 ml (1+1),0.2,al litro,2.99,14.950,2026-09-08,2026-09-21,"Offerta 1+1: due confezioni al prezzo di una. Una sola costa 2,99, cioè 29,90 al litro."
ekom08,Ekom,Farina,Farina di avena – Vital Love,500 g,0.5,al kg,0.89,1.780,2026-09-08,2026-09-21,"−30%, prima 1,29. È farina di avena, non di grano."
ekom08,Ekom,Formaggio,Brie,500 g,0.5,al kg,3.99,7.980,2026-09-08,2026-09-21,
ekom08,Ekom,Formaggio,"Caciotta, al banco",al kg,1,al kg,11.90,11.900,2026-09-08,2026-09-21,"Il volantino stampa 1,19 all'etto. Vale solo nei negozi col banco servito."
ekom08,Ekom,Formaggio,Fettine di Emmentaler svizzero – Tigre,2 × 140 g (1+1),0.28,al kg,1.99,7.107,2026-09-08,2026-09-21,"Offerta 1+1: due confezioni al prezzo di una. Una confezione sola costa 1,99, cioè 14,21 al kg."
ekom08,Ekom,Formaggio,Gorgonzola DOP,200 g,0.2,al kg,1.99,9.950,2026-09-08,2026-09-21,"−20%, prima 2,49."
ekom08,Ekom,Formaggio,"Gorgonzola DOP dolce Gim – Invernizzi, al banco",al kg,1,al kg,13.90,13.900,2026-09-08,2026-09-21,"Il volantino stampa 1,39 all'etto. Vale solo nei negozi col banco servito."
ekom08,Ekom,Formaggio,"Maasdammer, al banco",al kg,1,al kg,8.90,8.900,2026-09-08,2026-09-21,"Il volantino stampa 0,89 all'etto. Vale solo nei negozi col banco servito."
ekom08,Ekom,Formaggio,"Primo sale siciliano pepato, al banco",al kg,1,al kg,12.90,12.900,2026-09-08,2026-09-21,"Il volantino stampa 1,29 all'etto. Vale solo nei negozi col banco servito."
ekom08,Ekom,Formaggio,Raspadura – Bella Lodi,100 g,0.1,al kg,1.99,19.900,2026-09-08,2026-09-21,"−20%, prima 2,49."
ekom08,Ekom,Formaggio,Scamorza affumicata o bianca – Kome Te,90 g,0.09,al kg,1.69,18.778,2026-09-08,2026-09-21,"−30%, prima 2,49."
ekom08,Ekom,Formaggio,Snack Biraghini – Biraghi,"66,68 g (16,67 g × 4)",0.06668,al kg,1.39,20.846,2026-09-08,2026-09-21,"−20%, prima 1,79. Sono snack monoporzione."
ekom08,Ekom,Formaggio,Stracchino,320 g,0.32,al kg,1.99,6.219,2026-09-08,2026-09-21,
ekom08,Ekom,Formaggio,Tomini classici – Pezzana,160 g (80 g × 2),0.16,al kg,1.99,12.438,2026-09-08,2026-09-21,"−20%, prima 2,49."
ekom08,Ekom,Frutta,Banane,al kg,1,al kg,1.19,1.190,2026-09-08,2026-09-21,
ekom08,Ekom,Frutta,Mele Gala,al kg,1,al kg,1.49,1.490,2026-09-08,2026-09-21,
ekom08,Ekom,Frutta,Prugne Santa Clara,al kg,1,al kg,1.89,1.890,2026-09-08,2026-09-21,
ekom08,Ekom,Frutta,Uva Red Globe,750 g,0.75,al kg,1.99,2.653,2026-09-08,2026-09-21,
ekom08,Ekom,Frutta,Uva bianca senza semi,500 g,0.5,al kg,1.85,3.700,2026-09-08,2026-09-21,
ekom08,Ekom,Gelato,Gelato ricoperto,400 g,0.4,al kg,1.99,4.975,2026-09-08,2026-09-21,"−20%, prima 2,49."
ekom08,Ekom,Gelato,Maxibon Classic – Nestlé,384 g,0.384,al kg,2.99,7.786,2026-09-08,2026-09-21,"−40%, prima 4,99."
ekom08,Ekom,Gelato,"Vaschetta gelato, gusti assortiti",1 kg,1,al kg,2.99,2.990,2026-09-08,2026-09-21,
ekom08,Ekom,Gelato,"Vaschetta gelato, gusti assortiti – Kome Te",200 g,0.2,al kg,0.99,4.950,2026-09-08,2026-09-21,"−33%, prima 1,49."
ekom08,Ekom,Grana,Gran Biraghi grattugiato – Biraghi,60 g,0.06,al kg,0.99,16.500,2026-09-08,2026-09-21,"−25%, prima 1,39. È Gran Biraghi, non Grana Padano DOP."
ekom08,Ekom,Grana,Grana Padano Riserva DOP grattugiato fresco – Ferrari,2 × 60 g (1+1),0.12,al kg,1.79,14.917,2026-09-08,2026-09-21,"Offerta 1+1: due confezioni al prezzo di una. Una confezione sola costa 1,79, cioè 29,83 al kg."
ekom08,Ekom,Grana,Granbiraghi spicchio – Biraghi,500 g,0.5,al kg,6.99,13.980,2026-09-08,2026-09-21,"È Granbiraghi, non Grana Padano DOP."
ekom08,Ekom,Grana,Parmigiano Reggiano DOP 16 mesi – Ferrari,150 g,0.15,al kg,3.99,26.600,2026-09-08,2026-09-21,"−20%, prima 4,99."
ekom08,Ekom,Latte,Latte UHT Piacere Leggero – Granarolo,1 litro,1,al litro,1.29,1.290,2026-09-08,2026-09-21,"−20%, prima 1,69."
ekom08,Ekom,Lavastoviglie,"Gel Tutto in 1 limone e lime, 52 lavaggi – Pril",936 ml,52,a lavaggio,5.49,0.106,2026-09-08,2026-09-21,"Solo con la carta EKOM UP. Senza tessera 7,99."
ekom08,Ekom,Lavatrice,"Detersivo in polvere classico, 48 misurini – Dixan","2,64 kg",48,a lavaggio,8.99,0.187,2026-09-08,2026-09-21,"−30%, prima 12,90."
ekom08,Ekom,Lavatrice,"Detersivo universale 5 in 1 Active, 60 lavaggi – General","2 × 2,4 litri (1+1)",120,a lavaggio,8.99,0.075,2026-09-08,2026-09-21,"Offerta 1+1: due flaconi al prezzo di uno. Un flacone solo costa 8,99, cioè 0,15 a lavaggio."
ekom08,Ekom,Lavatrice,"Power Caps Total 4+1 classico o igiene, 27 lavaggi – Bio Presto","2 × 1,62 kg (1+1)",54,a lavaggio,8.99,0.166,2026-09-08,2026-09-21,"Offerta 1+1: due confezioni al prezzo di una. Una confezione sola costa 8,99, cioè 0,33 a lavaggio."
ekom08,Ekom,Manzo,Sottofiletto di bovino adulto,al kg,1,al kg,22.90,22.900,2026-09-08,2026-09-21,Vale solo nei negozi col banco servito.
ekom08,Ekom,Manzo,Spezzatino di bovino adulto,al kg,1,al kg,15.90,15.900,2026-09-08,2026-09-21,Vale solo nei negozi col banco servito.
ekom08,Ekom,Marmellata,"Confettura di frutta, gusti assortiti – Santa Rosa",600 g,0.6,al kg,1.99,3.317,2026-09-08,2026-09-21,"−20%, prima 2,49."
ekom08,Ekom,Merendine,Ciambella zuccherata,180 g (60 g × 3),0.18,al kg,1.19,6.611,2026-09-08,2026-09-21,"−20%, prima 1,49."
ekom08,Ekom,Merluzzo,Cuori di filetto di nasello – NÓS,2 × 300 g (1+1),0.6,al kg,3.99,6.650,2026-09-08,2026-09-21,"Offerta 1+1: due confezioni al prezzo di una. Una confezione sola costa 3,99, cioè 13,30 al kg. È nasello, non merluzzo. Surgelato."
ekom08,Ekom,Miele,Miele millefiori monodose,80 g (20 g × 4),0.08,al kg,0.99,12.375,2026-09-08,2026-09-21,Sono monodose.
ekom08,Ekom,Mozzarella,Bocconcini ripieni con crema di latte – Vallelata,180 g,0.18,al kg,2.49,13.833,2026-09-08,2026-09-21,"Sono ripieni di crema di latte, non mozzarella semplice."
ekom08,Ekom,Mozzarella,Mozzarella di bufala campana DOP,300 g (100 g × 3),0.3,al kg,2.99,9.967,2026-09-08,2026-09-21,
ekom08,Ekom,Mozzarella,Mozzarella fior di latte – Vallelata,300 g (100 g × 3),0.3,al kg,2.49,8.300,2026-09-08,2026-09-21,
ekom08,Ekom,Olio d'oliva,Olio extra vergine di oliva classico – Coppini,2 × 1 litro (1+1),2,al litro,9.99,4.995,2026-09-08,2026-09-21,"Offerta 1+1: due latte al prezzo di una. Una latta sola costa 9,99, cioè 9,99 al litro."
ekom08,Ekom,Olio d'oliva,Olio extra vergine di oliva monodose – Biffi,50 ml (10 ml × 5),0.05,al litro,1.19,23.800,2026-09-08,2026-09-21,"−20%, prima 1,49. Sono monodose da 10 ml: al litro costano moltissimo, servono per il pranzo fuori casa."
ekom08,Ekom,Panati,10 bastoncini di pesce – Ocean Blu,300 g,0.3,al kg,1.59,5.300,2026-09-08,2026-09-21,"−20%, prima 1,99."
ekom08,Ekom,Pancetta,Bacon pancetta tesa – ibis,100 g,0.1,al kg,1.99,19.900,2026-09-08,2026-09-21,"−20%, prima 2,49."
ekom08,Ekom,Pane,Focaccia croccante genovese,250 g,0.25,al kg,1.99,7.960,2026-09-08,2026-09-21,"Solo con la carta EKOM UP. Senza tessera 2,99."
ekom08,Ekom,Pane,Pan Bauletto bianco – Mulino Bianco,400 g,0.4,al kg,0.89,2.225,2026-09-08,2026-09-21,"−20%, prima 1,12."
ekom08,Ekom,Pane,Pane carasau,250 g,0.25,al kg,1.99,7.960,2026-09-08,2026-09-21,
ekom08,Ekom,Pane,Pane pita,450 g,0.45,al kg,1.59,3.533,2026-09-08,2026-09-21,
ekom08,Ekom,Pane,"Piadina romagnola IGP, 5 pezzi",600 g,0.6,al kg,1.49,2.483,2026-09-08,2026-09-21,
ekom08,Ekom,Pasta,Gnocchi tricolore,400 g,0.4,al kg,1.59,3.975,2026-09-08,2026-09-21,"−20%, prima 1,99. Sono gnocchi freschi, non pasta secca."
ekom08,Ekom,Pasta,"Pasta di semola, diversi formati – Barilla",2 × 500 g (1+1),1,al kg,0.99,0.990,2026-09-08,2026-09-21,"Offerta 1+1: due confezioni al prezzo di una. Una confezione sola costa 0,99, cioè 1,98 al kg."
ekom08,Ekom,Patate,Patate grigliate al rosmarino,450 g,0.45,al kg,1.49,3.311,2026-09-08,2026-09-21,"Solo con la carta EKOM UP. Senza tessera 1,99. Sono surgelate e già grigliate, non patate crude."
ekom08,Ekom,Pizza,Pizza margherita La Numero Uno – Italpizza,410 g,0.41,al kg,2.39,5.829,2026-09-08,2026-09-21,"−20%, prima 2,99."
ekom08,Ekom,Pollo,"Cosce di pollo, confezione risparmio",al kg,1,al kg,4.90,4.900,2026-09-08,2026-09-21,Confezione risparmio da 600/800 g. Vale solo nei negozi col banco servito.
ekom08,Ekom,Pomodoro,Passata di pomodoro – Mutti,235 g,0.235,al kg,0.79,3.362,2026-09-08,2026-09-21,"−20%, prima 0,99."
ekom08,Ekom,Preparati,Cotolette di pollo – AIA,280 g,0.28,al kg,1.99,7.107,2026-09-08,2026-09-21,"Solo con la carta EKOM UP. Senza tessera 2,99. Sono cotolette panate surgelate."
ekom08,Ekom,Prosciutto,"Prosciutto cotto alta qualità nazionale – Lenti, al banco",al kg,1,al kg,19.90,19.900,2026-09-08,2026-09-21,"Il volantino stampa 1,99 all'etto. Vale solo nei negozi col banco servito."
ekom08,Ekom,Prosciutto,Prosciutto cotto di alta qualità – Rovagnati,180 g,0.18,al kg,2.39,13.278,2026-09-08,2026-09-21,"−20%, prima 2,99."
ekom08,Ekom,Prosciutto,Prosciutto di Parma DOP in vaschetta,80 g,0.08,al kg,2.69,33.625,2026-09-08,2026-09-21,"−20%, prima 3,49."
ekom08,Ekom,Prosciutto,"Prosciutto di Parma DOP, al banco",al kg,1,al kg,26.90,26.900,2026-09-08,2026-09-21,"Il volantino stampa 2,69 all'etto. Vale solo nei negozi col banco servito."
ekom08,Ekom,Ricotta,Ricotta fresca,450 g,0.45,al kg,1.19,2.644,2026-09-08,2026-09-21,
ekom08,Ekom,Ricotta,Ricottina light Santa Lucia – Galbani,180 g (90 g × 2),0.18,al kg,1.19,6.611,2026-09-08,2026-09-21,"−20%, prima 1,49."
ekom08,Ekom,Riso,"Riso Apri Scalda basmati, integrale o chicco lungo – Scotti",2 × 200 g (1+1),0.4,al kg,1.99,4.975,2026-09-08,2026-09-21,"Offerta 1+1: due confezioni al prezzo di una. Una confezione sola costa 1,99, cioè 9,95 al kg. È riso già cotto da scaldare, non riso crudo."
ekom08,Ekom,Riso,Riso Ribe – Scotti,500 g,0.5,al kg,0.99,1.980,2026-09-08,2026-09-21,"−35%, prima 1,59."
ekom08,Ekom,Salame,Salame Felino IGP – Kome Te,80 g,0.08,al kg,2.79,34.875,2026-09-08,2026-09-21,"−20%, prima 3,49."
ekom08,Ekom,Salame,"Salame Piacentino DOP, al banco",al kg,1,al kg,21.90,21.900,2026-09-08,2026-09-21,"Il volantino stampa 2,19 all'etto. Vale solo nei negozi col banco servito."
ekom08,Ekom,Salmone affumicato,Salmone scozzese affumicato,80 g,0.08,al kg,3.99,49.875,2026-09-08,2026-09-21,"−20%, prima 4,99. È affumicato, non fresco."
ekom08,Ekom,Shampoo,Shampoo Fructis – Garnier,700 ml,0.7,al litro,4.99,7.129,2026-09-08,2026-09-21,"−25%, prima 6,99."
ekom08,Ekom,Sughi,Pesto di Prà – I Gran Pesti,130 g,0.13,al kg,2.49,19.154,2026-09-08,2026-09-21,È pesto fresco da banco frigo.
ekom08,Ekom,Sughi,"Pesto tartufo, calabrese o pomodori secchi e pistacchio – Saclà",90 g (45 g × 2),0.09,al kg,1.49,16.556,2026-09-08,2026-09-21,"−25%, prima 1,99."
ekom08,Ekom,Sughi,Ragù alla bolognese – Barilla,300 g,0.3,al kg,1.59,5.300,2026-09-08,2026-09-21,"−40%, prima 2,75."
ekom08,Ekom,Suino,Coppa di suino con osso,al kg,1,al kg,6.90,6.900,2026-09-08,2026-09-21,Vale solo nei negozi col banco servito.
ekom08,Ekom,Tacchino,Fesa di tacchino a fette,al kg,1,al kg,13.90,13.900,2026-09-08,2026-09-21,Vale solo nei negozi col banco servito.
ekom08,Ekom,Tonno,Filetti di tonno all'olio extra vergine di oliva – Maruzzella,"130 g, sgocciolati 91 g",0.091,al kg,2.39,26.264,2026-09-08,2026-09-21,"Solo con la carta EKOM UP. Senza tessera 2,99. Il conto è sui 91 g sgocciolati, come stampa il volantino."
ekom08,Ekom,Tonno,Tonno all'olio di oliva – Mareblu,420 g (70 g × 6),0.42,al kg,4.99,11.881,2026-09-08,2026-09-21,"−25%, prima 6,99. Formato speciale da 6 lattine."
ekom08,Ekom,Tè,"Tè English Breakfast, Pure Green o Earl Grey, 40 filtri – Twinings",80 g,0.08,al kg,2.99,37.375,2026-09-08,2026-09-21,"−25%, prima 3,99."
ekom08,Ekom,Uova,6 uova fresche da galline allevate all'aperto,6 uova,6,all'uovo,1.99,0.332,2026-09-08,2026-09-21,
ekom08,Ekom,Verdura,Melanzane nere,al kg,1,al kg,1.59,1.590,2026-09-08,2026-09-21,
ekom08,Ekom,Verdura,Pomodori Piccadilly,500 g,0.5,al kg,1.59,3.180,2026-09-08,2026-09-21,
ekom08,Ekom,Verdura,Spinaci Pronto Cuoci – Kome Te,400 g,0.4,al kg,1.89,4.725,2026-09-08,2026-09-21,
ekom08,Ekom,Verdure surgelate,Carote a fette – Orogel,2 × 450 g (1+1),0.9,al kg,1.99,2.211,2026-09-08,2026-09-21,"Offerta 1+1: due confezioni al prezzo di una. Una confezione sola costa 1,99, cioè 4,42 al kg."
ekom08,Ekom,Verdure surgelate,Cavolfiori a rosette,2 × 450 g (1+1),0.9,al kg,1.49,1.656,2026-09-08,2026-09-21,"Offerta 1+1: due confezioni al prezzo di una. Una confezione sola costa 1,49, cioè 3,31 al kg."
ekom08,Ekom,Verdure surgelate,Cicoria foglia a foglia – Agrifood,750 g,0.75,al kg,1.59,2.120,2026-09-08,2026-09-21,"−20%, prima 1,99."
ekom08,Ekom,Verdure surgelate,Funghi porcini di bosco cubettati – Asiago Food,300 g,0.3,al kg,3.49,11.633,2026-09-08,2026-09-21,"−20%, prima 4,49."
ekom08,Ekom,Verdure surgelate,Minestrone Tradizione – Findus,700 g,0.7,al kg,2.39,3.414,2026-09-08,2026-09-21,"−20%, prima 2,99."
ekom08,Ekom,Verdure surgelate,Spinaci con mozzarella e formaggio,450 g,0.45,al kg,1.99,4.422,2026-09-08,2026-09-21,"−20%, prima 2,49. Non sono spinaci puri: dentro ci sono mozzarella e formaggio."
ekom08,Ekom,Vino,Arneis Langhe DOC,2 × 750 ml (1+1),1.5,al litro,6.79,4.527,2026-09-08,2026-09-21,"Offerta 1+1: due bottiglie al prezzo di una. Una bottiglia sola costa 6,79, cioè 9,05 al litro."
ekom08,Ekom,Vino,Bardolino DOC – Laronchi Vini,750 ml,0.75,al litro,2.99,3.987,2026-09-08,2026-09-21,
ekom08,Ekom,Vino,Cortese Piemonte DOC,750 ml,0.75,al litro,2.89,3.853,2026-09-08,2026-09-21,"−25%, prima 3,89."
ekom08,Ekom,Vino,Müller Thurgau,750 ml,0.75,al litro,1.99,2.653,2026-09-08,2026-09-21,"−33%, prima 2,99."
ekom08,Ekom,Würstel,Würstel di puro suino,250 g,0.25,al kg,0.99,3.960,2026-09-08,2026-09-21,"Sono würstel, non carne fresca."
ekom08,Ekom,Yogurt,Yogurt alla fragola Super Mario – Danone,110 g,0.11,al kg,0.59,5.364,2026-09-08,2026-09-21,"−33%, prima 0,89."
ekom08,Ekom,Yogurt,"Yogurt cremoso intero bianco, banana o frutti di bosco – Latteria Brunico",500 g,0.5,al kg,0.99,1.980,2026-09-08,2026-09-21,
ekom08,Ekom,Yogurt,"Yogurt da bere alla frutta, zero grassi o intero – Alplí",2 × 500 g (1+1),1,al kg,1.19,1.190,2026-09-08,2026-09-21,"Offerta 1+1: due bottiglie al prezzo di una. Una bottiglia sola costa 1,19, cioè 2,38 al kg."
md08,MD,Bagnoschiuma,Bagnoschiuma cremoso neutro – Cliosan,500 ml,0.5,al litro,1.29,2.580,2026-09-08,2026-09-20,
md08,MD,Bagnoschiuma,Sapone liquido ricarica petali di rosa o neutro – Cliosan,1 litro,1,al litro,1.19,1.190,2026-09-08,2026-09-20,
md08,MD,Bibite,Spremuta 100% arancia o ananas – Buona Spesa!,75 cl,0.75,al litro,1.69,2.253,2026-09-08,2026-09-20,
md08,MD,Bibite,Succo di mirtillo 20% – Pfanner,1 litro,1,al litro,1.39,1.390,2026-09-08,2026-09-20,
md08,MD,Bibite,Tè al limone o pesca – Casado,"1,5 litri",1.5,al litro,0.59,0.393,2026-09-08,2026-09-20,
md08,MD,Birra,Birra APA o Rossa – Contessa,50 cl,0.5,al litro,1.69,3.380,2026-09-08,2026-09-20,
md08,MD,Birra,Birra Corona Extra,"1,98 litri (6 × 33 cl)",1.98,al litro,5.99,3.025,2026-09-08,2026-09-20,
md08,MD,Biscotti,Biscotti Dolcesenza yogurt – Misura,400 g,0.4,al kg,2.19,5.475,2026-09-08,2026-09-20,
md08,MD,Biscotti,Cookie proteico brownie,50 g,0.05,al kg,1.29,25.800,2026-09-08,2026-09-20,
md08,MD,Biscotti,Fette biscottate BIO integrali,320 g,0.32,al kg,1.59,4.969,2026-09-08,2026-09-20,
md08,MD,Biscotti,Frollini con granella di zucchero – Le Bon,700 g,0.7,al kg,1.49,2.129,2026-09-08,2026-09-20,
md08,MD,Biscotti,Frollini senza zuccheri aggiunti – Vivo Meglio,200 g,0.2,al kg,0.89,4.450,2026-09-08,2026-09-20,"Prima 1,49, sconto 40%."
md08,MD,Biscotti,Wafers alla nocciola o vaniglia – Le Bon,400 g,0.4,al kg,1.79,4.475,2026-09-08,2026-09-20,
md08,MD,Bresaola,Bresaola della Valtellina IGP – Pini,all'etto,0.1,al kg,3.39,33.900,2026-09-08,2026-09-20,Al banco.
md08,MD,Bresaola,Bresaola – La Fattoria,80 g,0.08,al kg,2.49,31.125,2026-09-08,2026-09-20,
md08,MD,Carta igienica,Carta igienica 4 rotoli 4 veli – Blou,4 rotoli,4,al rotolo,1.49,0.372,2026-09-08,2026-09-20,
md08,MD,Cereali,Cereali Multigrano extra fondente o frutti rossi – Nature Più,300 g,0.3,al kg,1.59,5.300,2026-09-08,2026-09-20,
md08,MD,Cereali,Cereali Multigrano gusto classico – Nature Più,375 g,0.375,al kg,1.19,3.173,2026-09-08,2026-09-20,
md08,MD,Cereali,Fiocchi di avena,500 g,0.5,al kg,1.15,2.300,2026-09-08,2026-09-20,
md08,MD,Cereali,"Granola proteica, nocciole/mandorle/cioccolato o brownie/cherry",300 g,0.3,al kg,2.99,9.967,2026-09-08,2026-09-20,
md08,MD,Cioccolato,Cioccolato di Modica IGP,100 g,0.1,al kg,1.99,19.900,2026-09-08,2026-09-20,
md08,MD,Cioccolato,Preparato per bevanda al cacao magro – Cioko Nut,600 g,0.6,al kg,2.89,4.817,2026-09-08,2026-09-20,
md08,MD,Conserve,Olive Duetto Italiano verdi/nere denocciolate condite – Le Olive Miccio,all'etto,0.1,al kg,0.69,6.900,2026-09-08,2026-09-20,Al banco.
md08,MD,Creme,Nutella B-ready – Ferrero,220 g,0.22,al kg,2.99,13.591,2026-09-08,2026-09-20,
md08,MD,Formaggio,Asiago DOP – Latterie Vicentine,all'etto,0.1,al kg,0.89,8.900,2026-09-08,2026-09-20,Al banco.
md08,MD,Formaggio,Caciotta – Bosco Gerolo,all'etto,0.1,al kg,1.09,10.900,2026-09-08,2026-09-20,Al banco.
md08,MD,Formaggio,Formaggetta mista,al kg,1,al kg,9.99,9.990,2026-09-08,2026-09-20,"Prima 12,90. Speciale Sicilia."
md08,MD,Formaggio,Formaggio canestrato tuma,al kg,1,al kg,8.99,8.990,2026-09-08,2026-09-20,"Prima 9,90. Speciale Sicilia."
md08,MD,Formaggio,Formaggio grattugiato – Malga Paradiso,100 g,0.1,al kg,0.79,7.900,2026-09-08,2026-09-20,
md08,MD,Formaggio,Formaggio pecoricco,al kg,1,al kg,8.99,8.990,2026-09-08,2026-09-20,"Prima 9,99. Speciale Sicilia."
md08,MD,Formaggio,Pecorino Romano DOP Cappato Nero – Sepi,all'etto,0.1,al kg,1.59,15.900,2026-09-08,2026-09-20,Al banco.
md08,MD,Formaggio,Sottilette classiche o light – Kraft,200 g,0.2,al kg,1.69,8.450,2026-09-08,2026-09-20,
md08,MD,Formaggio,Stracchino – Lettere dall'Italia,165 g,0.165,al kg,1.39,8.424,2026-09-08,2026-09-20,Solo con la MD Buona Spesa Card.
md08,MD,Frutta,Banane,al kg,1,al kg,0.99,0.990,2026-09-08,2026-09-20,
md08,MD,Frutta,Mele Gala,al kg,1,al kg,1.49,1.490,2026-09-08,2026-09-20,
md08,MD,Frutta,Melone Verde,al kg,1,al kg,0.89,0.890,2026-09-08,2026-09-20,
md08,MD,Frutta,Uva bianca senza semi,500 g,0.5,al kg,1.49,2.980,2026-09-08,2026-09-20,
md08,MD,Gelato,4 coni al pistacchio – Lettere dall'Italia,280 g,0.28,al kg,1.99,7.107,2026-09-08,2026-09-20,
md08,MD,Gelato,Vaschetta gelato cassata siciliana,400 g,0.4,al kg,2.49,6.225,2026-09-08,2026-09-20,
md08,MD,Insalata,Cuori di iceberg – Buona Spesa!,200 g,0.2,al kg,0.99,4.950,2026-09-08,2026-09-20,Solo con la MD Buona Spesa Card.
md08,MD,Lavatrice,Detersivo lavatrice salva colore – Dash,50 lavaggi,50,a lavaggio,8.90,0.178,2026-09-08,2026-09-20,
md08,MD,Manzo,Polpa scelta per roastbeef di bovino adulto,al kg,1,al kg,15.90,15.900,2026-09-08,2026-09-20,
md08,MD,Marmellata,"Confettura light ciliegia, albicocca, fragola o prugna – Vivo Meglio",310 g,0.31,al kg,1.59,5.129,2026-09-08,2026-09-20,"Prima 1,99. Con stevia."
md08,MD,Merendine,6 Croissant con sfoglia zuccherata,300 g,0.3,al kg,2.99,9.967,2026-09-08,2026-09-20,
md08,MD,Merendine,8 Pancake,280 g,0.28,al kg,1.59,5.679,2026-09-08,2026-09-20,
md08,MD,Merendine,8 Pancake proteici caramello salato,200 g,0.2,al kg,1.99,9.950,2026-09-08,2026-09-20,
md08,MD,Merendine,Brioscia cu' tuppu,150 g (2 pezzi),0.15,al kg,1.89,12.600,2026-09-08,2026-09-20,
md08,MD,Merendine,Ciambelle zuccherate – La Dolce,180 g (6 pezzi),0.18,al kg,1.29,7.167,2026-09-08,2026-09-20,
md08,MD,Merendine,Protein Muffin caramello salato,252 g,0.252,al kg,2.79,11.071,2026-09-08,2026-09-20,
md08,MD,Merendine,Tortina proteica,50 g,0.05,al kg,1.29,25.800,2026-09-08,2026-09-20,
md08,MD,Miele,Miele Millefiori – Cavallaro,350 g,0.35,al kg,2.99,8.543,2026-09-08,2026-09-20,
md08,MD,Mortadella,Mortadella di suino nero dei Nebrodi,80 g,0.08,al kg,2.39,29.875,2026-09-08,2026-09-20,"Prima 2,99."
md08,MD,Mozzarella,Fior di Latte Molisano – Lettere dall'Italia,250 g,0.25,al kg,1.99,7.960,2026-09-08,2026-09-20,
md08,MD,Mozzarella,Formaggio a pasta filata (mozzarella),1 kg,1,al kg,4.99,4.990,2026-09-08,2026-09-20,"Prima 6,89."
md08,MD,Pancetta,Bacon a fette leggermente affumicato – La Fattoria,150 g,0.15,al kg,1.49,9.933,2026-09-08,2026-09-20,"Prima 1,69."
md08,MD,Pane,Pane Bauletto Proteico,400 g,0.4,al kg,1.49,3.725,2026-09-08,2026-09-20,
md08,MD,Pane,Piadina Romagnola IGP alla Riminese – Lettere dall'Italia,360 g,0.36,al kg,0.99,2.750,2026-09-08,2026-09-20,
md08,MD,Pasta,Busiate fresche,400 g,0.4,al kg,1.59,3.975,2026-09-08,2026-09-20,
md08,MD,Pasta,"Pasta fresca – Cà Bianca, strozzapreti/trofie/orecchiette/cavatelli",500 g,0.5,al kg,0.75,1.500,2026-09-08,2026-09-20,Solo con la MD Buona Spesa Card.
md08,MD,Pasta,"Pasta trafilata al bronzo, spaghetto rustico/strappatella/riccioli/anelloni",500 g,0.5,al kg,0.49,0.980,2026-09-08,2026-09-20,
md08,MD,Pasta,"Ravioli al pomodoro, ricotta e spinaci – Le Specialità di Beppe",500 g,0.5,al kg,2.39,4.780,2026-09-08,2026-09-20,
md08,MD,Patate,Patate da forno – Le Specialità di Beppe,750 g,0.75,al kg,0.99,1.320,2026-09-08,2026-09-20,Surgelate.
md08,MD,Pesce,Cozze cilene con guscio,500 g,0.5,al kg,1.99,3.980,2026-09-08,2026-09-20,
md08,MD,Pizza,Pizza ai 4 formaggi,350 g,0.35,al kg,1.79,5.114,2026-09-08,2026-09-20,"Solo con la MD Buona Spesa Card. Senza tessera 2,89, cioè 8,26 al kg."
md08,MD,Pizza,Pizza ai funghi,375 g,0.375,al kg,1.79,4.773,2026-09-08,2026-09-20,"Solo con la MD Buona Spesa Card. Senza tessera 2,69, cioè 7,17 al kg."
md08,MD,Pollo,Fuselli di pollo,al kg,1,al kg,4.49,4.490,2026-09-08,2026-09-20,
md08,MD,Pollo,Sovracosce di pollo,al kg,1,al kg,4.49,4.490,2026-09-08,2026-09-20,
md08,MD,Pollo,Spinacine classiche – AIA,500 g,0.5,al kg,4.99,9.980,2026-09-08,2026-09-20,"Il volantino stampa 9,98 al kg."
md08,MD,Pollo,Stick di petto di pollo – Fripozo,250 g,0.25,al kg,2.19,8.760,2026-09-08,2026-09-20,
md08,MD,Pomodoro,Salsa pronta di ciliegino – Agromonte,330 g,0.33,al kg,1.29,3.909,2026-09-08,2026-09-20,
md08,MD,Pomodoro,Salsa pronta di datterino – Lettere dall'Italia,350 g,0.35,al kg,0.89,2.543,2026-09-08,2026-09-20,
md08,MD,Preparati,2 Cordon bleu di pollo – Le Specialità di Beppe,240 g,0.24,al kg,1.31,5.458,2026-09-08,2026-09-20,
md08,MD,Preparati,Cordon bleu classico – AIA,490 g,0.49,al kg,4.99,10.184,2026-09-08,2026-09-20,"Il volantino stampa 10,18 al kg."
md08,MD,Preparati,Cotolette o nodini di suino,al kg,1,al kg,6.90,6.900,2026-09-08,2026-09-20,
md08,MD,Preparati,Hamburger di suino e bovino,al kg,1,al kg,10.90,10.900,2026-09-08,2026-09-20,"È misto suino e bovino, non solo bue."
md08,MD,Prosciutto,"2 hamburger di prosciutto cotto – La Fattoria, classico o mozzarella",150 g,0.15,al kg,1.49,9.933,2026-09-08,2026-09-20,
md08,MD,Prosciutto,Prosciutto cotto alta qualità Naturalis – Bombieri,all'etto,0.1,al kg,0.99,9.900,2026-09-08,2026-09-20,Al banco.
md08,MD,Prosciutto,Prosciutto cotto nazionale selezione – La Fattoria,100 g,0.1,al kg,1.69,16.900,2026-09-08,2026-09-20,"Prima 2,59."
md08,MD,Prosciutto,Prosciutto crudo stagionato – Alcar Uno,all'etto,0.1,al kg,1.69,16.900,2026-09-08,2026-09-20,Al banco.
md08,MD,Prosciutto,Speck – La Fattoria,100 g,0.1,al kg,1.39,13.900,2026-09-08,2026-09-20,
md08,MD,Ricotta,Ricotta al forno dura,al kg,1,al kg,7.39,7.390,2026-09-08,2026-09-20,"Prima 8,90. Speciale Sicilia."
md08,MD,Ricotta,Ricotta bianca salata stagionata,al kg,1,al kg,6.99,6.990,2026-09-08,2026-09-20,"Prima 7,90. Speciale Sicilia."
md08,MD,Ricotta,Ricotta dolce stracciatella o limone,180 g,0.18,al kg,1.89,10.500,2026-09-08,2026-09-20,
md08,MD,Salame,Salame Ungherese o Milano – Buona Spesa!,100 g,0.1,al kg,1.39,13.900,2026-09-08,2026-09-20,
md08,MD,Salame,Salame siciliano con pistacchio,80 g,0.08,al kg,1.79,22.375,2026-09-08,2026-09-20,"Prima 2,19."
md08,MD,Salame,Spianata piccante – La Fattoria,100 g,0.1,al kg,0.99,9.900,2026-09-08,2026-09-20,
md08,MD,Shampoo,Shampoo classic clean 2in1 – Head & Shoulders,500 ml,0.5,al litro,3.99,7.980,2026-09-08,2026-09-20,
md08,MD,Spalmabili,Formaggio fresco spalmabile light – Exquisa,300 g,0.3,al kg,1.39,4.633,2026-09-08,2026-09-20,
md08,MD,Sughi,Sugo pronto mare e monti – Le Specialità di Beppe,300 g,0.3,al kg,2.19,7.300,2026-09-08,2026-09-20,
md08,MD,Suino,Involtini di suino,al kg,1,al kg,10.90,10.900,2026-09-08,2026-09-20,
md08,MD,Tacchino,Arrosto di tacchino – Vivo Meglio,100 g,0.1,al kg,1.09,10.900,2026-09-08,2026-09-20,
md08,MD,Tonno,Tonno Filo d'Olio – Rio Mare,"208 g (sgocc., 4 × 52 g)",0.208,al kg,4.49,21.587,2026-09-08,2026-09-20,Sul volantino anche in confezione da 4×65 g allo stesso prezzo.
md08,MD,Tonno,Tonno al naturale – Poseidon,240 g (3 × 80 g),0.24,al kg,1.69,7.042,2026-09-08,2026-09-20,"Solo con la MD Buona Spesa Card. Senza tessera 1,99, cioè 8,29 al kg. È al naturale, non all'olio."
md08,MD,Tonno,Tonno o pesce spada affumicato – Fish Fine,100 g,0.1,al kg,3.49,34.900,2026-09-08,2026-09-20,"Prima 3,99. È affumicato al banco, e la confezione può essere pesce spada."
md08,MD,Verdura,Melanzane tonde nere,al kg,1,al kg,1.49,1.490,2026-09-08,2026-09-20,
md08,MD,Verdura,Peperoni rossi o gialli,al kg,1,al kg,1.99,1.990,2026-09-08,2026-09-20,
md08,MD,Verdura,Pomodori Piccadilly,500 g,0.5,al kg,1.69,3.380,2026-09-08,2026-09-20,
md08,MD,Verdure surgelate,Spinaci a foglia porzionati,1 kg,1,al kg,1.39,1.390,2026-09-08,2026-09-20,
md08,MD,Vino,I 7 Siciliani IGT Terre Siciliane biologico,75 cl,0.75,al litro,2.99,3.987,2026-09-08,2026-09-20,
md08,MD,Vino,Lucido Terre Siciliane IGT – Enotrium,75 cl,0.75,al litro,1.99,2.653,2026-09-08,2026-09-20,
md08,MD,Vino,Spumante Sauvignon Blanc brut millesimato,75 cl,0.75,al litro,2.99,3.987,2026-09-08,2026-09-20,
md08,MD,Vino,Vino liquoroso moscato o zibibbo,50 cl,0.5,al litro,2.49,4.980,2026-09-08,2026-09-20,
md08,MD,Yogurt,Bevanda allo yogurt stile turco – Ayran,250 g,0.25,al kg,0.39,1.560,2026-09-08,2026-09-20,
md08,MD,Yogurt,Cuore di Kefir Bufala,125 g,0.125,al kg,2.29,18.320,2026-09-08,2026-09-20,
md08,MD,Yogurt,Skyr da bere – Exquisa,250 ml,0.25,al kg,1.39,5.560,2026-09-08,2026-09-20,Solo con la MD Buona Spesa Card.
md08,MD,Yogurt,Yogurt intero bianco – Buona Spesa!,1 kg,1,al kg,1.99,1.990,2026-09-08,2026-09-20,"Prima 2,39. Secchiello da un chilo."
md08,MD,Yogurt,Yogurt proteico magro bianco – Milk Pro,180 g,0.18,al kg,1.00,5.556,2026-09-08,2026-09-20,"Prima 1,45. 20 g di proteine."
bennet10,Bennet,Acqua,Acqua minerale naturale – Lauretana,3 litri (6 × 500 ml),3,al litro,2.45,0.817,2026-09-10,2026-09-23,
bennet10,Bennet,Ammorbidente,Ammorbidente concentrato – Coccolino,87 lavaggi,87,a lavaggio,3.98,0.046,2026-09-10,2026-09-23,
bennet10,Bennet,Bagnoschiuma,Bagnodoccia – Dermomed,650 ml,0.65,al litro,1.49,2.292,2026-09-10,2026-09-23,Tipi vari.
bennet10,Bennet,Bagnoschiuma,Bagnoschiuma – Dove,700 ml,0.7,al litro,4.99,7.129,2026-09-10,2026-09-23,Tipi vari.
bennet10,Bennet,Bagnoschiuma,Docciaschiuma Advanced Care – Dove,225 ml,0.225,al litro,1.95,8.667,2026-09-10,2026-09-23,
bennet10,Bennet,Bagnoschiuma,Sapone liquido mani – Palmolive,600 ml (2 × 300 ml),0.6,al litro,2.99,4.983,2026-09-10,2026-09-23,
bennet10,Bennet,Bibite,Original o Zero – Coca Cola,"3,3 litri (10 × 330 ml)",3.3,al litro,4.89,1.482,2026-09-10,2026-09-23,
bennet10,Bennet,Birra,Birra Hell – Benediktiner,500 ml,0.5,al litro,1.19,2.380,2026-09-10,2026-10-04,"Offerta Oktoberfest, valida fino al 4 ottobre."
bennet10,Bennet,Birra,"Birra Oktoberfest – HB, con bicchiere","1,5 litri (3 × 500 ml)",1.5,al litro,5.89,3.927,2026-09-10,2026-10-04,"Offerta Oktoberfest, valida fino al 4 ottobre."
bennet10,Bennet,Birra,Birra Oktoberfest – Paulaner,500 ml,0.5,al litro,1.39,2.780,2026-09-10,2026-10-04,"Offerta Oktoberfest, valida fino al 4 ottobre. Sul volantino compare anche una seconda confezione a 1,49."
bennet10,Bennet,Birra,Birra Strong Ale o Extreme Ten – Ceres,500 ml,0.5,al litro,1.99,3.980,2026-09-10,2026-09-23,
bennet10,Bennet,Birra,"Birra Weisoktoberfest 5,7° – Edinger",500 ml,0.5,al litro,1.29,2.580,2026-09-10,2026-10-04,"Offerta Oktoberfest, valida fino al 4 ottobre."
bennet10,Bennet,Birra,Birra Weissbier – Kapuziner,500 ml,0.5,al litro,1.99,3.980,2026-09-10,2026-10-04,"Offerta Oktoberfest, valida fino al 4 ottobre."
bennet10,Bennet,Birra,Birra classica o analcolica – Corona,330 ml,0.33,al litro,1.19,3.606,2026-09-10,2026-09-23,
bennet10,Bennet,Birra,Birra – Corona,500 ml,0.5,al litro,1.49,2.980,2026-09-10,2026-09-23,
bennet10,Bennet,Birra,Birra – Hofbräu München,500 ml,0.5,al litro,1.19,2.380,2026-09-10,2026-10-04,"Tipi vari. Offerta Oktoberfest, valida fino al 4 ottobre."
bennet10,Bennet,Birra,"Weissbier – Augustiner Bräu München, con bicchiere","1,5 litri (3 × 500 ml)",1.5,al litro,9.89,6.593,2026-09-10,2026-10-04,"Offerta Oktoberfest, valida fino al 4 ottobre."
bennet10,Bennet,Biscotti,Biscotti Mini Animals – Milka,"99,5 g",0.0995,al kg,1.19,11.960,2026-09-10,2026-09-23,
bennet10,Bennet,Biscotti,Biscotti artigianali – Artebianca,250 g,0.25,al kg,1.74,6.960,2026-09-10,2026-09-23,
bennet10,Bennet,Biscotti,Biscotti rustici integrali – Cabrioni,650 g,0.65,al kg,1.98,3.046,2026-09-10,2026-09-23,
bennet10,Bennet,Bresaola,Bresaola Angus – Gardani,al kg,1,al kg,39.90,39.900,2026-09-10,2026-09-23,Al banco.
bennet10,Bennet,Burro,Burro italiano – Beppino Occelli,125 g,0.125,al kg,3.59,28.720,2026-09-10,2026-09-23,
bennet10,Bennet,Burro,Metà metà burro e vegetale – Prealpi,250 g,0.25,al kg,2.98,11.920,2026-09-10,2026-09-23,
bennet10,Bennet,Dentifricio,Dentifricio – Oral B,225 ml (3 × 75 ml),0.225,al litro,4.89,21.733,2026-09-10,2026-09-23,
bennet10,Bennet,Dentifricio,Dentifricio – Parodontax,75 ml,0.075,al litro,2.99,39.867,2026-09-10,2026-09-23,Tipi vari.
bennet10,Bennet,Formaggio,Formaggio Scimudin,al kg,1,al kg,11.90,11.900,2026-09-10,2026-09-23,Al banco.
bennet10,Bennet,Formaggio,Formaggio duro Grangusto,al kg,1,al kg,11.90,11.900,2026-09-10,2026-09-23,Al banco.
bennet10,Bennet,Formaggio,Formaggio fuso pastorizzato – Tigre,140 g (6 spicchi),0.14,al kg,2.99,21.357,2026-09-10,2026-09-23,
bennet10,Bennet,Formaggio,Mu' di Bruna,al kg,1,al kg,13.90,13.900,2026-09-10,2026-09-23,Al banco.
bennet10,Bennet,Formaggio,Stracchino – Nonno Nanni,200 g,0.2,al kg,2.79,13.950,2026-09-10,2026-09-23,
bennet10,Bennet,Formaggio,Taleggio DOP – Mauri,al kg,1,al kg,11.90,11.900,2026-09-10,2026-09-23,Al banco.
bennet10,Bennet,Frutta,Kiwi polpa gialla Sungold – Zespri,500 g,0.5,al kg,3.18,6.360,2026-09-10,2026-09-23,
bennet10,Bennet,Frutta,Mele Sweetango – Melinda,kg 3,3,al kg,3.45,1.150,2026-09-10,2026-09-23,
bennet10,Bennet,Frutta,Uva bianca o rossa senza semi – Filiera Valore Bennet,750 g,0.75,al kg,2.65,3.533,2026-09-10,2026-09-23,
bennet10,Bennet,Frutta,Uva da tavola Pizzutella bianca,al kg,1,al kg,2.55,2.550,2026-09-10,2026-09-23,
bennet10,Bennet,Frutta,Uva da tavola Red Globe,al kg,1,al kg,1.95,1.950,2026-09-10,2026-09-23,
bennet10,Bennet,Frutta,Uva da tavola nera Palieri,al kg,1,al kg,1.95,1.950,2026-09-10,2026-09-23,
bennet10,Bennet,Frutta,Uva di Mazzarrone IGP,al kg,1,al kg,2.55,2.550,2026-09-10,2026-09-23,
bennet10,Bennet,Gamberi,Code di gambero argentino congelate,kg 2,2,al kg,36.90,18.450,2026-09-10,2026-09-23,
bennet10,Bennet,Gamberi,Mazzancolle tropicali precotte 80/100,kg 1,1,al kg,9.90,9.900,2026-09-10,2026-09-23,
bennet10,Bennet,Gelato,Magnum bomboniera classic o almond – Algida,104 g,0.104,al kg,4.19,40.288,2026-09-10,2026-09-23,
bennet10,Bennet,Gelato,Maxibon classic – Nestlé,384 g (conf. da 4),0.384,al kg,5.49,14.297,2026-09-10,2026-09-23,
bennet10,Bennet,Insalata,Insalata coleslaw – Ortoromi,200 g,0.2,al kg,0.95,4.750,2026-09-10,2026-09-23,
bennet10,Bennet,Lavastoviglie,Detersivo in caps per lavastoviglie – Finish,65 lavaggi,65,a lavaggio,12.90,0.198,2026-09-10,2026-09-23,"Confezioni da 65, 70 o 77 lavaggi allo stesso prezzo: preso il numero più basso."
bennet10,Bennet,Lavatrice,Detersivo in polvere per lavatrice – Bio Presto,62 lavaggi,62,a lavaggio,9.88,0.159,2026-09-10,2026-09-23,
bennet10,Bennet,Lavatrice,Detersivo liquido per lavatrice – Ace,2 × 27 lavaggi,54,a lavaggio,6.99,0.129,2026-09-10,2026-09-23,
bennet10,Bennet,Manzo,Polpa per tonnato di bovino adulto,al kg,1,al kg,18.99,18.990,2026-09-10,2026-09-23,
bennet10,Bennet,Manzo,Roastbeef a fette di bovino adulto – Filiera Valore Bennet,al kg,1,al kg,20.89,20.890,2026-09-10,2026-09-23,
bennet10,Bennet,Merendine,Buondì – Bauli,276 g (conf. da 6),0.276,al kg,2.19,7.935,2026-09-10,2026-09-23,Farcito albicocca o ricoperto al cioccolato.
bennet10,Bennet,Mortadella,Mortadella al pistacchio con cotenna – Felsineo,al kg,1,al kg,13.90,13.900,2026-09-10,2026-09-23,Al banco.
bennet10,Bennet,Mozzarella,Mozzarella in sfoglia – Bayernland,130 g,0.13,al kg,1.99,15.308,2026-09-10,2026-09-23,
bennet10,Bennet,Mozzarella,Mozzarella «Oggi Puoi» Benessere – Granarolo,300 g (3 × 100 g),0.3,al kg,2.99,9.967,2026-09-10,2026-09-23,
bennet10,Bennet,Olio d'oliva,Olio extravergine di oliva DOP – Col di Fiore,750 ml,0.75,al litro,9.90,13.200,2026-09-10,2026-09-23,
bennet10,Bennet,Panati,Mazzancolle tropicali in tempura surgelate – Oggi Pesce,200 g,0.2,al kg,3.99,19.950,2026-09-10,2026-09-23,Impanate in tempura.
bennet10,Bennet,Pancetta,Guanciale,al kg,1,al kg,14.90,14.900,2026-09-10,2026-09-23,Al banco.
bennet10,Bennet,Pane,Focaccia mini alle olive,al kg,1,al kg,11.50,11.500,2026-09-10,2026-09-23,
bennet10,Bennet,Pane,Focaccia mini classica,al kg,1,al kg,11.50,11.500,2026-09-10,2026-09-23,
bennet10,Bennet,Pane,Pagnotta con lievito madre,al kg,1,al kg,4.70,4.700,2026-09-10,2026-09-23,
bennet10,Bennet,Pasta,Pasta per lasagne fresche all'uovo – Giovanni Rana,250 g,0.25,al kg,1.99,7.960,2026-09-10,2026-09-23,
bennet10,Bennet,Pasta,Riccioli all'ortolana o maccheroncini tricolore – Di Bari,500 g,0.5,al kg,1.39,2.780,2026-09-10,2026-09-23,
bennet10,Bennet,Patate,Patate del Fucino IGP,"kg 1,5",1.5,al kg,2.19,1.460,2026-09-10,2026-09-23,
bennet10,Bennet,Patate,Patatine surgelate Kid Smile – McCain,650 g,0.65,al kg,2.95,4.538,2026-09-10,2026-09-23,Surgelate.
bennet10,Bennet,Pesce,Branzino agli aromi,al kg,1,al kg,21.50,21.500,2026-09-10,2026-09-23,
bennet10,Bennet,Pesce,Cozze cotte al naturale,800 g,0.8,al kg,6.90,8.625,2026-09-10,2026-09-23,"Già cotte, non crude."
bennet10,Bennet,Pesce,Filetto di persico africano,al kg,1,al kg,15.90,15.900,2026-09-10,2026-09-23,
bennet10,Bennet,Pesce,Filetto di pesce spada decongelato marinato,al kg,1,al kg,20.90,20.900,2026-09-10,2026-09-23,
bennet10,Bennet,Pesce,Orata,al kg,1,al kg,8.90,8.900,2026-09-10,2026-09-23,
bennet10,Bennet,Pesce,Polpo decongelato,al kg,1,al kg,19.90,19.900,2026-09-10,2026-09-23,
bennet10,Bennet,Pesce,Vongole lupini cotte al naturale,500 g,0.5,al kg,6.90,13.800,2026-09-10,2026-09-23,"Già cotte, non crude."
bennet10,Bennet,Pesce,Vongole veraci cotte al naturale,500 g,0.5,al kg,19.90,39.800,2026-09-10,2026-09-23,"Già cotte, non crude."
bennet10,Bennet,Pollo,Pollo busto – AIA,al kg,1,al kg,5.19,5.190,2026-09-10,2026-09-23,
bennet10,Bennet,Preparati,Buona Domenica – Amadori,700 g,0.7,al kg,6.20,8.857,2026-09-10,2026-09-23,Ripieno di verdure e formaggio.
bennet10,Bennet,Preparati,Hamburger piemontese – Casa Vercelli,200 g,0.2,al kg,4.49,22.450,2026-09-10,2026-09-23,
bennet10,Bennet,Prosciutto,Prosciutto cotto alta qualità Riccafetta – Raspini,al kg,1,al kg,15.90,15.900,2026-09-10,2026-09-23,Al banco.
bennet10,Bennet,Prosciutto,Prosciutto crudo,al kg,1,al kg,15.90,15.900,2026-09-10,2026-09-23,Al banco.
bennet10,Bennet,Ricotta,Ricotta fresca – Caseificio Pini,330 g,0.33,al kg,1.49,4.515,2026-09-10,2026-09-23,
bennet10,Bennet,Ricotta,Ricottine «Oggi Puoi» – Granarolo,200 g (2 × 100 g),0.2,al kg,1.69,8.450,2026-09-10,2026-09-23,
bennet10,Bennet,Riso,Riso Bomba Oro di Spagna – Vignola,500 g,0.5,al kg,5.99,11.980,2026-09-10,2026-09-23,
bennet10,Bennet,Salame,Salame di Milano – Citterio,al kg,1,al kg,19.90,19.900,2026-09-10,2026-09-23,Al banco.
bennet10,Bennet,Salmone,Scaloppa di salmone tagli pregiati – Selezione del pescatore,al kg,1,al kg,23.90,23.900,2026-09-10,2026-09-23,
bennet10,Bennet,Shampoo,Balsamo – Elvive,250 ml,0.25,al litro,2.99,11.960,2026-09-10,2026-09-23,Tipi vari.
bennet10,Bennet,Shampoo,Shampoo o balsamo – Pantene Pro-V,500 ml,0.5,al litro,4.79,9.580,2026-09-10,2026-09-23,Tipi vari.
bennet10,Bennet,Shampoo,Shampoo – I Provenzali,250 ml,0.25,al litro,2.69,10.760,2026-09-10,2026-09-23,Tipi vari.
bennet10,Bennet,Sughi,Pesto alla genovese «Che sugo!» – Biffi,140 g,0.14,al kg,2.98,21.286,2026-09-10,2026-09-23,
bennet10,Bennet,Sughi,Sugo surgelato spaghettata di mare – Esca,400 g,0.4,al kg,3.99,9.975,2026-09-10,2026-09-23,
bennet10,Bennet,Suino,Bistecche di suino,al kg,1,al kg,6.99,6.990,2026-09-10,2026-09-23,
bennet10,Bennet,Suino,Carré di suino affumicato,250 g,0.25,al kg,3.59,14.360,2026-09-10,2026-10-04,"Affumicato. Offerta Oktoberfest, valida fino al 4 ottobre, non fino al 23 come il resto del volantino."
bennet10,Bennet,Suino,Costine di suino affumicate,al kg,1,al kg,11.59,11.590,2026-09-10,2026-10-04,"Affumicate. Offerta Oktoberfest, valida fino al 4 ottobre."
bennet10,Bennet,Suino,Cotolette e nodini di suino italiano – Filiera Valore Bennet,al kg,1,al kg,6.99,6.990,2026-09-10,2026-09-23,
bennet10,Bennet,Tacchino,Fesa di tacchino a fette,al kg,1,al kg,10.59,10.590,2026-09-10,2026-09-23,
bennet10,Bennet,Tonno,Filetto di tonno rosa – Rizzoli,400 g,0.4,al kg,5.99,14.975,2026-09-10,2026-09-23,
bennet10,Bennet,Tonno,Trancio di tonno a pinne gialle marinato decongelato,140 g,0.14,al kg,7.90,56.429,2026-09-10,2026-09-23,
bennet10,Bennet,Uova,Uova fresche da allevamento a terra medie – Le Naturelle,10 uova,10,all'uovo,2.93,0.293,2026-09-10,2026-09-23,
bennet10,Bennet,Verdura,Carote – Filiera Valore Bennet,kg 1,1,al kg,1.15,1.150,2026-09-10,2026-09-23,
bennet10,Bennet,Verdura,Funghi champignon bianchi,500 g,0.5,al kg,1.95,3.900,2026-09-10,2026-09-23,
bennet10,Bennet,Verdura,Radicchio rosso – Ortoromi,175 g,0.175,al kg,1.35,7.714,2026-09-10,2026-09-23,
bennet10,Bennet,Verdure surgelate,Carciofi trifolati surgelati – Pagnan,300 g,0.3,al kg,2.99,9.967,2026-09-10,2026-09-23,
bennet10,Bennet,Verdure surgelate,Coccole surgelate – Bonduelle,300 g,0.3,al kg,2.47,8.233,2026-09-10,2026-09-23,Tortini di verdure.
bennet10,Bennet,Verdure surgelate,Minestrone tradizione con pasta – Findus,450 g,0.45,al kg,2.80,6.222,2026-09-10,2026-09-23,
bennet10,Bennet,Vino,"Cannonau di Sardegna, Alghero Rosato o Vermentino DOC – Sella & Mosca",750 ml,0.75,al litro,3.98,5.307,2026-09-10,2026-09-23,
bennet10,Bennet,Vino,Spumante Brut Diamante – Bosio,750 ml,0.75,al litro,2.99,3.987,2026-09-10,2026-09-23,
bennet10,Bennet,Vino,Valdobbiadene Prosecco Superiore DOCG – Casa Sant'Orsola,750 ml,0.75,al litro,9.49,12.653,2026-09-10,2026-09-23,
bennet10,Bennet,Vitello,Coscia a pezzi di vitello,al kg,1,al kg,17.99,17.990,2026-09-10,2026-09-23,
bennet10,Bennet,Vitello,Reale con osso di vitello,al kg,1,al kg,9.49,9.490,2026-09-10,2026-09-23,
bennet10,Bennet,Yogurt,Muu Muu – Cameo,460 g (4 × 115 g),0.46,al kg,2.68,5.826,2026-09-10,2026-09-23,
carriper04,Carrefour Iper,Pasta,Tortellini al prosciutto crudo – Pastificio Davena,"1,5 kg",1.5,al kg,4.49,2.993,2026-09-10,2026-09-13,"Vale solo dal 10 al 13 settembre («96 ore scontate»), non per tutto il volantino. −54%, prima 9,90. Il volantino stampa 3,00 al kg."
carriper04,Carrefour Iper,Preparati,"Cotolette o nodini di suino, confezione risparmio",al kg,1,al kg,5.59,5.590,2026-09-10,2026-09-13,"Vale solo dal 10 al 13 settembre («96 ore scontate»), non per tutto il volantino. −30%, prima 7,99. 100% italiano."
carriper04,Carrefour Iper,Vino,Chardonnay o Sauvignon o Pinot Grigio Rosato Frizzante – Casa Sant'Orsola,750 ml,0.75,al litro,2.29,3.053,2026-09-10,2026-09-13,"Vale solo dal 10 al 13 settembre («96 ore scontate»), non per tutto il volantino. −42%, prima 3,96. Solo con la tessera SpesAmica Payback."
eurospin10,Eurospin,Asciugatutto,"Asciugatutto decorato, 4 rotoli, 2 veli",4 rotoli,4,al rotolo,1.79,0.448,2026-09-10,2026-09-20,
eurospin10,Eurospin,Asciugatutto,"Asciugatutto, 8 rotoli, 3 veli",8 rotoli,8,al rotolo,3.99,0.499,2026-09-10,2026-09-20,Quantità limitata.
eurospin10,Eurospin,Bibite,ACE,"1,5 litri",1.5,al litro,0.99,0.660,2026-09-10,2026-09-20,
eurospin10,Eurospin,Bibite,Aranciata,"1,5 litri",1.5,al litro,0.59,0.393,2026-09-10,2026-09-20,
eurospin10,Eurospin,Bibite,Cola Zero,"1,5 litri",1.5,al litro,0.49,0.327,2026-09-10,2026-09-20,"Prima 0,69. Il volantino stampa 0,33 al litro."
eurospin10,Eurospin,Bibite,"Cola o Limonata, 6 pezzi",6 × 330 ml,1.98,al litro,1.69,0.854,2026-09-10,2026-09-20,Prezzo a confezione. Quantità limitata.
eurospin10,Eurospin,Bibite,Succo e polpa di pera – Puertosol,"1,2 litri (6 × 200 ml)",1.2,al litro,1.25,1.042,2026-09-10,2026-09-20,Offerta Family.
eurospin10,Eurospin,Bibite,Tè alla pesca o al limone,"1,5 litri",1.5,al litro,0.59,0.393,2026-09-10,2026-09-20,
eurospin10,Eurospin,Birra,Birra Extra Strong – Best Bräu,500 ml,0.5,al litro,0.79,1.580,2026-09-10,2026-09-20,
eurospin10,Eurospin,Birra,Birra Premium Bock Doppio Malto – Best Bräu,"1,32 litri (4 × 330 ml)",1.32,al litro,2.89,2.189,2026-09-10,2026-09-20,
eurospin10,Eurospin,Birra,Birra Premium Lager – Best Bräu,660 ml,0.66,al litro,0.89,1.348,2026-09-10,2026-09-20,
eurospin10,Eurospin,Birra,"Birra Rossa 5,4% – Adler Privat",500 ml,0.5,al litro,0.59,1.180,2026-09-10,2026-09-20,
eurospin10,Eurospin,Birra,Birra Super Strong – Becker's 9.0,330 ml,0.33,al litro,0.85,2.576,2026-09-10,2026-09-20,
eurospin10,Eurospin,Birra,Birra – Best Bräu,500 ml,0.5,al litro,0.49,0.980,2026-09-10,2026-09-20,
eurospin10,Eurospin,Birra,Radler – Best Bräu,500 ml,0.5,al litro,0.55,1.100,2026-09-10,2026-09-20,Offerta Family.
eurospin10,Eurospin,Biscotti,"Biscottini alla vaniglia, 12 pezzi",570 g,0.57,al kg,2.75,4.825,2026-09-10,2026-09-20,"Prima 3,69. Il volantino stampa 4,83 al kg."
eurospin10,Eurospin,Biscotti,Fourré con farcitura al cacao,500 g,0.5,al kg,1.69,3.380,2026-09-10,2026-09-20,"Prima 1,99. Il volantino stampa 3,38 al kg."
eurospin10,Eurospin,Biscotti,Frollini con cacao e nocciole – Dolciando,700 g,0.7,al kg,1.69,2.414,2026-09-10,2026-09-20,"Prima 2,19. Senza olio di palma."
eurospin10,Eurospin,Biscotti,Frollini con gocce di cioccolato – Dolciando,1 kg,1,al kg,2.69,2.690,2026-09-10,2026-09-20,Quantità limitata. Senza olio di palma.
eurospin10,Eurospin,Biscotti,Frollini con granelli di zucchero di canna,700 g,0.7,al kg,1.79,2.557,2026-09-10,2026-09-20,"Prima 2,19. Senza olio di palma."
eurospin10,Eurospin,Bresaola,Bresaola punta d'anca,80 g,0.08,al kg,2.19,27.375,2026-09-10,2026-09-20,"Prima 2,99. È bresaola, salume di bovino: il prezzo al chilo non si confronta con la carne fresca."
eurospin10,Eurospin,Burro,Burro,1 kg,1,al kg,5.89,5.890,2026-09-10,2026-09-20,Quantità limitata.
eurospin10,Eurospin,Caffè,"Capsule caffè espresso, 30 pezzi, compatibili Dolce Gusto",210 g,0.21,al kg,4.79,22.810,2026-09-10,2026-09-20,Quantità limitata.
eurospin10,Eurospin,Carta igienica,"Carta igienica «La Lunghissima», 12 rotoli, 2 veli",12 rotoli,12,al rotolo,6.49,0.541,2026-09-10,2026-09-20,Quantità limitata.
eurospin10,Eurospin,Carta igienica,"Carta igienica «La Morbida», 12 rotoli, 3 veli",12 rotoli,12,al rotolo,2.45,0.204,2026-09-10,2026-09-20,
eurospin10,Eurospin,Conserve,Carciofini alla contadina sott'olio,535 g,0.535,al kg,1.99,3.720,2026-09-10,2026-09-20,Quantità limitata.
eurospin10,Eurospin,Creme,Crema alla nocciola,1 kg,1,al kg,3.79,3.790,2026-09-10,2026-09-20,Quantità limitata.
eurospin10,Eurospin,Formaggio,"Fettine di formaggio fuso, 32 fette",800 g,0.8,al kg,3.49,4.362,2026-09-10,2026-09-20,Quantità limitata.
eurospin10,Eurospin,Formaggio,Grattugiato italiano,250 g,0.25,al kg,2.49,9.960,2026-09-10,2026-09-20,Quantità limitata.
eurospin10,Eurospin,Frutta,Uva Italia,al kg,1,al kg,1.99,1.990,2026-09-10,2026-09-20,
eurospin10,Eurospin,Gamberi,Code di mazzancolla tropicale sgusciate precotte,240 g,0.24,al kg,3.79,15.792,2026-09-10,2026-09-20,"Prima 4,79. Il volantino stampa 15,80 al kg."
eurospin10,Eurospin,Gamberi,Gamberi argentini – Ondina,800 g,0.8,al kg,9.89,12.363,2026-09-10,2026-09-20,"Prima 11,99. Il volantino stampa 12,37 al kg."
eurospin10,Eurospin,Gelato,"Big Cioc con mandorle, 6 pezzi",510 g,0.51,al kg,2.99,5.863,2026-09-10,2026-09-20,Quantità limitata.
eurospin10,Eurospin,Gelato,"Coni gelato gusti assortiti, 6 pezzi",450 g,0.45,al kg,2.19,4.867,2026-09-10,2026-09-20,"Prima 2,89. Il volantino stampa 4,87 al kg."
eurospin10,Eurospin,Gelato,Vaschette gelato gusti assortiti,500 g,0.5,al kg,2.19,4.380,2026-09-10,2026-09-20,"Prima 2,89. Il volantino stampa 4,38 al kg."
eurospin10,Eurospin,Grana,Grana Padano DOP,al kg,1,al kg,9.99,9.990,2026-09-10,2026-09-20,"Prima 13,29. Lo sconto del 25% si vede alla cassa."
eurospin10,Eurospin,Lavatrice,Liquido lavatrice aloe o lavanda,50 lavaggi,50,a lavaggio,4.29,0.086,2026-09-10,2026-09-20,
eurospin10,Eurospin,Lavatrice,Liquido lavatrice classico Superbianco,50 lavaggi,50,a lavaggio,5.49,0.110,2026-09-10,2026-09-20,Quantità limitata.
eurospin10,Eurospin,Legumi,Fagioli borlotti,"6 × 400 g, sgocciolati 1,44 kg",1.44,al kg,1.99,1.382,2026-09-10,2026-09-20,Quantità limitata. Il conto usa il peso sgocciolato.
eurospin10,Eurospin,Manzo,Spalla e reale a fette di bovino adulto,al kg,1,al kg,13.99,13.990,2026-09-10,2026-09-20,
eurospin10,Eurospin,Marmellata,Confettura extra di lamponi – Alpenspitz,340 g,0.34,al kg,2.39,7.029,2026-09-10,2026-09-20,Quantità limitata.
eurospin10,Eurospin,Merendine,Trancino ai 5 cereali,270 g,0.27,al kg,1.79,6.630,2026-09-10,2026-09-20,
eurospin10,Eurospin,Miele,Miele Millefiori,1 kg,1,al kg,5.49,5.490,2026-09-10,2026-09-20,Quantità limitata.
eurospin10,Eurospin,Mortadella,Mortadella Bologna IGP con pistacchio,120 g,0.12,al kg,1.59,13.250,2026-09-10,2026-09-20,"Prima 1,99."
eurospin10,Eurospin,Mozzarella,Ciliegine di mozzarella,150 g,0.15,al kg,0.99,6.600,2026-09-10,2026-09-20,"Prima 1,39. Latte 100% italiano."
eurospin10,Eurospin,Mozzarella,Mozzarella a julienne,500 g,0.5,al kg,3.49,6.980,2026-09-10,2026-09-20,Quantità limitata.
eurospin10,Eurospin,Olio d'oliva,Olio extra vergine di oliva Fruttato o Fruttato Leggero – Frantoio La Rocca,1 litro,1,al litro,4.49,4.490,2026-09-10,2026-09-20,"Prima 5,99."
eurospin10,Eurospin,Olio d'oliva,Olio extra vergine di oliva bio,750 ml,0.75,al litro,6.49,8.653,2026-09-10,2026-09-20,"Prima 8,49. Il volantino stampa 8,66 al litro."
eurospin10,Eurospin,Olio di semi,Olio di semi di girasole,5 litri,5,al litro,6.59,1.318,2026-09-10,2026-09-20,"Prima 7,75."
eurospin10,Eurospin,Panati,"Bastoncini di filetti di merluzzo, 15 pezzi",450 g,0.45,al kg,2.89,6.422,2026-09-10,2026-09-20,"Prima 3,49. Il volantino stampa 6,43 al kg."
eurospin10,Eurospin,Pancetta,Pancetta Premium a cubetti affumicata,400 g (4 × 100 g),0.4,al kg,3.49,8.725,2026-09-10,2026-09-20,Quantità limitata.
eurospin10,Eurospin,Pancetta,Pancetta arrotolata,100 g,0.1,al kg,0.99,9.900,2026-09-10,2026-09-20,"Prima 1,29."
eurospin10,Eurospin,Pane,Taralli multipack,500 g (10 × 50 g),0.5,al kg,1.49,2.980,2026-09-10,2026-09-20,Quantità limitata. Senza olio di palma.
eurospin10,Eurospin,Patate,Patatine da forno,750 g,0.75,al kg,1.39,1.853,2026-09-10,2026-09-20,"Prima 1,79. Il volantino stampa 1,86 al kg."
eurospin10,Eurospin,Pesce,Filetti di branzino spigola – Ondina,380 g,0.38,al kg,6.29,16.553,2026-09-10,2026-09-20,"Prima 7,99. Il volantino stampa 16,56 al kg."
eurospin10,Eurospin,Pesce,Preparato per risotto di mare,300 g,0.3,al kg,1.79,5.967,2026-09-10,2026-09-20,"Prima 2,15. È un misto di frutti di mare, non pesce intero. Il volantino stampa 5,97 al kg."
eurospin10,Eurospin,Pesce,Scampi interi – Ondina,450 g,0.45,al kg,5.99,13.311,2026-09-10,2026-09-20,"Prima 7,19. Il volantino stampa 13,32 al kg."
eurospin10,Eurospin,Pizza,Pizza alle verdure,415 g,0.415,al kg,1.99,4.795,2026-09-10,2026-09-20,"Prima 2,49. Il volantino stampa 4,80 al kg."
eurospin10,Eurospin,Pizza,"Pizza margherita, 3 pezzi",960 g,0.96,al kg,3.49,3.635,2026-09-10,2026-09-20,"Prima 4,35. Il volantino stampa 3,64 al kg."
eurospin10,Eurospin,Pollo,Ali di pollo cotte piccanti,500 g,0.5,al kg,2.99,5.980,2026-09-10,2026-09-20,"Già cotte. Il volantino stampa 5,98 al kg."
eurospin10,Eurospin,Pollo,Fusi e sovracosce di pollo,"Confezione Famiglia, al kg",1,al kg,3.29,3.290,2026-09-10,2026-09-20,
eurospin10,Eurospin,Pomodoro,Passata rustica di pomodoro,680 g,0.68,al kg,0.75,1.103,2026-09-10,2026-09-20,"Prima 0,99. Pomodoro 100% italiano. Il volantino stampa 1,11 al kg."
eurospin10,Eurospin,Pomodoro,Polpa di pomodoro a pezzetti,"2,4 kg (6 × 400 g)",2.4,al kg,2.49,1.038,2026-09-10,2026-09-20,Quantità limitata. 100% pomodori italiani.
eurospin10,Eurospin,Preparati,"Cotolette di pollo, agli spinaci o cordon bleu",240 g,0.24,al kg,1.59,6.625,2026-09-10,2026-09-20,"Prima 2,19. Carne italiana. Il volantino stampa 6,63 al kg."
eurospin10,Eurospin,Preparati,Hamburger di tacchino,204 g,0.204,al kg,1.29,6.324,2026-09-10,2026-09-20,"È tacchino. Il volantino stampa 6,32 al kg."
eurospin10,Eurospin,Preparati,Spiedini di suino,"Confezione Famiglia, 1 kg",1,al kg,8.49,8.490,2026-09-10,2026-09-20,
eurospin10,Eurospin,Prosciutto,Lonzino stagionato,120 g,0.12,al kg,1.99,16.583,2026-09-10,2026-09-20,"Prima 2,49."
eurospin10,Eurospin,Prosciutto,Prosciutto cotto alta qualità 2% di grassi,150 g,0.15,al kg,1.69,11.267,2026-09-10,2026-09-20,Quantità limitata.
eurospin10,Eurospin,Prosciutto,Prosciutto cotto alta qualità Praga,120 g,0.12,al kg,1.69,14.083,2026-09-10,2026-09-20,"Prima 1,99."
eurospin10,Eurospin,Prosciutto,Prosciutto crudo stagionato 24 mesi,100 g,0.1,al kg,3.19,31.900,2026-09-10,2026-09-20,"Prima 3,99. Carne italiana."
eurospin10,Eurospin,Riso,Riso Arborio,5 kg (5 × 1 kg),5,al kg,6.96,1.392,2026-09-10,2026-09-20,Quantità limitata. Riso italiano.
eurospin10,Eurospin,Riso,Riso Basmati,1 kg,1,al kg,1.89,1.890,2026-09-10,2026-09-20,"Prima 2,49."
eurospin10,Eurospin,Salame,Salame ungherese o Milano,150 g,0.15,al kg,1.15,7.667,2026-09-10,2026-09-20,"Prima 1,55. Solo con la tessera Eurospin Family."
eurospin10,Eurospin,Salmone,Filetti di salmone al naturale – Ondina,"150 g, sgocciolati 100 g",0.1,al kg,2.39,23.900,2026-09-10,2026-09-20,"Prima 3,19. È in scatola. Il volantino conta i 100 g sgocciolati: 23,90 al kg."
eurospin10,Eurospin,Spalmabili,Latticino fresco light,300 g,0.3,al kg,1.29,4.300,2026-09-10,2026-09-20,Quantità limitata.
eurospin10,Eurospin,Spalmabili,Robiola,200 g (100 g × 2),0.2,al kg,1.49,7.450,2026-09-10,2026-09-20,"Prima 1,79. Latte 100% italiano. Il volantino stampa 7,45 al kg."
eurospin10,Eurospin,Suino,Lonza o arista di suino a tranci,al kg,1,al kg,6.99,6.990,2026-09-10,2026-09-20,
eurospin10,Eurospin,Tacchino,Cotto di tacchino con olive,90 g,0.09,al kg,0.89,9.889,2026-09-10,2026-09-20,"Prima 1,15. Il volantino stampa 9,89 al kg."
eurospin10,Eurospin,Tonno,Tonno all'olio di oliva pinna gialla – Ondina,960 g (12 × 80 g),0.96,al kg,7.49,7.802,2026-09-10,2026-09-20,"Prima 10,99. Quantità limitata. Confezione grande."
eurospin10,Eurospin,Verdura,"Carote, vaschetta 1 kg",1 kg,1,al kg,0.99,0.990,2026-09-10,2026-09-20,
eurospin10,Eurospin,Verdura,Pomodoro Grappolo,al kg,1,al kg,1.49,1.490,2026-09-10,2026-09-20,
eurospin10,Eurospin,Verdure surgelate,Minestrone 14 verdure,"1,5 kg",1.5,al kg,1.79,1.193,2026-09-10,2026-09-20,"Prima 2,19. Il volantino stampa 1,20 al kg."
eurospin10,Eurospin,Verdure surgelate,Vellutata di verdure,600 g,0.6,al kg,1.59,2.650,2026-09-10,2026-09-20,"Prima 1,99. Il volantino stampa 2,65 al kg."
eurospin10,Eurospin,Vino,Prosecco DOC Treviso Millesimato Extra Dry,750 ml,0.75,al litro,2.99,3.987,2026-09-10,2026-09-20,
eurospin10,Eurospin,Vino,Vino bianco,5 litri,5,al litro,4.19,0.838,2026-09-10,2026-09-20,Quantità limitata.
eurospin10,Eurospin,Yogurt,Fermenti attivi da bere alla fragola o multifrutti,600 g (6 × 100 g),0.6,al kg,1.49,2.483,2026-09-10,2026-09-20,"Prima 1,99. Sono da bere, non vasetti."
eurospin10,Eurospin,Yogurt,Yogurt fragola o banana con confetti al cioccolato,110 g,0.11,al kg,0.49,4.455,2026-09-10,2026-09-20,"Prima 0,69. Solo con la tessera Eurospin Family."
eurospin10,Eurospin,Yogurt,"Yogurt magro da bere 0,1% di grassi",500 g,0.5,al kg,0.79,1.580,2026-09-10,2026-09-20,"Prima 0,99. Il volantino stampa 1,58 al kg."
lidl10,Lidl,Ammorbidente,Ammorbidente diluito – Mon Amour,240 lavaggi (4 × 60),240,a lavaggio,10.69,0.045,2026-09-10,2026-09-12,"Sottocosto, valido fino al 12 settembre."
lidl10,Lidl,Bibite,Bevanda alla pesca – Pfanner,2 litri,2,al litro,1.69,0.845,2026-09-10,2026-09-16,
lidl10,Lidl,Bibite,"Bevande Zero ACE, Frutti rossi o Multifrutti – Derby Blue",1 litro,1,al litro,0.89,0.890,2026-09-10,2026-09-12,"Sottocosto, valido fino al 12 settembre."
lidl10,Lidl,Bibite,Coca-Cola Zero,"3 litri (2 × 1,5 l)",3,al litro,2.69,0.897,2026-09-10,2026-09-16,
lidl10,Lidl,Bibite,SanThè pesca o limone – Sant'Anna,"1,5 litri",1.5,al litro,0.59,0.393,2026-09-10,2026-09-12,"Sottocosto, valido fino al 12 settembre."
lidl10,Lidl,Birra,Birra Helles – Perlenbacher,500 ml,0.5,al litro,0.65,1.300,2026-09-10,2026-09-16,
lidl10,Lidl,Birra,Birra lager – Bavaria,500 ml,0.5,al litro,0.79,1.580,2026-09-10,2026-09-16,
lidl10,Lidl,Birra,Nastro Azzurro «Stile Capri» – Peroni,330 ml,0.33,al litro,0.99,3.000,2026-09-10,2026-09-16,
lidl10,Lidl,Biscotti,Fette Dorate – Mulino Bianco,630 g,0.63,al kg,1.65,2.619,2026-09-10,2026-09-16,Con la carta Lidl Plus.
lidl10,Lidl,Biscotti,Fior di panna – Realforno,700 g,0.7,al kg,1.50,2.143,2026-09-10,2026-09-16,
lidl10,Lidl,Biscotti,Galletti – Mulino Bianco,800 g,0.8,al kg,2.69,3.362,2026-09-10,2026-09-16,
lidl10,Lidl,Bresaola,Carpaccio di bresaola – Dal Salumiere,80 g,0.08,al kg,2.00,25.000,2026-09-10,2026-09-16,
lidl10,Lidl,Carta igienica,Carta Igienica «Pulito Completo» Maxi – Scottex,12 rotoli,12,al rotolo,4.69,0.391,2026-09-10,2026-09-12,"Sottocosto, valido fino al 12 settembre."
lidl10,Lidl,Cereali,"Porridge con yogurt, avena e cioccolato – Milk Pro",200 g,0.2,al kg,1.50,7.500,2026-09-10,2026-09-16,
lidl10,Lidl,Cioccolato,Cioccolato fondente 70% Ecuador – J.D. Gross,125 g,0.125,al kg,1.50,12.000,2026-09-10,2026-09-16,Con la carta Lidl Plus.
lidl10,Lidl,Cioccolato,Palle di Mozart ricoperte di cioccolato – AlpenFestStyle,200 g,0.2,al kg,2.99,14.950,2026-09-10,2026-09-16,
lidl10,Lidl,Conserve,Cetrioli a strisce – AlpenFestStyle,360 g (sgocc.),0.36,al kg,1.29,3.583,2026-09-10,2026-09-16,
lidl10,Lidl,Dentifricio,Dentifricio Max White – Colgate,75 ml,0.075,al litro,2.49,33.200,2026-09-10,2026-09-16,Carbon o Optic.
lidl10,Lidl,Formaggio,Brie – Milbona,200 g,0.2,al kg,1.50,7.500,2026-09-10,2026-09-16,Con la carta Lidl Plus.
lidl10,Lidl,Formaggio,Cheddar a fette mature – Milbona,250 g,0.25,al kg,2.00,8.000,2026-09-10,2026-09-16,Con la carta Lidl Plus.
lidl10,Lidl,Formaggio,Formaggio all'aglio orsino ed erbe – AlpenFestStyle,200 g,0.2,al kg,2.99,14.950,2026-09-10,2026-09-16,
lidl10,Lidl,Formaggio,Formaggio grattugiato italiano – Antichi Maestri,100 g,0.1,al kg,1.00,10.000,2026-09-10,2026-09-16,
lidl10,Lidl,Formaggio,Gran Biraghi Grattugiato,200 g,0.2,al kg,2.59,12.950,2026-09-10,2026-09-12,"Sottocosto, valido fino al 12 settembre."
lidl10,Lidl,Formaggio,Primosale – Latteria,200 g,0.2,al kg,1.50,7.500,2026-09-10,2026-09-16,
lidl10,Lidl,Formaggio,Stracchino con fermenti del Kefir – Granarolo,160 g,0.16,al kg,1.50,9.375,2026-09-10,2026-09-16,
lidl10,Lidl,Formaggio,Stracchino – Granarolo,160 g,0.16,al kg,1.09,6.812,2026-09-10,2026-09-12,"Sottocosto, valido fino al 12 settembre."
lidl10,Lidl,Frutta,Mele Gala del Trentino/Alto Adige IGP,al kg,1,al kg,1.49,1.490,2026-09-10,2026-09-13,Valide dal 10 al 13 settembre.
lidl10,Lidl,Frutta,Melone Giallo,al kg,1,al kg,0.99,0.990,2026-09-10,2026-09-16,Con la carta Lidl Plus.
lidl10,Lidl,Frutta,Nettarine IGP di Romagna,600 g,0.6,al kg,1.50,2.500,2026-09-10,2026-09-16,
lidl10,Lidl,Frutta,Pere Carmen,al kg,1,al kg,2.19,2.190,2026-09-10,2026-09-16,Con la carta Lidl Plus.
lidl10,Lidl,Frutta,Uva bianca,1 kg,1,al kg,1.69,1.690,2026-09-10,2026-09-16,
lidl10,Lidl,Gelato,Coni gelato – Bon Gelati,450 g,0.45,al kg,2.29,5.089,2026-09-10,2026-09-16,
lidl10,Lidl,Gelato,Stecco gelato con cioccolato al latte e mandorle – Bon Gelati,450 g,0.45,al kg,2.79,6.200,2026-09-10,2026-09-16,
lidl10,Lidl,Lavatrice,Detersivo lavatrice – Omino Bianco,50 lavaggi,50,a lavaggio,3.39,0.068,2026-09-10,2026-09-12,"Sottocosto, valido fino al 12 settembre."
lidl10,Lidl,Legumi,Fagioli rossi – Campo Largo,255 g (sgocc.),0.255,al kg,0.50,1.961,2026-09-10,2026-09-16,Con la carta Lidl Plus.
lidl10,Lidl,Manzo,Carpaccio di bovino adulto scottona,al kg,1,al kg,19.99,19.990,2026-09-10,2026-09-16,
lidl10,Lidl,Manzo,Macinato magro di bovino adulto,400 g,0.4,al kg,4.79,11.975,2026-09-10,2026-09-16,Con la carta Lidl Plus.
lidl10,Lidl,Marmellata,Confettura Light – Maribel,380 g,0.38,al kg,1.50,3.947,2026-09-10,2026-09-16,
lidl10,Lidl,Marmellata,Confettura extra – AlpenFestStyle,450 g,0.45,al kg,2.79,6.200,2026-09-10,2026-09-16,
lidl10,Lidl,Marmellata,"Rote Grütze, composta di frutti di bosco – AlpenFestStyle",500 g,0.5,al kg,2.49,4.980,2026-09-10,2026-09-16,
lidl10,Lidl,Merendine,Croissant Passione alla ciliegia – Bauli,500 g (10 × 50 g),0.5,al kg,1.99,3.980,2026-09-10,2026-09-12,"Sottocosto, valido fino al 12 settembre."
lidl10,Lidl,Merendine,Girella con uvetta – Nostro Pane,100 g,0.1,al kg,0.69,6.900,2026-09-10,2026-09-16,
lidl10,Lidl,Merendine,Plumcake – Mulino Bianco,330 g,0.33,al kg,1.39,4.212,2026-09-10,2026-09-16,Con la carta Lidl Plus.
lidl10,Lidl,Merendine,Strudelini – Sondey,200 g,0.2,al kg,1.00,5.000,2026-09-10,2026-09-16,Con la carta Lidl Plus.
lidl10,Lidl,Mozzarella,Mozzarella di latte di bufala – Merivio,100 g,0.1,al kg,1.00,10.000,2026-09-10,2026-09-16,
lidl10,Lidl,Olio di semi,Olio spray per friggitrice ad aria – Olidì,200 ml,0.2,al litro,2.00,10.000,2026-09-10,2026-09-16,
lidl10,Lidl,Panati,2 Burger di merluzzo d'Alaska – Gastronomia di Mare,200 g,0.2,al kg,2.19,10.950,2026-09-10,2026-09-16,
lidl10,Lidl,Panati,Bastoncini di filetto di merluzzo d'Alaska – Ocean Sea,450 g,0.45,al kg,2.79,6.200,2026-09-10,2026-09-16,Con la carta Lidl Plus.
lidl10,Lidl,Pancetta,Pancetta arrotolata a fette – Dal Salumiere,100 g,0.1,al kg,1.00,10.000,2026-09-10,2026-09-16,Con la carta Lidl Plus.
lidl10,Lidl,Pane,Cracker Protein-G – Galbusera,280 g,0.28,al kg,2.00,7.143,2026-09-10,2026-09-16,
lidl10,Lidl,Pane,Grissini brezel – AlpenFestStyle,150 g,0.15,al kg,1.99,13.267,2026-09-10,2026-09-16,
lidl10,Lidl,Pane,Pan Bauletto bianco – Mulino Bianco,400 g,0.4,al kg,0.79,1.975,2026-09-10,2026-09-16,Con la carta Lidl Plus.
lidl10,Lidl,Pasta,Fettuccine all'aglio orsino – AlpenFestStyle,310 g,0.31,al kg,1.29,4.161,2026-09-10,2026-09-16,
lidl10,Lidl,Patate,Crocchette di patate ripiene – AlpenFestStyle,600 g,0.6,al kg,2.99,4.983,2026-09-10,2026-09-16,
lidl10,Lidl,Patate,Patate Bologna DOP,"1,5 kg",1.5,al kg,1.99,1.327,2026-09-10,2026-09-16,
lidl10,Lidl,Pesce,Orata eviscerata – Gastronomia di Mare,560 g,0.56,al kg,5.59,9.982,2026-09-10,2026-09-16,
lidl10,Lidl,Pizza,Pizza Margherita 26×38 – Italpizza,485 g,0.485,al kg,2.79,5.753,2026-09-10,2026-09-16,
lidl10,Lidl,Pollo,Quarto posteriore di pollo,"2,45 kg",2.45,al kg,6.79,2.771,2026-09-10,2026-09-16,
lidl10,Lidl,Pollo,Tagliata di petto di pollo «Chicken salad»,350 g,0.35,al kg,2.99,8.543,2026-09-10,2026-09-16,Con la carta Lidl Plus.
lidl10,Lidl,Pomodoro,Salsa pronta di pomodori ciliegini – Mutti,400 g,0.4,al kg,1.50,3.750,2026-09-10,2026-09-16,
lidl10,Lidl,Preparati,Cotoletta di maiale alla viennese – AlpenFestStyle,750 g,0.75,al kg,5.99,7.987,2026-09-10,2026-09-16,
lidl10,Lidl,Preparati,Hamburger di tacchino con speck,204 g (2 × 102 g),0.204,al kg,1.49,7.304,2026-09-10,2026-09-16,
lidl10,Lidl,Preparati,Maxi cotoletta di tacchino,280 g,0.28,al kg,2.79,9.964,2026-09-10,2026-09-16,
lidl10,Lidl,Prosciutto,Prosciutto cotto di alta qualità – Rovagnati,150 g,0.15,al kg,1.89,12.600,2026-09-10,2026-09-12,"Sottocosto, valido fino al 12 settembre."
lidl10,Lidl,Prosciutto,Prosciutto crudo stagionato – Crudodolce,150 g,0.15,al kg,2.89,19.267,2026-09-10,2026-09-12,"Sottocosto, valido fino al 12 settembre."
lidl10,Lidl,Salame,Kabanos salamini affumicati – AlpenFestStyle,250 g,0.25,al kg,2.99,11.960,2026-09-10,2026-09-16,
lidl10,Lidl,Salame,Salame Nostrano a fette – Dal Salumiere,200 g (2 × 100 g),0.2,al kg,1.39,6.950,2026-09-10,2026-09-13,"Offerta «1+1», valida dal 10 al 13 settembre."
lidl10,Lidl,Salame,Salamini affumicati classici o al peperoncino – AlpenFestStyle,250 g,0.25,al kg,3.49,13.960,2026-09-10,2026-09-16,
lidl10,Lidl,Salmone,Filetto di salmone marinato – Gastronomia di Mare,250 g,0.25,al kg,4.79,19.160,2026-09-10,2026-09-16,Con la carta Lidl Plus.
lidl10,Lidl,Salmone affumicato,Salmone norvegese affumicato – Gastronomia di Mare,200 g,0.2,al kg,3.99,19.950,2026-09-10,2026-09-13,Valido dal 10 al 13 settembre.
lidl10,Lidl,Salsiccia,Salsicce alla birra – AlpenFestStyle,340 g,0.34,al kg,2.99,8.794,2026-09-10,2026-09-16,
lidl10,Lidl,Salsiccia,"Salsiccia di pollo, tacchino e suino – AIA",400 g,0.4,al kg,2.79,6.975,2026-09-10,2026-09-12,"Sottocosto, valido fino al 12 settembre."
lidl10,Lidl,Salsiccia,Salsiccia di suino alla toscana,500 g,0.5,al kg,2.49,4.980,2026-09-10,2026-09-13,Valida dal 10 al 13 settembre.
lidl10,Lidl,Salsiccia,Salsiccia tipo Napoli – Salumeo,320 g,0.32,al kg,2.00,6.250,2026-09-10,2026-09-16,
lidl10,Lidl,Shampoo,Fructis Shampoo – Garnier,400 ml,0.4,al litro,3.19,7.975,2026-09-10,2026-09-16,
lidl10,Lidl,Shampoo,Maschera Capelli – Garnier,320 ml,0.32,al litro,3.99,12.469,2026-09-10,2026-09-16,
lidl10,Lidl,Shampoo,Pro-V Balsamo – Pantene,500 ml,0.5,al litro,4.89,9.780,2026-09-10,2026-09-16,
lidl10,Lidl,Shampoo,Pro-V Shampoo – Pantene,625 ml,0.625,al litro,4.89,7.824,2026-09-10,2026-09-16,
lidl10,Lidl,Spalmabili,Philadelphia Light,190 g,0.19,al kg,1.79,9.421,2026-09-10,2026-09-16,
lidl10,Lidl,Suino,Braciole di suino,350 g,0.35,al kg,2.19,6.257,2026-09-10,2026-09-16,
lidl10,Lidl,Suino,Stinco di suino marinato e precotto – AlpenFestStyle,600 g,0.6,al kg,3.79,6.317,2026-09-10,2026-09-16,
lidl10,Lidl,Suino,Tagliata di coppa di suino marinata,250 g,0.25,al kg,2.09,8.360,2026-09-10,2026-09-16,
lidl10,Lidl,Tonno,Filetti di tonno a pinne gialle all'olio d'oliva – Nixe,"560 g (sgocc., 4 × 140 g)",0.56,al kg,9.87,17.625,2026-09-10,2026-09-13,"Offerta «3+1», valida dal 10 al 13 settembre."
lidl10,Lidl,Verdura,Carote,1 kg,1,al kg,0.89,0.890,2026-09-10,2026-09-13,Valide dal 10 al 13 settembre.
lidl10,Lidl,Vino,Chardonnay Frizzante – Allini,750 ml,0.75,al litro,1.50,2.000,2026-09-10,2026-09-16,
lidl10,Lidl,Vino,Chianti DOCG Riserva – Corte alle Mura,"2,25 litri (3 × 0,75 l)",2.25,al litro,8.58,3.813,2026-09-10,2026-09-13,Valido dal 10 al 13 settembre.
lidl10,Lidl,Yogurt,Yogurt bio alla frutta – Milbona,150 g,0.15,al kg,0.50,3.333,2026-09-10,2026-09-16,
mercato,Mercatò,Frutta,Banane bioequosolidali Natura Chiama – Selex,al kg,1,al kg,1.99,1.990,2026-09-10,2026-09-16,
mercato,Mercatò,Frutta,Pere Williams bianche Opera,al kg,1,al kg,2.99,2.990,2026-09-10,2026-09-16,Origine Italia.
mercato,Mercatò,Insalata,Armonia – Bonduelle,170 g,0.17,al kg,1.49,8.765,2026-09-10,2026-09-16,"Il volantino stampa 8,76 al kg."
mercato,Mercatò,Insalata,Insalata ricca Natura Chiama – Selex,140 g,0.14,al kg,1.99,14.214,2026-09-10,2026-09-16,"Solo con Fidelity Card. Il volantino stampa 14,21 al kg."
mercato,Mercatò,Patate,Patate Iodì – Pizzoli,"1,25 kg",1.25,al kg,2.49,1.992,2026-09-10,2026-09-16,"Il volantino stampa 1,99 al kg."
mercato,Mercatò,Verdura,Zucchine chiare,al kg,1,al kg,1.99,1.990,2026-09-10,2026-09-16,
eurospin10,Eurospin,Biscotti,Frollini classici,1 kg,1,al kg,1.29,1.290,2026-09-11,2026-09-13,"«Doppio weekend di follia», valido solo da venerdì 11 a domenica 13 settembre."
eurospin10,Eurospin,Frutta,Mirtilli,250 g,0.25,al kg,2.49,9.960,2026-09-11,2026-09-13,"«Doppio weekend di follia», valido solo da venerdì 11 a domenica 13 settembre."
eurospin10,Eurospin,Latte,Latte alta digeribilità scremato UHT,3 litri (6 × 500 ml),3,al litro,3.00,1.000,2026-09-11,2026-09-13,"«Doppio weekend di follia», valido solo da venerdì 11 a domenica 13 settembre e solo comprando le 6 confezioni insieme."
eurospin10,Eurospin,Ricotta,Mascarpone cremoso,500 g,0.5,al kg,1.99,3.980,2026-09-11,2026-09-13,"«Doppio weekend di follia», valido solo da venerdì 11 a domenica 13 settembre."
eurospin10,Eurospin,Tonno,Tonno pinna gialla all'olio extravergine di oliva – Ondina,240 g (3 × 80 g),0.24,al kg,2.79,11.625,2026-09-11,2026-09-13,"«Doppio weekend di follia», valido solo da venerdì 11 a domenica 13 settembre."
eurospin10,Eurospin,Frutta,Melone Giallo,al kg,1,al kg,0.89,0.890,2026-09-14,2026-09-20,Valido dal 14 settembre.
eurospin10,Eurospin,Frutta,Pere Coscia,750 g,0.75,al kg,1.99,2.653,2026-09-14,2026-09-20,Valido dal 14 settembre.
eurospin10,Eurospin,Insalata,Insalata Misticanza,125 g,0.125,al kg,0.79,6.320,2026-09-14,2026-09-20,Valido dal 14 settembre.
lidl10,Lidl,Biscotti,Baiocchi alla nocciola – Mulino Bianco,336 g,0.336,al kg,2.99,8.899,2026-09-14,2026-09-16,Valido dal 14 settembre.
lidl10,Lidl,Biscotti,Savoiardi Sardi – Italiamo,350 g,0.35,al kg,1.99,5.686,2026-09-14,2026-09-16,Valido dal 14 settembre.
lidl10,Lidl,Caffè,Crema e Gusto Espresso Forte in grani – Lavazza,1 kg,1,al kg,14.99,14.990,2026-09-14,2026-09-16,Valido dal 14 settembre.
lidl10,Lidl,Cereali,Porridge Frutti rossi – Cameo Vitalis,56 g,0.056,al kg,1.00,17.857,2026-09-14,2026-09-16,Valido dal 14 settembre.
lidl10,Lidl,Cereali,Porridge classico – Cameo Vitalis,58 g,0.058,al kg,1.00,17.241,2026-09-14,2026-09-16,Valido dal 14 settembre.
lidl10,Lidl,Formaggio,Provola affumicata in acqua – Italiamo,250 g (sgocc.),0.25,al kg,1.99,7.960,2026-09-14,2026-09-16,Valido dal 14 settembre.
lidl10,Lidl,Formaggio,Tomini con speck – Italiamo,195 g,0.195,al kg,2.29,11.744,2026-09-14,2026-09-16,Valido dal 14 settembre.
lidl10,Lidl,Frutta,Susine,1 kg,1,al kg,1.29,1.290,2026-09-14,2026-09-16,Valido dal 14 settembre.
lidl10,Lidl,Merendine,Pandorì all'albicocca – Bauli,178 g,0.178,al kg,2.00,11.236,2026-09-14,2026-09-16,Valido dal 14 settembre.
lidl10,Lidl,Merendine,Sfogliatine glassate con crema al cacao – Italiamo,200 g,0.2,al kg,1.29,6.450,2026-09-14,2026-09-16,Valido dal 14 settembre.
lidl10,Lidl,Panati,Fritto misto – Italiamo,300 g,0.3,al kg,3.49,11.633,2026-09-14,2026-09-16,Valido dal 14 settembre.
lidl10,Lidl,Pane,Focaccia ripiena con mortadella e mozzarella – Italiamo,360 g,0.36,al kg,2.99,8.306,2026-09-14,2026-09-16,Valido dal 14 settembre.
lidl10,Lidl,Pane,Piadelle Classiche – Mulino Bianco,300 g,0.3,al kg,1.59,5.300,2026-09-14,2026-09-16,Valido dal 14 settembre.
lidl10,Lidl,Pasta,"Culurgiones classici, ripieno di patate e formaggio – Italiamo",500 g,0.5,al kg,2.99,5.980,2026-09-14,2026-09-16,Valido dal 14 settembre.
lidl10,Lidl,Pasta,Gnocchi ripieni con cacio e pepe – Italiamo,500 g,0.5,al kg,1.99,3.980,2026-09-14,2026-09-16,Valido dal 14 settembre.
lidl10,Lidl,Pasta,Pasta e broccoli – Italiamo,500 g,0.5,al kg,1.99,3.980,2026-09-14,2026-09-16,Valido dal 14 settembre.
lidl10,Lidl,Pesce,Carpaccio di polpo con olive leccino – Italiamo,150 g,0.15,al kg,3.49,23.267,2026-09-14,2026-09-16,Valido dal 14 settembre.
lidl10,Lidl,Pizza,"Pizza con mortadella, provolone e pistacchi – Italiamo",350 g,0.35,al kg,2.99,8.543,2026-09-14,2026-09-16,Valido dal 14 settembre.
lidl10,Lidl,Pizza,"Pizza con mozzarella, pomodorini, speck e burrata – Italiamo",350 g,0.35,al kg,2.99,8.543,2026-09-14,2026-09-16,Valido dal 14 settembre.
lidl10,Lidl,Pizza,"Pizza in stile napoletano, piccante o rustica – Italiamo",398 g,0.398,al kg,2.99,7.513,2026-09-14,2026-09-16,Valido dal 14 settembre.
lidl10,Lidl,Prosciutto,Fiocchetto – Italiamo,80 g,0.08,al kg,1.99,24.875,2026-09-14,2026-09-16,Valido dal 14 settembre.
lidl10,Lidl,Ricotta,Ricotta dolce al limone – Italiamo,180 g,0.18,al kg,1.99,11.056,2026-09-14,2026-09-16,Valido dal 14 settembre.
lidl10,Lidl,Suino,"Arista arrosto alla salvia, a fette – Italiamo",90 g,0.09,al kg,1.69,18.778,2026-09-14,2026-09-16,Valido dal 14 settembre.
lidl10,Lidl,Verdura,Champignon,500 g,0.5,al kg,1.49,2.980,2026-09-14,2026-09-16,Valido dal 14 settembre.
lidl10,Lidl,Verdura,Peperone Corno Sweet Palermo,500 g,0.5,al kg,1.69,3.380,2026-09-14,2026-09-16,Valido dal 14 settembre.
lidl10,Lidl,Verdura,Zucca Delica,al kg,1,al kg,1.19,1.190,2026-09-14,2026-09-16,Valido dal 14 settembre.
lidl10,Lidl,Verdure surgelate,"Contorno di patate, carote, zucchine e olive – Italiamo",450 g,0.45,al kg,1.99,4.422,2026-09-14,2026-09-16,Valido dal 14 settembre.
lidl10,Lidl,Verdure surgelate,Patate e peperoni grigliati – Italiamo,450 g,0.45,al kg,1.99,4.422,2026-09-14,2026-09-16,Valido dal 14 settembre.
lidl10,Lidl,Vino,Nero d'Avola Sicilia DOC – Settesoli,750 ml,0.75,al litro,2.89,3.853,2026-09-14,2026-09-16,Valido dal 14 settembre.
carrcoca15,Carrefour Iper,Bibite,"Fanta o Sprite, gusti assortiti","1,5 litri",1.5,al litro,1.59,1.060,2026-09-15,2026-10-12,
carrcoca15,Carrefour Iper,Bibite,"Fuze Tea, gusti assortiti","1,25 litri",1.25,al litro,1.39,1.112,2026-09-15,2026-10-12,
carrcoca15,Carrefour Iper,Bibite,"Monster Energy, gusti assortiti",500 ml,0.5,al litro,1.29,2.580,2026-09-15,2026-10-12,
carrcoca15,Carrefour Iper,Bibite,"Powerade, gusti assortiti",500 ml,0.5,al litro,0.99,1.980,2026-09-15,2026-10-12,
carrcoca15,Carrefour Iper,Bibite,Regular o Zero Zuccheri – Coca-Cola,2 litri,2,al litro,2.29,1.145,2026-09-15,2026-10-12,
carrcoca15,Carrefour Iper,Bibite,Tonic Water o Lemon Taste – Kinley,1 litro,1,al litro,0.99,0.990,2026-09-15,2026-10-12,
carriper15,Carrefour Iper,Acqua,"Acqua naturale o frizzante – Valmora, conf. 6 pezzi","9 litri (6 × 1,5 l)",9,al litro,1.59,0.177,2026-09-15,2026-09-25,"−40%, prima 2,70. Solo con la tessera SpesAmica Payback."
carriper15,Carrefour Iper,Birra,Birra in lattina – Tuborg,500 ml,0.5,al litro,0.99,1.980,2026-09-15,2026-09-25,
carriper15,Carrefour Iper,Biscotti,Biscotti Oro – Saiwa,1 kg,1,al kg,2.29,2.290,2026-09-15,2026-09-25,"Comprando 3 pezzi o più costa 1,99 al pezzo."
carriper15,Carrefour Iper,Bresaola,Bresaola della Valtellina IGP – Beretta,70 g,0.07,al kg,2.99,42.714,2026-09-15,2026-09-25,"−33%, prima 4,47. Solo con la tessera SpesAmica Payback."
carriper15,Carrefour Iper,Caffè,"Macinato Granaroma – Vergnano, conf. 4 pezzi",1 kg (4 × 250 g),1,al kg,13.59,13.590,2026-09-15,2026-09-25,"−32%, prima 19,99. Solo con la tessera SpesAmica Payback."
carriper15,Carrefour Iper,Calamari,"Tentacolo di totano gigante, decongelato",al kg,1,al kg,8.90,8.900,2026-09-15,2026-09-25,"−25%, prima 11,90."
carriper15,Carrefour Iper,Cioccolato,Tavoletta fondente −30% di zuccheri – Novi,100 g,0.1,al kg,2.29,22.900,2026-09-15,2026-09-25,"−22%, prima 2,94."
carriper15,Carrefour Iper,Formaggio,Camoscio d'Oro,al kg,1,al kg,14.90,14.900,2026-09-15,2026-09-25,"−23%, prima 1,95 all'etto."
carriper15,Carrefour Iper,Formaggio,Formaggio del Contadino – Pama,al kg,1,al kg,11.34,11.340,2026-09-15,2026-09-25,"−40%, prima 1,89 all'etto."
carriper15,Carrefour Iper,Formaggio,Gorgonzola DOP – Terre d'Italia,al kg,1,al kg,12.70,12.700,2026-09-15,2026-09-25,"−20%, prima 1,59 all'etto."
carriper15,Carrefour Iper,Formaggio,Leerdammer,al kg,1,al kg,13.50,13.500,2026-09-15,2026-09-25,
carriper15,Carrefour Iper,Formaggio,Provolone Piccante – Auricchio,al kg,1,al kg,16.90,16.900,2026-09-15,2026-09-25,"−21%, prima 21,50 al kg. Comprando 5 etti o più costa 14,90 al kg."
carriper15,Carrefour Iper,Frutta,Mele Golden sfuse,al kg,1,al kg,0.89,0.890,2026-09-15,2026-09-25,"−50%, prima 1,79. Comprando 3 kg o più costa 0,79 al kg."
carriper15,Carrefour Iper,Gamberi,Mazzancolle tropicali cotte,al kg,1,al kg,10.90,10.900,2026-09-15,2026-09-25,"−26%, prima 14,90. Già cotte. Comprando 2 kg o più costa 8,90 al kg."
carriper15,Carrefour Iper,Gelato,Carte D'Or Classic – Algida,500 g,0.5,al kg,2.99,5.980,2026-09-15,2026-09-25,"−40%, prima 4,99. Solo con la tessera SpesAmica Payback."
carriper15,Carrefour Iper,Grana,Grana Padano DOP grattugiato – Latteria Soresina,100 g,0.1,al kg,1.29,12.900,2026-09-15,2026-09-25,"−43%, prima 2,27. Solo con la tessera SpesAmica Payback."
carriper15,Carrefour Iper,Grana,"Parmigiano Reggiano DOP stagionato 22 mesi, confezione famiglia",al kg,1,al kg,18.90,18.900,2026-09-15,2026-09-25,"Comprando 2 kg o più costa 17,90 al kg."
carriper15,Carrefour Iper,Latte,Latte UHT parzialmente scremato – Polenghi,1 litro,1,al litro,0.69,0.690,2026-09-15,2026-09-25,"−45%, prima 1,26."
carriper15,Carrefour Iper,Manzo,Carpaccio di bovino adulto,al kg,1,al kg,19.99,19.990,2026-09-15,2026-09-25,"−29%, prima 28,49."
carriper15,Carrefour Iper,Marmellata,Confetture Bio – Rigoni di Asiago,330 g,0.33,al kg,3.39,10.273,2026-09-15,2026-09-25,"−36%, prima 5,30. Solo con la tessera SpesAmica Payback."
carriper15,Carrefour Iper,Merluzzo,5 filetti di merluzzo d'Alaska – Frosta,340 g,0.34,al kg,3.99,11.735,2026-09-15,2026-09-25,"−43%, prima 7,00. Surgelato. Solo con la tessera SpesAmica Payback."
carriper15,Carrefour Iper,Miele,Miele dosatore – Millefiori,400 g,0.4,al kg,2.69,6.725,2026-09-15,2026-09-25,"−21%, prima 3,41. Solo con la tessera SpesAmica Payback."
carriper15,Carrefour Iper,Mortadella,Mortadella Bologna IGP – Bonomia,al kg,1,al kg,11.90,11.900,2026-09-15,2026-09-25,"−25%, prima 15,90 al kg. Comprando 3 etti o più costa 10,90 al kg."
carriper15,Carrefour Iper,Mozzarella,"Mozzarella Fior di Latte – Caseificio Pugliese, conf. 3 pezzi",300 g (3 × 100 g),0.3,al kg,1.99,6.633,2026-09-15,2026-09-25,"−46%, prima 3,75."
carriper15,Carrefour Iper,Olio d'oliva,Olio extravergine di oliva 100% italiano – Desantis,1 litro,1,al litro,5.79,5.790,2026-09-15,2026-09-25,"−49%, prima 11,36. Solo con la tessera SpesAmica Payback."
carriper15,Carrefour Iper,Olio d'oliva,Olio extravergine di oliva – Ulisse Clemente,1 litro,1,al litro,4.59,4.590,2026-09-15,2026-09-25,"−45%, prima 8,35. Solo con la tessera SpesAmica Payback."
carriper15,Carrefour Iper,Pancetta,Pancetta arrotolata,al kg,1,al kg,16.90,16.900,2026-09-15,2026-09-25,"−21%, prima 2,15 all'etto."
carriper15,Carrefour Iper,Patate,"Patate al selenio, rete 1,5 kg",al kg,1,al kg,1.79,1.790,2026-09-15,2026-09-25,"−20%, prima 2,24 al kg."
carriper15,Carrefour Iper,Pesce,Branzino,al kg,1,al kg,8.49,8.490,2026-09-15,2026-09-25,"−43%, prima 14,90. Comprando 3 kg o più costa 7,99 al kg."
carriper15,Carrefour Iper,Pollo,"Fusi e sovracosce di pollo, conf. 6 pezzi",al kg,1,al kg,4.99,4.990,2026-09-15,2026-09-25,"−28%, prima 6,99. Comprando 2 kg o più costa 3,99 al kg."
carriper15,Carrefour Iper,Pollo,Petto di pollo a fette – Aia,al kg,1,al kg,9.89,9.890,2026-09-15,2026-09-25,"−32%, prima 14,76."
carriper15,Carrefour Iper,Pomodoro,Passata Vellutata – Delverde,690 g,0.69,al kg,0.89,1.290,2026-09-15,2026-09-25,"−40%, prima 1,49. Solo con la tessera SpesAmica Payback."
carriper15,Carrefour Iper,Preparati,Hamburger di bovino adulto,al kg,1,al kg,12.99,12.990,2026-09-15,2026-09-25,"−20%, prima 16,29."
carriper15,Carrefour Iper,Preparati,"Hamburger misti di suino, conf. 6 pezzi",600 g,0.6,al kg,5.99,9.983,2026-09-15,2026-09-25,"−25%, prima 7,99."
carriper15,Carrefour Iper,Prosciutto,Prosciutto Cotto Alta Qualità Nazionale Leonardo – Parmacotto,al kg,1,al kg,19.90,19.900,2026-09-15,2026-09-25,"−20%, prima 2,49 all'etto."
carriper15,Carrefour Iper,Prosciutto,Prosciutto Crudo – Fattorie del Gennargentu,al kg,1,al kg,21.99,21.990,2026-09-15,2026-09-25,"−30%, prima 3,19 all'etto."
carriper15,Carrefour Iper,Riso,Riso Carnaroli – Carrefour Classic,1 kg,1,al kg,2.55,2.550,2026-09-15,2026-09-25,"−20%, prima 3,19. Solo con la tessera SpesAmica Payback."
carriper15,Carrefour Iper,Salame,Salame Ungherese – Raspini,al kg,1,al kg,14.90,14.900,2026-09-15,2026-09-25,"−30%, prima 2,15 all'etto."
carriper15,Carrefour Iper,Salmone,Trancio di salmone allevato in Norvegia,al kg,1,al kg,16.90,16.900,2026-09-15,2026-09-25,"−22%, prima 21,90. Senza uso di antibiotici."
carriper15,Carrefour Iper,Salsiccia,Salsiccia di Fonni – Fattorie del Gennargentu,al kg,1,al kg,13.93,13.930,2026-09-15,2026-09-25,"−30%, prima 1,99 all'etto. Solo con la tessera SpesAmica Payback."
carriper15,Carrefour Iper,Suino,"Lonza di suino a fette, confezione risparmio",al kg,1,al kg,6.49,6.490,2026-09-15,2026-09-25,"−48%, prima 12,49. Comprando il taglio intero costa 5,49 al kg."
carriper15,Carrefour Iper,Tonno,"Tonno all'olio di oliva – As do Mar, conf. 8 pezzi",560 g (8 × 70 g),0.56,al kg,6.99,12.482,2026-09-15,2026-09-25,"−43%, prima 12,27. Solo con la tessera SpesAmica Payback."
carriper15,Carrefour Iper,Tonno,"Tonno naturale zero olio – Nostromo, conf. 6 pezzi",336 g (6 × 65 g),0.336,al kg,3.99,11.875,2026-09-15,2026-09-25,"−50%, prima 7,99. È al naturale, non all'olio. Solo con la tessera SpesAmica Payback."
carriper15,Carrefour Iper,Uova,"Uova da allevamento a terra – Le Naturelle, conf. 10 pezzi",10 uova,10,all'uovo,2.49,0.249,2026-09-15,2026-09-25,"−36%, prima 3,95."
carriper15,Carrefour Iper,Verdura,Pomodoro Datterino,500 g,0.5,al kg,1.99,3.980,2026-09-15,2026-09-25,"−25%, prima 2,66."
carriper15,Carrefour Iper,Vino,Rosso o Bianco Terre Siciliane IGT – Corvo,750 ml,0.75,al litro,3.99,5.320,2026-09-15,2026-09-25,"−28%, prima 5,55. Solo con la tessera SpesAmica Payback."
carriper15,Carrefour Iper,Vitello,Macinata di vitello,al kg,1,al kg,13.99,13.990,2026-09-15,2026-09-25,
carriper15,Carrefour Iper,Vitello,"Spezzatino di vitello, confezione risparmio",al kg,1,al kg,15.99,15.990,2026-09-15,2026-09-25,"−20%, prima 19,99."
carriper15,Carrefour Iper,Yogurt,"Yogurt bianco magro – Müller, conf. 8 pezzi",1 kg (8 × 125 g),1,al kg,2.39,2.390,2026-09-15,2026-09-25,"−27%, prima 3,29."
bennet1709,Bennet,Acqua,"Acqua frizzante, 6×1,5 litri – Sant'Anna",9 litri,9,al litro,2.08,0.231,2026-09-17,2026-09-30,"−40% SOLO CON LA CARTA BENNET CLUB, prima 3,48."
bennet1709,Bennet,Ammorbidente,"Ammorbidente concentrato Blu Oxygen, 48 lavaggi – Vernel","1,056 litri",48,a lavaggio,2.99,0.062,2026-09-17,2026-09-30,"−25%, prima 3,99."
bennet1709,Bennet,Asciugatutto,Carta casa profumo limone – Nicky,6 rotoli,6,al rotolo,5.99,0.998,2026-09-17,2026-09-30,"−40%, prima 9,99."
bennet1709,Bennet,Asciugatutto,Carta cucina – Valenty,2 rotoli,2,al rotolo,1.49,0.745,2026-09-17,2026-09-30,
bennet1709,Bennet,Bagnoschiuma,Bagnodoccia classico – Felce Azzurra,650 ml,0.65,al litro,2.30,3.538,2026-09-17,2026-09-30,"−30%, prima 3,29."
bennet1709,Bennet,Bagnoschiuma,Bagnodoccia neutro – Jkare,1 litro,1,al litro,1.39,1.390,2026-09-17,2026-09-30,
bennet1709,Bennet,Bagnoschiuma,Bagnodoccia vitamina C – White Castle,400 ml,0.4,al litro,2.99,7.475,2026-09-17,2026-09-30,"−30%, prima 4,28."
bennet1709,Bennet,Bagnoschiuma,"Bagnoschiuma 500 ml (+100 ml omaggio) o ricarica sapone 900 ml, vari tipi – Palmolive",600 ml (bagnoschiuma con omaggio),0.6,al litro,1.99,3.317,2026-09-17,2026-09-30,"−33%, prima 2,98. Stesso prezzo per la ricarica da 900 ml: qui il conto è sul formato più piccolo, per non sembrare più conveniente."
bennet1709,Bennet,Bagnoschiuma,Bagnoschiuma Argan vari tipi – Naturaverde,750 ml,0.75,al litro,1.79,2.387,2026-09-17,2026-09-30,"−40%, prima 2,99."
bennet1709,Bennet,Bagnoschiuma,Bagnoschiuma vari tipi – Pino Silvestre,750 ml,0.75,al litro,1.99,2.653,2026-09-17,2026-09-30,"−30%, prima 2,85."
bennet1709,Bennet,Bagnoschiuma,Detergente intimo classico – Felce Azzurra,250 ml,0.25,al litro,1.85,7.400,2026-09-17,2026-09-30,"−30%, prima 2,65."
bennet1709,Bennet,Bagnoschiuma,Detergente intimo delicato – Lactacyd,200 ml,0.2,al litro,1.99,9.950,2026-09-17,2026-09-30,"−50%, prima 3,99."
bennet1709,Bennet,Bagnoschiuma,Detergente intimo delicato – Neutroderma,400 ml,0.4,al litro,1.49,3.725,2026-09-17,2026-09-30,"−50%, prima 2,99."
bennet1709,Bennet,Bagnoschiuma,Detergente intimo freschezza – Neutromed,300 ml,0.3,al litro,2.29,7.633,2026-09-17,2026-09-30,"−30%, prima 3,28."
bennet1709,Bennet,Bagnoschiuma,Detergente intimo fresco – Sauber,350 ml,0.35,al litro,1.94,5.543,2026-09-17,2026-09-30,"−35%, prima 2,99."
bennet1709,Bennet,Bagnoschiuma,Detergente intimo lenitivo – Intima+,500 ml,0.5,al litro,3.49,6.980,2026-09-17,2026-09-30,"−30%, prima 4,99."
bennet1709,Bennet,Bagnoschiuma,"Detergente intimo senza risciacquo, vari tipi – Chilly",100 ml,0.1,al litro,3.49,34.900,2026-09-17,2026-09-30,"−30%, prima 4,92."
bennet1709,Bennet,Bagnoschiuma,Doccia shampoo Dermoprotect Uomo 4in1 – Neutromed,250 ml,0.25,al litro,1.49,5.960,2026-09-17,2026-09-30,"−25%, prima 1,99."
bennet1709,Bennet,Bagnoschiuma,"Doccia shampoo squadre di calcio, vari tipi",250 ml,0.25,al litro,2.60,10.400,2026-09-17,2026-09-30,"−25%, prima 3,47."
bennet1709,Bennet,Bagnoschiuma,Docciaschiuma vari tipi – Vidal,250 ml,0.25,al litro,0.99,3.960,2026-09-17,2026-09-30,"−50%, prima 1,99."
bennet1709,Bennet,Bagnoschiuma,Ecoricarica sapone liquido idratante – Nidra,1 litro,1,al litro,2.49,2.490,2026-09-17,2026-09-30,"−30%, prima 3,57."
bennet1709,Bennet,Bagnoschiuma,Gel detergente intimo – Chilly,300 ml,0.3,al litro,3.49,11.633,2026-09-17,2026-09-30,"−30%, prima 4,99."
bennet1709,Bennet,Bagnoschiuma,Ricarica sapone liquido aloe vera – Milmil,2 litri,2,al litro,2.39,1.195,2026-09-17,2026-09-30,"−40%, prima 3,99."
bennet1709,Bennet,Bagnoschiuma,Sapone liquido Argan vari tipi – Naturaverde,500 ml,0.5,al litro,1.24,2.480,2026-09-17,2026-09-30,"−50%, prima 2,49."
bennet1709,Bennet,Bagnoschiuma,Sapone liquido Marsiglia – White Castle,500 ml,0.5,al litro,3.99,7.980,2026-09-17,2026-09-30,"−20%, prima 4,99."
bennet1709,Bennet,Bagnoschiuma,Sapone liquido biologico argan – I Provenzali,250 ml,0.25,al litro,2.45,9.800,2026-09-17,2026-09-30,"−25%, prima 3,27."
bennet1709,Bennet,Bagnoschiuma,Sapone liquido delicato Argan – Bennet,500 ml,0.5,al litro,1.19,2.380,2026-09-17,2026-09-30,"−20% SOLO CON LA CARTA BENNET CLUB, prima 1,49."
bennet1709,Bennet,Bagnoschiuma,Sapone liquido mani vari tipi – Lady Venezia,500 ml,0.5,al litro,1.49,2.980,2026-09-17,2026-09-30,"−25% SOLO CON LA CARTA BENNET CLUB, prima 1,99."
bennet1709,Bennet,Bagnoschiuma,Sapone liquido vari tipi – Felce Azzurra,300 ml,0.3,al litro,1.39,4.633,2026-09-17,2026-09-30,"−30%, prima 1,99."
bennet1709,Bennet,Bagnoschiuma,Shower gel Energy Drive vari tipi – Adidas Vibes,250 ml,0.25,al litro,1.95,7.800,2026-09-17,2026-09-30,"−30%, prima 2,79."
bennet1709,Bennet,Bibite,"Ice tea limone, tipi vari – Lipton",1 litro,1,al litro,0.99,0.990,2026-09-17,2026-09-30,"−33%, prima 1,49."
bennet1709,Bennet,Bibite,Original Taste – Coca-Cola,2 litri,2,al litro,1.99,0.995,2026-09-17,2026-09-30,"−32%, prima 2,93."
bennet1709,Bennet,Birra,Birra Original – Menabrea,660 ml,0.66,al litro,1.18,1.788,2026-09-17,2026-09-30,"−30%, prima 1,69."
bennet1709,Bennet,Birra,Birra Pilsener – Viktor,500 ml,0.5,al litro,0.69,1.380,2026-09-17,2026-09-30,
bennet1709,Bennet,Biscotti,Biscotti Ciocofroll – Cabrioni,650 g,0.65,al kg,1.98,3.046,2026-09-17,2026-09-30,"−25%, prima 2,65."
bennet1709,Bennet,Biscotti,Biscotti frollini Griglie Doré,1 kg,1,al kg,1.99,1.990,2026-09-17,2026-09-30,
bennet1709,Bennet,Biscotti,"Snack Baiocchi classici, 6 porzioni – Mulino Bianco",336 g,0.336,al kg,2.89,8.601,2026-09-17,2026-09-30,"−21%, prima 3,67."
bennet1709,Bennet,Burro,Burro,250 g,0.25,al kg,2.49,9.960,2026-09-17,2026-09-30,
bennet1709,Bennet,Caffè,Caffè macinato per moka Premium – Covim,250 g,0.25,al kg,2.79,11.160,2026-09-17,2026-09-30,
bennet1709,Bennet,Caffè,"Capsule caffè macinato compatibili Nespresso, 30 capsule – Kimbo",165 g,0.165,al kg,6.99,42.364,2026-09-17,2026-09-30,"−30%, prima 9,99."
bennet1709,Bennet,Carta igienica,Carta igienica La Maxi – Nicky,12 rotoli,12,al rotolo,5.89,0.491,2026-09-17,2026-09-30,"−50%, prima 11,78."
bennet1709,Bennet,Carta igienica,Carta igienica Maxi – Valenty,4 rotoli,4,al rotolo,1.99,0.497,2026-09-17,2026-09-30,
bennet1709,Bennet,Cereali,Cereali Krave Choco Nut o Milk Choco – Kellogg's,410 g,0.41,al kg,2.49,6.073,2026-09-17,2026-09-30,"−25%, prima 3,32."
bennet1709,Bennet,Collutorio,Collutorio Total Care denti e gengive – Listerine,600 ml,0.6,al litro,4.19,6.983,2026-09-17,2026-09-30,"−30%, prima 5,99. È collutorio, non dentifricio: il conto al litro non si confronta con un tubetto."
bennet1709,Bennet,Conserve,"Carne in scatola leggera di pollo, 2×140 g – Montana",280 g,0.28,al kg,1.99,7.107,2026-09-17,2026-09-30,"−40%, prima 3,32. È carne in scatola, non fresca."
bennet1709,Bennet,Conserve,Cipolline sott'aceto – Magie del Gusto,340 g,0.34,al kg,1.59,4.676,2026-09-17,2026-09-30,
bennet1709,Bennet,Dentifricio,Dentifricio 3D White Bianco Perla – Oral-B,75 ml,0.075,al litro,1.19,15.867,2026-09-17,2026-09-30,"−40%, prima 1,99."
bennet1709,Bennet,Dentifricio,Dentifricio Advanced Pro-Expert – Oral-B,75 ml,0.075,al litro,2.99,39.867,2026-09-17,2026-09-30,"−40%, prima 4,99."
bennet1709,Bennet,Dentifricio,Dentifricio Black carboni attivi – Blanx,75 ml,0.075,al litro,2.79,37.200,2026-09-17,2026-09-30,"−30%, prima 3,99."
bennet1709,Bennet,Dentifricio,Dentifricio Gengive+ – Parodontax,75 ml,0.075,al litro,3.99,53.200,2026-09-17,2026-09-30,"−20%, prima 4,99."
bennet1709,Bennet,Dentifricio,Dentifricio Microgranuli – Mentadent,75 ml,0.075,al litro,1.74,23.200,2026-09-17,2026-09-30,"−30%, prima 2,49."
bennet1709,Bennet,Dentifricio,Dentifricio Placca e Carie – Pasta del Capitano,75 ml,0.075,al litro,0.99,13.200,2026-09-17,2026-09-30,"−40%, prima 1,65."
bennet1709,Bennet,Dentifricio,Dentifricio White Now – Mentadent,75 ml,0.075,al litro,2.79,37.200,2026-09-17,2026-09-30,"−30%, prima 3,99."
bennet1709,Bennet,Dentifricio,Dentifricio vari tipi – Biorepair,75 ml,0.075,al litro,3.79,50.533,2026-09-17,2026-09-30,"−30%, prima 5,42."
bennet1709,Bennet,Dentifricio,Dentifricio vari tipi – Sensodyne,75 ml,0.075,al litro,2.79,37.200,2026-09-17,2026-09-30,"−30%, prima 3,99."
bennet1709,Bennet,Farina,Farina di grano tenero tipo 00,1 kg,1,al kg,0.65,0.650,2026-09-17,2026-09-30,
bennet1709,Bennet,Formaggio,Mix formaggio grattugiato,500 g,0.5,al kg,3.99,7.980,2026-09-17,2026-09-30,
bennet1709,Bennet,Formaggio,Tilsiter a fette,80 g,0.08,al kg,0.99,12.375,2026-09-17,2026-09-30,
bennet1709,Bennet,Grana,Formaggio grattugiato italiano – Granarolo,90 g,0.09,al kg,1.19,13.222,2026-09-17,2026-09-30,"−40%, prima 1,99. È grattugiato generico, non specificato Grana o Parmigiano DOP."
bennet1709,Bennet,Grana,Grana Padano DOP,700 g,0.7,al kg,11.90,17.000,2026-09-17,2026-09-30,
bennet1709,Bennet,Grana,Grana Padano DOP – Trentingrana,250 g,0.25,al kg,4.79,19.160,2026-09-17,2026-09-30,"−20%, prima 5,99."
bennet1709,Bennet,Latte,Latte UHT parzialmente scremato – Granarolo,1 litro,1,al litro,0.99,0.990,2026-09-17,2026-09-30,"−40%, prima 1,65."
bennet1709,Bennet,Lavastoviglie,"Detersivo in caps 4in1 Excellence, 30 lavaggi – Pril",30 capsule,30,a lavaggio,5.94,0.198,2026-09-17,2026-09-30,"−30%, prima 8,49."
bennet1709,Bennet,Lavatrice,"Detersivo in caps 4in1 classico, 40 o 44 lavaggi – Dixan",40 lavaggi,40,a lavaggio,9.79,0.245,2026-09-17,2026-09-30,"−30%, prima 13,99. La confezione è 40 o 44 lavaggi a seconda del formato, stesso prezzo: qui il conto è sul più piccolo, per non sembrare più conveniente."
bennet1709,Bennet,Lavatrice,"Detersivo liquido Power Extra Smacchiante, 3×23 lavaggi (69) – Dash","3,105 litri",69,a lavaggio,12.99,0.188,2026-09-17,2026-09-30,"−48% SOLO CON LA CARTA BENNET CLUB, prima 24,99."
bennet1709,Bennet,Merendine,"Cornetti classici, 10 pezzi – Casalini",400 g,0.4,al kg,1.99,4.975,2026-09-17,2026-09-30,
bennet1709,Bennet,Merendine,"Croissant farciti albicocca, tipi vari – Bauli",300 g,0.3,al kg,1.50,5.000,2026-09-17,2026-09-30,"−30%, prima 2,15."
bennet1709,Bennet,Mozzarella,"Mozzarella di bufala, 3×100 g – Mandara",300 g,0.3,al kg,3.49,11.633,2026-09-17,2026-09-30,"−30%, prima 4,99."
bennet1709,Bennet,Mozzarella,Mozzarella fior di latte – Arborea,125 g,0.125,al kg,0.99,7.920,2026-09-17,2026-09-30,
bennet1709,Bennet,Olio d'oliva,Olio di oliva classico – Dante,750 ml,0.75,al litro,3.99,5.320,2026-09-17,2026-09-30,"−40%, prima 6,65. È olio di oliva classico, non specificato extravergine."
bennet1709,Bennet,Panati,"Bastoncini di merluzzo, 12 pezzi – Findus",300 g,0.3,al kg,2.99,9.967,2026-09-17,2026-09-30,"−28%, prima 4,19."
bennet1709,Bennet,Pane,Pinsa – Mulino Bianco,230 g,0.23,al kg,1.99,8.652,2026-09-17,2026-09-30,"−33%, prima 2,98. È una base tipo focaccia, non pane a fette."
bennet1709,Bennet,Pasta,Gnocchi freschi classici – Patamore,500 g,0.5,al kg,1.49,2.980,2026-09-17,2026-09-30,"−50%, prima 2,99. Sono gnocchi freschi, non pasta secca."
bennet1709,Bennet,Pasta,Lasagne alla bolognese surgelate – Frosta,600 g,0.6,al kg,4.69,7.817,2026-09-17,2026-09-30,"−20%, prima 5,87. È un piatto pronto surgelato, non pasta secca da cuocere."
bennet1709,Bennet,Pasta,"Pasta di semola di grano duro, formati vari – Corticella",500 g,0.5,al kg,0.55,1.100,2026-09-17,2026-09-30,
bennet1709,Bennet,Pasta,"Pasta di semola, formati vari – Rummo",500 g,0.5,al kg,0.84,1.680,2026-09-17,2026-09-30,"−47% SOLO CON LA CARTA BENNET CLUB, prima 1,59."
bennet1709,Bennet,Pasta,"Pasta fresca ripiena, tipi vari – Le ricette di mamma Gaia",400 g,0.4,al kg,1.79,4.475,2026-09-17,2026-09-30,"È pasta fresca ripiena, non secca."
bennet1709,Bennet,Patate,Patate stick surgelate – Le Patatose,"2,5 kg",2.5,al kg,4.90,1.960,2026-09-17,2026-09-30,"Sono patatine fritte surgelate, non patate fresche."
bennet1709,Bennet,Pizza,Pizza Regina Gran Gusto Margherita surgelata – Cameo,350 g,0.35,al kg,2.76,7.886,2026-09-17,2026-09-30,"−30%, prima 3,95."
bennet1709,Bennet,Pollo,Fusi di pollo,al kg,1,al kg,4.99,4.990,2026-09-17,2026-09-30,
bennet1709,Bennet,Pomodoro,Passata di pomodoro al vapore – Valfrutta,700 g,0.7,al kg,0.90,1.286,2026-09-17,2026-09-30,"−43%, prima 1,58."
bennet1709,Bennet,Prosciutto,Prosciutto cotto Alta Qualità – Parmacotto,100 g,0.1,al kg,1.99,19.900,2026-09-17,2026-09-30,"−50% SOLO CON LA CARTA BENNET CLUB, prima 3,99."
bennet1709,Bennet,Prosciutto,"Speck Alto Adige IGP, 2×90 g – Moser",180 g,0.18,al kg,3.89,21.611,2026-09-17,2026-09-30,"−40%, prima 6,49. È speck, non prosciutto crudo classico."
bennet1709,Bennet,Riso,Riso Roma – Gallo,1 kg,1,al kg,1.99,1.990,2026-09-17,2026-09-30,"−46%, prima 3,69."
bennet1709,Bennet,Salmone affumicato,Salmone norvegese affumicato – Vici,200 g,0.2,al kg,5.99,29.950,2026-09-17,2026-09-30,"È affumicato, non fresco."
bennet1709,Bennet,Shampoo,Baby shampoo – Johnson's,500 ml,0.5,al litro,3.40,6.800,2026-09-17,2026-09-30,"−20%, prima 4,26."
bennet1709,Bennet,Shampoo,Balsamo capelli o acqua profumata – Chicco,150 ml,0.15,al litro,3.99,26.600,2026-09-17,2026-09-30,"−20%, prima 4,99. Stesso prezzo per il balsamo o per l'acqua profumata: qui il conto è sul balsamo."
bennet1709,Bennet,Shampoo,Shampoo 250 ml o balsamo 200 ml Active Nutri-Plex – Pantene Pro-V,200 ml (balsamo),0.2,al litro,2.99,14.950,2026-09-17,2026-09-30,"−25%, prima 3,99. Stesso prezzo per lo shampoo da 250 ml: qui il conto è sul balsamo, il formato più piccolo."
bennet1709,Bennet,Shampoo,"Shampoo 250 ml o balsamo 200 ml, vari tipi – Sunsilk",200 ml (balsamo),0.2,al litro,1.99,9.950,2026-09-17,2026-09-30,"−30%, prima 2,85. Stesso prezzo per lo shampoo da 250 ml: qui il conto è sul balsamo, il formato più piccolo."
bennet1709,Bennet,Shampoo,"Shampoo 250 ml o balsamo 220 ml, vari tipi – Head & Shoulders",220 ml (balsamo),0.22,al litro,2.79,12.682,2026-09-17,2026-09-30,"−30%, prima 3,99. Stesso prezzo per lo shampoo da 250 ml: qui il conto è sul balsamo, il formato più piccolo."
bennet1709,Bennet,Shampoo,Shampoo 400 ml o balsamo 200 ml Professional – Biopoint,200 ml (balsamo),0.2,al litro,5.99,29.950,2026-09-17,2026-09-30,"−25%, prima 7,99. Stesso prezzo per lo shampoo da 400 ml: qui il conto è sul balsamo, il formato più piccolo."
bennet1709,Bennet,Shampoo,Shampoo Imperial Argan – Vitalcare,500 ml,0.5,al litro,2.99,5.980,2026-09-17,2026-09-30,"−25%, prima 3,99."
bennet1709,Bennet,Shampoo,Shampoo cocco – Splend'Or,300 ml,0.3,al litro,1.10,3.667,2026-09-17,2026-09-30,"−40%, prima 1,84."
bennet1709,Bennet,Sughi,Pesto genovese con o senza aglio – Gusto e Convenienza,100 g,0.1,al kg,0.99,9.900,2026-09-17,2026-09-30,
bennet1709,Bennet,Tonno,"Insalatissime di tonno, tipi vari – Rio Mare",160 g,0.16,al kg,2.59,16.188,2026-09-17,2026-09-30,"−40%, prima 4,32. È insalata di tonno con legumi e mais, non tonno puro."
bennet1709,Bennet,Tonno,"Tonno all'olio d'oliva in scatola, 12×70 g – Asdomar",840 g,0.84,al kg,9.74,11.595,2026-09-17,2026-09-30,"−35%, prima 14,99."
bennet1709,Bennet,Uova,"Uova fresche allevate a terra, 15 pezzi – Podere",15 uova,15,all'uovo,3.99,0.266,2026-09-17,2026-09-30,
bennet1709,Bennet,Verdure surgelate,Carciofi a spicchi surgelati – Orogel,300 g,0.3,al kg,2.49,8.300,2026-09-17,2026-09-30,"−37%, prima 3,96."
bennet1709,Bennet,Vino,Barbera d'Alba DOC – Terre del Barolo,750 ml,0.75,al litro,4.89,6.520,2026-09-17,2026-09-30,"−30%, prima 6,99."
bennet1709,Bennet,Vino,Primitivo Puglia o Passerina Terre d'Abruzzo IGT – La Fogliata,750 ml,0.75,al litro,2.39,3.187,2026-09-17,2026-09-30,"−40%, prima 3,99."
bennet1709,Bennet,Vino,"Syrah, Inzolia, Nero d'Avola o Grillo, vari tipi – Barone Lopresti",750 ml,0.75,al litro,2.59,3.453,2026-09-17,2026-09-30,"−35%, prima 3,99."
bennet1709,Bennet,Yogurt,"Yogurt bifidus frutta e cereali, 8×125 g – Bontà Viva",1 kg,1,al kg,3.79,3.790,2026-09-17,2026-09-30,
lidl17,Lidl,Affettati,Petto di pollo cotto al forno – Dal Salumiere,120 g,0.12,al kg,1.89,15.750,2026-09-17,2026-09-23,"Solo carne italiana. È petto di pollo cotto (un salume), non carne fresca. Prima 2,49."
lidl17,Lidl,Bibite,Coca-Cola,"4x1,75 l",7,al litro,5.89,0.841,2026-09-17,2026-09-20,"Valido solo dal 17 al 20 settembre, non per tutto il volantino."
lidl17,Lidl,Birra,Birra analcolica – Finkbräu,"4x0,5 l",2,al litro,1.47,0.735,2026-09-17,2026-09-23,"Con Lidl Plus. 3+1: un pezzo da solo costa 0,49. Prima 1,96 la confezione. Senza alcol."
lidl17,Lidl,Birra,"Strong lager, birra doppio malto – Tennent's Super","0,355 litri",0.355,al litro,1.39,3.915,2026-09-17,2026-09-23,"9% Vol. Prima 1,79."
lidl17,Lidl,Bresaola,"Bresaola della Valtellina IGP, Punta d'Anca – Dal Salumiere",100 g,0.1,al kg,2.79,27.900,2026-09-17,2026-09-23,"Con Lidl Plus. Prima 3,49."
lidl17,Lidl,Cioccolato,Kinder Bueno,258 g,0.258,al kg,3.99,15.465,2026-09-17,2026-09-23,"Formato convenienza, con pezzi extra in omaggio."
lidl17,Lidl,Conserve,Cetriolini XXL – Freshona,360 g (sgocc.),0.36,al kg,1.69,4.694,2026-09-17,2026-09-23,"All'aceto di vino. Formato XXL, sgocciolato."
lidl17,Lidl,Creme,Crema spalmabile alla nocciola XXL – Choco Nussa,1 kg,1,al kg,3.99,3.990,2026-09-17,2026-09-23,Formato convenienza XXL.
lidl17,Lidl,Dentifricio,Dentifricio Tripla protezione menta fresca – Aquafresh,125 ml,0.125,al litro,1.49,11.920,2026-09-17,2026-09-23,"Prima 1,99."
lidl17,Lidl,Formaggio,Emmental francese – Milbona,250 g,0.25,al kg,1.79,7.160,2026-09-17,2026-09-23,"Con Lidl Plus. Formaggio a pasta dura. Prima 2,35."
lidl17,Lidl,Frutta,Pesche,al kg,1,al kg,1.89,1.890,2026-09-17,2026-09-20,"Con Lidl Plus, prima 2,49. Valido solo dal 17 al 20 settembre, non per tutto il volantino."
lidl17,Lidl,Frutta,Uva bianca da tavola di Mazzarrone IGP,1 kg confezione,1,al kg,1.99,1.990,2026-09-17,2026-09-23,"Prima 2,79."
lidl17,Lidl,Gamberi,Mazzancolle XXL – Ocean Sea,300 g,0.3,al kg,4.79,15.967,2026-09-17,2026-09-23,"Sgusciate e scottate, surgelate. Formato XXL, 60 g in più rispetto al formato base."
lidl17,Lidl,Gelato,Gelato variegato al tiramisù – Bon Gelati,515 g,0.515,al kg,2.19,4.252,2026-09-17,2026-09-23,"Prima 2,89."
lidl17,Lidl,Gelato,Gelato variegato al triplo cioccolato – Bon Gelati,522 g,0.522,al kg,2.19,4.195,2026-09-17,2026-09-23,"Prima 2,89."
lidl17,Lidl,Latte,Latte parzialmente scremato UHT XXL,6 x 1 litro,6,al litro,4.69,0.782,2026-09-17,2026-09-23,"Formato convenienza XXL: il formato base costa 1,19 al litro, questo 0,78."
lidl17,Lidl,Marmellata,Confettura extra pesca – Maribel,425 g,0.425,al kg,1.19,2.800,2026-09-17,2026-09-23,"Con Lidl Plus. 50% di frutta. Prima 1,55."
lidl17,Lidl,Merendine,Mini croissant XXL – Realforno,250 g,0.25,al kg,1.29,5.160,2026-09-17,2026-09-23,"Formato XXL, 50 g in più."
lidl17,Lidl,Mozzarella,Burrata – Italiamo,2x200 g,0.4,al kg,2.39,5.975,2026-09-17,2026-09-20,"1+1: un pezzo da solo costa 2,39, prima 4,78 la confezione doppia. Valido solo dal 17 al 20 settembre. È burrata, non mozzarella tonda."
lidl17,Lidl,Mozzarella,Mozzarella High Protein – Latteria,3x100 g,0.3,al kg,2.49,8.300,2026-09-17,2026-09-23,Multipack.
lidl17,Lidl,Olio di semi,Olio di semi vari XXL – Vita d'Or,5 litri,5,al litro,7.99,1.598,2026-09-17,2026-09-23,Formato convenienza XXL.
lidl17,Lidl,Panati,Burger di merluzzo d'Alaska – Ocean Sea,210 g,0.21,al kg,1.79,8.524,2026-09-17,2026-09-23,"Con Lidl Plus. Prima 2,29."
lidl17,Lidl,Panati,Merluzzo d'Alaska panato XXL,500 g,0.5,al kg,4.49,8.980,2026-09-17,2026-09-23,"Panato, surgelato. Formato convenienza XXL."
lidl17,Lidl,Pancetta,Pancetta a cubetti XXL – Salumeo,2x120 g,0.24,al kg,2.19,9.125,2026-09-17,2026-09-23,"Formato XXL, 40 g in più rispetto al formato base."
lidl17,Lidl,Pancetta,Pancetta coppata – Dal Salumiere,90 g,0.09,al kg,1.69,18.778,2026-09-17,2026-09-23,"Con Lidl Plus. Prima 2,15."
lidl17,Lidl,Pane,Piadina Romagnola IGP alla Riminese XXL – Italiamo,720 g,0.72,al kg,1.69,2.347,2026-09-17,2026-09-23,"Formato XXL, 120 g in più rispetto al formato base."
lidl17,Lidl,Pasta,Gnocchi di patate XXL – Nonna Mia,600 g,0.6,al kg,1.39,2.317,2026-09-17,2026-09-23,"Formato XXL, 100 g in più."
lidl17,Lidl,Pasta,Pasta fresca all'uovo ripiena XXL – Nonna Mia,300 g,0.3,al kg,1.19,3.967,2026-09-17,2026-09-23,"Cappelletti al prosciutto crudo o tortelloni ricotta e spinaci. Formato XXL, 50 g in più."
lidl17,Lidl,Pesce,Tentacoli di polpo scottati – Gastronomia di Mare,250 g,0.25,al kg,7.99,31.960,2026-09-17,2026-09-23,"Già scottati, pronti. Prima 9,99."
lidl17,Lidl,Pollo,Filetto di petto di pollo a fette,400 g,0.4,al kg,3.19,7.975,2026-09-17,2026-09-20,"Con Lidl Plus, prima 4,59. Valido solo dal 17 al 20 settembre, non per tutto il volantino."
lidl17,Lidl,Preparati,Cotoletta di pollo con scamorza affumicata,200 g,0.2,al kg,2.19,10.950,2026-09-17,2026-09-23,
lidl17,Lidl,Preparati,Hamburger di bovino,400 g,0.4,al kg,4.29,10.725,2026-09-17,2026-09-23,"Prima 5,79. Allevato in Italia. Il volantino stampa 10,73 al kg."
lidl17,Lidl,Preparati,Kebab di pollo,350 g,0.35,al kg,2.99,8.543,2026-09-17,2026-09-23,"Con Lidl Plus, prima 3,99."
lidl17,Lidl,Preparati,Panzerotti di pollo con provola e speck,220 g,0.22,al kg,2.29,10.409,2026-09-17,2026-09-23,
lidl17,Lidl,Prosciutto,Prosciutto cotto alta qualità – Dal Salumiere,125 g,0.125,al kg,1.19,9.520,2026-09-17,2026-09-23,"Con Lidl Plus. Prima 1,55."
lidl17,Lidl,Prosciutto,Prosciutto crudo stagionato – Dal Salumiere,150 g,0.15,al kg,1.99,13.267,2026-09-17,2026-09-20,"Minimo 11 mesi di stagionatura. Prima 2,99. Valido solo dal 17 al 20 settembre, non per tutto il volantino."
lidl17,Lidl,Salame,Ventricina piccante a fette – Dal Salumiere,100 g,0.1,al kg,1.11,11.100,2026-09-17,2026-09-23,"Prima 1,49."
lidl17,Lidl,Salmone,Filetti di salmone con pelle XXL,8x125 g,1,al kg,17.49,17.490,2026-09-17,2026-09-23,"Formato convenienza XXL, nel banco pesce."
lidl17,Lidl,Salsiccia,Salsiccia di tacchino con suino e pollo,450 g,0.45,al kg,2.29,5.089,2026-09-17,2026-09-23,"Prima 2,99."
lidl17,Lidl,Sughi,Gran Pesto alla Genovese – Star Tigullio,190 g,0.19,al kg,1.69,8.895,2026-09-17,2026-09-23,"Classico o senza aglio. Prima 2,19."
lidl17,Lidl,Sughi,Pesto alla Genovese XXL – Baresa,290 g,0.29,al kg,1.49,5.138,2026-09-17,2026-09-23,Formato convenienza XXL.
lidl17,Lidl,Suino,Fettine di coppa di suino senza osso XXL,1 kg confezione,1,al kg,7.49,7.490,2026-09-17,2026-09-23,Formato convenienza XXL.
lidl17,Lidl,Suino,"Lonza di maiale, trancio intero",al kg,1,al kg,4.99,4.990,2026-09-17,2026-09-23,
lidl17,Lidl,Tacchino,Bocconcini di fesa di tacchino,400 g,0.4,al kg,3.59,8.975,2026-09-17,2026-09-23,"Prima 4,59."
lidl17,Lidl,Tacchino,Macinato di tacchino,400 g,0.4,al kg,2.99,7.475,2026-09-17,2026-09-23,"Prima 3,99."
lidl17,Lidl,Tonno,Tonno all'olio di semi di girasole XXL – Nixe,6x52 g (sgocc.),0.312,al kg,3.69,11.827,2026-09-17,2026-09-23,"Formato convenienza XXL, sgocciolato."
lidl17,Lidl,Uova,Uova fresche medie – Maia,24 uova,24,all'uovo,4.99,0.208,2026-09-17,2026-09-23,"Da allevamento a terra. 1 uovo = 0,21€."
lidl17,Lidl,Verdura,Carote del Fucino IGP,800 g confezione,0.8,al kg,1.19,1.487,2026-09-17,2026-09-23,"Prima 1,59."
lidl17,Lidl,Verdure surgelate,Pisellini Primavera – Findus,660 g,0.66,al kg,3.19,4.833,2026-09-17,2026-09-23,"Con Lidl Plus. Prima 4,19."
lidl17,Lidl,Vino,Mures Nero di Troia Rosé Puglia IGP – Cantina di Ruvo di Puglia,"0,75 litri",0.75,al litro,2.29,3.053,2026-09-17,2026-09-23,"Vino rosato. Prima 2,99."
lidl17,Lidl,Vino,Pinot Grigio delle Venezie DOC – Giulio Pasotti,"0,75 litri",0.75,al litro,2.39,3.187,2026-09-17,2026-09-23,"Vino bianco secco. Prima 2,99."
lidl17,Lidl,Vino,Prosecco DOC – Allini,"0,75 litri",0.75,al litro,3.19,4.253,2026-09-17,2026-09-23,"Con Lidl Plus. Vino spumante extra dry. Prima 3,99."
lidl17,Lidl,Yogurt,Kefir Shot – Milbona,600 g,0.6,al kg,1.99,3.317,2026-09-17,2026-09-23,Bevanda a base di kefir con succo di frutta ai frutti misti o alla fragola.
lidlfv17,Lidl,Frutta,Limoni,1 kg rete,1,al kg,1.89,1.890,2026-09-17,2026-09-23,"Con Lidl Plus, prima 2,49."
lidlfv17,Lidl,Frutta,Mele Golden,al kg,1,al kg,0.98,0.980,2026-09-17,2026-09-23,
lidlfv17,Lidl,Frutta,"Mele Golden Alto Adige IGP, formato XXL","2,5 kg confezione",2.5,al kg,2.99,1.196,2026-09-17,2026-09-23,"500 g in più, formato base 2 kg a 2,99. Il volantino stampa 1,20 al kg, prima 1,50."
lidlfv17,Lidl,Frutta,Mele Sweet Tango,900 g confezione,0.9,al kg,1.49,1.656,2026-09-17,2026-09-23,"Con Lidl Plus, prima 1,99. Il volantino stampa 1,66 al kg."
lidlfv17,Lidl,Frutta,Pere Carmen,1 kg confezione,1,al kg,1.99,1.990,2026-09-17,2026-09-20,"Con Lidl Plus, prima 2,49. Valido dal 17 al 20 settembre, non per tutto il volantino."
lidlfv17,Lidl,Frutta,"Susine, formato XXL","1,25 kg confezione",1.25,al kg,1.79,1.432,2026-09-17,2026-09-23,"250 g in più, formato base 1 kg a 1,79. Il volantino stampa 1,43 al kg."
lidlfv17,Lidl,Frutta,Uva scura senza semi,500 g confezione,0.5,al kg,1.39,2.780,2026-09-17,2026-09-23,"Con Lidl Plus, prima 1,79. Il volantino stampa 2,78 al kg."
lidlfv17,Lidl,Verdura,Aglio,200 g confezione,0.2,al kg,0.98,4.900,2026-09-17,2026-09-23,"Il volantino stampa 4,90 al kg."
lidlfv17,Lidl,Verdura,Cavolo cappuccio,al kg,1,al kg,0.98,0.980,2026-09-17,2026-09-23,
lidlfv17,Lidl,Verdura,Cavolo rosso,al kg,1,al kg,0.98,0.980,2026-09-17,2026-09-23,
lidlfv17,Lidl,Verdura,Cetrioli snack,250 g confezione,0.25,al kg,1.15,4.600,2026-09-17,2026-09-23,"Con Lidl Plus, prima 1,49. Il volantino stampa 4,60 al kg."
lidlfv17,Lidl,Verdura,Rape rosse precotte,500 g confezione,0.5,al kg,0.98,1.960,2026-09-17,2026-09-23,"Precotte, non crude. Il volantino stampa 1,96 al kg."
mercato17,Mercatò,Acqua,Acqua naturale – Sant'Anna,1 litro,1,al litro,0.31,0.310,2026-09-17,2026-09-30,
mercato17,Mercatò,Affettati,"Tacchino arrosto Monte San Savino, senza antibiotici",al kg (al banco),1,al kg,14.90,14.900,2026-09-17,2026-09-30,"Al banco, 1,49 all'etto."
mercato17,Mercatò,Ammorbidente,"Ammorbidente concentrato Blue Oxygen, 78 lavaggi – Vernel","1,716 litri",78,a lavaggio,3.29,0.042,2026-09-17,2026-09-30,
mercato17,Mercatò,Asciugatutto,Asciugoni 2 rotoli – Regina,2 rotoli,2,al rotolo,1.98,0.990,2026-09-17,2026-09-30,
mercato17,Mercatò,Bagnoschiuma,Sapone liquido Marsiglia – Spuma di Sciampagna,430 ml,0.43,al litro,1.48,3.442,2026-09-17,2026-09-30,"Il volantino stampa 3,44 al litro."
mercato17,Mercatò,Bibite,"Coca-Cola, bottiglia 1,5 litri","1,5 litri",1.5,al litro,1.85,1.233,2026-09-17,2026-09-30,"Vari tipi (Original, Zero, Lemon)."
mercato17,Mercatò,Biscotti,Biscotti Ringo – Pavesi,165 g,0.165,al kg,0.89,5.394,2026-09-17,2026-09-30,"Vari tipi. Il volantino stampa 5,39 al kg."
mercato17,Mercatò,Biscotti,Biscotti Zalet – Galbusera,510 g,0.51,al kg,1.69,3.314,2026-09-17,2026-09-30,"Il volantino stampa 3,31 al kg."
mercato17,Mercatò,Biscotti,Frollino Ancora Uno – Tre Marie,315 g,0.315,al kg,1.49,4.730,2026-09-17,2026-09-30,"Vari tipi. Il volantino stampa 4,73 al kg."
mercato17,Mercatò,Biscotti,Krumiri classici – Bistefani,290 g,0.29,al kg,1.65,5.690,2026-09-17,2026-09-30,"Il volantino stampa 5,69 al kg."
mercato17,Mercatò,Biscotti,Savoiardi – Selex,300 g,0.3,al kg,1.34,4.467,2026-09-17,2026-09-30,"Il volantino stampa 4,47 al kg."
mercato17,Mercatò,Caffè,Caffè macinato Aromadicasa – Vergnano,500 g (250 g × 2),0.5,al kg,4.89,9.780,2026-09-17,2026-09-30,"Il volantino stampa 9,78 al kg."
mercato17,Mercatò,Calamari,Tentacoli di totano decongelato,al kg,1,al kg,10.90,10.900,2026-09-17,2026-09-30,
mercato17,Mercatò,Carta igienica,Carta igienica kilometrica Maxi Convenienza 12 rotoli – Tenderly,12 rotoli,12,al rotolo,5.79,0.482,2026-09-17,2026-09-30,
mercato17,Mercatò,Cioccolato,Praline – Witors,200 g,0.2,al kg,2.98,14.900,2026-09-17,2026-09-30,"Vari tipi. Il volantino stampa 14,90 al kg."
mercato17,Mercatò,Conserve,Olive nere snocciolate – Saclà,150 g,0.15,al kg,1.39,9.267,2026-09-17,2026-09-30,"Il volantino stampa 9,27 al kg."
mercato17,Mercatò,Dentifricio,Dentifricio Protect+ Care – Mentadent,75 ml,0.075,al litro,1.99,26.533,2026-09-17,2026-09-30,"Il volantino stampa 26,53 al litro."
mercato17,Mercatò,Farina,Farina di grano tenero tipo 00 – Barilla,1 kg,1,al kg,0.79,0.790,2026-09-17,2026-09-30,
mercato17,Mercatò,Formaggio,Burrata in foglia – Deliziosa,250 g,0.25,al kg,3.59,14.360,2026-09-17,2026-09-30,"Il volantino stampa 14,36 al kg."
mercato17,Mercatò,Formaggio,Dimarella da tavola morbida,al kg (al banco),1,al kg,9.50,9.500,2026-09-17,2026-09-30,"Al banco, 0,95 all'etto."
mercato17,Mercatò,Formaggio,Emmental francese – President,al kg (al banco),1,al kg,9.90,9.900,2026-09-17,2026-09-30,"Al banco, 0,99 all'etto."
mercato17,Mercatò,Formaggio,Fette Original – Leerdammer Maxi Formato,260 g,0.26,al kg,2.99,11.500,2026-09-17,2026-09-30,"Il volantino stampa 11,50 al kg."
mercato17,Mercatò,Formaggio,Fiandino Selezione,al kg (al banco),1,al kg,12.90,12.900,2026-09-17,2026-09-30,"Al banco, 1,29 all'etto."
mercato17,Mercatò,Formaggio,Gorgonzola DOP – Dolce Tosi,al kg (al banco),1,al kg,10.90,10.900,2026-09-17,2026-09-30,"Al banco, 1,09 all'etto."
mercato17,Mercatò,Formaggio,La Tuma d'Martiniana – Val Form,al kg (al banco),1,al kg,9.90,9.900,2026-09-17,2026-09-30,"Al banco, 0,99 all'etto."
mercato17,Mercatò,Formaggio,Pecorino DOP – Galluradoro,al kg (al banco),1,al kg,18.90,18.900,2026-09-17,2026-09-30,"Al banco, 1,89 all'etto."
mercato17,Mercatò,Formaggio,Primo sale – Valform,al kg (al banco),1,al kg,7.90,7.900,2026-09-17,2026-09-30,"Al banco, 0,79 all'etto."
mercato17,Mercatò,Formaggio,Provola bianca – San Vincenzo,al kg (al banco),1,al kg,9.80,9.800,2026-09-17,2026-09-30,"Al banco, 0,98 all'etto."
mercato17,Mercatò,Formaggio,Raschera DOP,al kg (al banco),1,al kg,9.90,9.900,2026-09-17,2026-09-30,"Al banco, 0,99 all'etto."
mercato17,Mercatò,Formaggio,Stracchino – Stella Bianca,al kg (al banco),1,al kg,8.90,8.900,2026-09-17,2026-09-30,"Al banco, 0,89 all'etto."
mercato17,Mercatò,Formaggio,Stracciatella di burrata – Sabelli,250 g,0.25,al kg,2.69,10.760,2026-09-17,2026-09-30,"Il volantino stampa 10,76 al kg."
mercato17,Mercatò,Formaggio,Toma – La Bergera Osella,al kg (al banco),1,al kg,10.90,10.900,2026-09-17,2026-09-30,"Al banco, 1,09 all'etto."
mercato17,Mercatò,Formaggio,Tomini vari tipi,al kg (al banco),1,al kg,14.90,14.900,2026-09-17,2026-09-30,"Al banco, 1,49 all'etto."
mercato17,Mercatò,Formaggio,Tronchetto di capra stagionato – Cabrifin Laita,al kg (al banco),1,al kg,14.50,14.500,2026-09-17,2026-09-30,"Al banco, 1,45 all'etto."
mercato17,Mercatò,Frutta,Banane – Dole,al kg,1,al kg,1.49,1.490,2026-09-17,2026-09-23,"Valido dal 17 al 23 settembre, non per tutto il volantino."
mercato17,Mercatò,Frutta,Uva bianca senza semi – Saper di Sapori,500 g,0.5,al kg,1.99,3.980,2026-09-17,2026-09-23,"Origine Italia. Valido dal 17 al 23 settembre, non per tutto il volantino."
mercato17,Mercatò,Gelato,Gelato Barattolino Delizioso – Sammontana,500 g,0.5,al kg,2.99,5.980,2026-09-17,2026-09-30,"Vari tipi. Il volantino stampa 5,98 al kg."
mercato17,Mercatò,Grana,Grana Padano DOP grattugiato Riserva – Saper di Sapori,80 g,0.08,al kg,1.39,17.375,2026-09-17,2026-09-30,"Il volantino stampa 17,38 al kg."
mercato17,Mercatò,Insalata,Rucola – Natura Chiama Selex,150 g,0.15,al kg,0.99,6.600,2026-09-17,2026-09-23,"Valido dal 17 al 23 settembre, non per tutto il volantino. Il volantino stampa 6,60 al kg."
mercato17,Mercatò,Lavatrice,"Detersivo per lavatrice in polvere Bianco Splendente, 61 lavaggi – Sole","3,05 kg",61,a lavaggio,7.69,0.126,2026-09-17,2026-09-30,
mercato17,Mercatò,Manzo,Rolatine di bovino adulto,al kg,1,al kg,22.39,22.390,2026-09-17,2026-09-30,
mercato17,Mercatò,Manzo,Scamone di bovino adulto,al kg,1,al kg,22.99,22.990,2026-09-17,2026-09-30,
mercato17,Mercatò,Marmellata,Confettura bio Fiordifrutta – Rigoni di Asiago,250 g,0.25,al kg,2.59,10.360,2026-09-17,2026-09-30,"Vari tipi. Il volantino stampa 10,36 al kg."
mercato17,Mercatò,Merluzzo,Filetto di baccalà bagnato – Aquolina,400 g,0.4,al kg,13.90,34.750,2026-09-17,2026-09-30,"Il volantino stampa 34,75 al kg."
mercato17,Mercatò,Mortadella,Mortadella IGP – Negroni,al kg (al banco),1,al kg,8.90,8.900,2026-09-17,2026-09-30,"Al banco, 0,89 all'etto."
mercato17,Mercatò,Mozzarella,Mozzarella Gran Luna – Caseificio Pugliese,300 g,0.3,al kg,2.99,9.967,2026-09-17,2026-09-30,"Il volantino stampa 9,97 al kg."
mercato17,Mercatò,Mozzarella,Mozzarella di bufala senza lattosio – Vivi Bene Selex,125 g,0.125,al kg,1.39,11.120,2026-09-17,2026-09-30,"Solo con Fidelity Card. Il volantino stampa 11,12 al kg."
mercato17,Mercatò,Mozzarella,Mozzarella fior di latte – Vallelata,375 g (125 g × 3),0.375,al kg,2.89,7.707,2026-09-17,2026-09-30,"Il volantino stampa 7,71 al kg."
mercato17,Mercatò,Olio d'oliva,Olio d'oliva – Meriggio,750 ml,0.75,al litro,4.89,6.520,2026-09-17,2026-09-30,"Solo con Fidelity Card. Il volantino stampa 6,52 al litro."
mercato17,Mercatò,Olio d'oliva,Olio di oliva – Farchioni,1 litro,1,al litro,4.96,4.960,2026-09-17,2026-09-30,"Il volantino stampa 4,96 al litro."
mercato17,Mercatò,Olio d'oliva,Olio extra vergine di oliva 100% italiano – Bartolini,750 ml,0.75,al litro,7.69,10.253,2026-09-17,2026-09-30,"Il volantino stampa 10,25 al litro."
mercato17,Mercatò,Olio di semi,Olio di semi di mais – Dante,1 litro,1,al litro,1.99,1.990,2026-09-17,2026-09-30,
mercato17,Mercatò,Panati,"Bastoncini di merluzzo surgelati, formato convenienza 24+6 gratis – Findus",750 g,0.75,al kg,6.59,8.787,2026-09-17,2026-09-30,"Il volantino stampa 8,79 al kg."
mercato17,Mercatò,Pancetta,Pancetta magra coppata – Cavalier Umberto Boschi,al kg (al banco),1,al kg,14.90,14.900,2026-09-17,2026-09-30,"Al banco, 1,49 all'etto."
mercato17,Mercatò,Pane,Pan bauletto al grano duro – Mulino Bianco Barilla,400 g,0.4,al kg,0.86,2.150,2026-09-17,2026-09-30,"Il volantino stampa 2,15 al kg."
mercato17,Mercatò,Pane,Patapane,al kg,1,al kg,3.38,3.380,2026-09-17,2026-09-30,
mercato17,Mercatò,Pane,Piadina con farina integrale – Selex,225 g (3 pezzi),0.225,al kg,1.14,5.067,2026-09-17,2026-09-30,"Il volantino stampa 5,07 al kg."
mercato17,Mercatò,Pasta,Pasta – La Molisana,500 g,0.5,al kg,0.69,1.380,2026-09-17,2026-09-30,"Vari tipi. Il volantino stampa 1,38 al kg."
mercato17,Mercatò,Pesce,"Branzino 4/6, allevato Italia",al kg,1,al kg,13.90,13.900,2026-09-17,2026-09-30,
mercato17,Mercatò,Pesce,Cozza / mitilo – La Spezia,al kg,1,al kg,4.90,4.900,2026-09-17,2026-09-30,
mercato17,Mercatò,Pollo,Controfiletto di pollo – La Fattoria delle Cose Buone,300 g,0.3,al kg,3.39,11.300,2026-09-17,2026-09-30,"Il volantino stampa 11,30 al kg."
mercato17,Mercatò,Pollo,Coscette di pollo dalle Langhe allevato senza l'uso di antibiotici,al kg,1,al kg,7.99,7.990,2026-09-17,2026-09-30,
mercato17,Mercatò,Pomodoro,Passata di pomodoro – Santa Rosa,700 g,0.7,al kg,0.79,1.129,2026-09-17,2026-09-30,"Il volantino stampa 1,13 al kg."
mercato17,Mercatò,Pomodoro,Passata pomodoro – Selex,600 g (200 g × 3),0.6,al kg,0.95,1.583,2026-09-17,2026-09-30,"Il volantino stampa 1,58 al kg."
mercato17,Mercatò,Pomodoro,Polpa di pomodoro in pezzi biologica – Natura Chiama Selex,400 g,0.4,al kg,0.49,1.225,2026-09-17,2026-09-30,"Il volantino stampa 1,23 al kg."
mercato17,Mercatò,Preparati,Cotolette o cordon bleu di pollo – Gusto Ricco,400 g,0.4,al kg,1.99,4.975,2026-09-17,2026-09-30,"Vari tipi. Il volantino stampa 4,98 al kg."
mercato17,Mercatò,Prosciutto,Prosciutto cotto magro e morbido – Lenti,al kg (al banco),1,al kg,10.50,10.500,2026-09-17,2026-09-30,"Al banco, 1,05 all'etto."
mercato17,Mercatò,Prosciutto,Speck IGP Alto Adige,al kg (al banco),1,al kg,13.90,13.900,2026-09-17,2026-09-30,"Al banco, 1,39 all'etto."
mercato17,Mercatò,Ricotta,Ricotta del Boscaiolo – Longo,al kg (al banco),1,al kg,3.90,3.900,2026-09-17,2026-09-30,"Al banco, 0,39 all'etto."
mercato17,Mercatò,Riso,Riso Carnaroli chicchi grandi – Principe,1 kg,1,al kg,2.33,2.330,2026-09-17,2026-09-30,
mercato17,Mercatò,Salame,Salame Milano – Citterio,al kg (al banco),1,al kg,15.90,15.900,2026-09-17,2026-09-30,"Al banco, 1,59 all'etto."
mercato17,Mercatò,Salmone affumicato,Salmone affumicato scozzese – Hendricks,100 g,0.1,al kg,3.89,38.900,2026-09-17,2026-09-30,"Il volantino stampa 38,90 al kg."
mercato17,Mercatò,Spalmabili,Original – Philadelphia,160 g (80 g × 2),0.16,al kg,1.74,10.875,2026-09-17,2026-09-30,"Solo con Fidelity Card. Il volantino stampa 10,88 al kg."
mercato17,Mercatò,Spalmabili,Robiola d'Alba naturale,200 g,0.2,al kg,2.29,11.450,2026-09-17,2026-09-30,"Il volantino stampa 11,45 al kg."
mercato17,Mercatò,Spalmabili,Robiola – Nonno Nanni,200 g (100 g × 2),0.2,al kg,1.59,7.950,2026-09-17,2026-09-30,"Solo con Fidelity Card. Il volantino stampa 7,95 al kg."
mercato17,Mercatò,Sughi,Sugo alle olive – Barilla,400 g,0.4,al kg,1.69,4.225,2026-09-17,2026-09-30,"Il volantino stampa 4,23 al kg."
mercato17,Mercatò,Suino,"Capocollo senz'osso di suino a fette, confezione convenienza",al kg,1,al kg,9.29,9.290,2026-09-17,2026-09-30,Origine Italia.
mercato17,Mercatò,Suino,Costina di suino piemontese,al kg,1,al kg,8.98,8.980,2026-09-17,2026-09-30,
mercato17,Mercatò,Tonno,Filetti di tonno all'olio extravergine di oliva – Mareblu,250 g,0.25,al kg,3.85,15.400,2026-09-17,2026-09-30,"Solo con Fidelity Card. Il volantino stampa 15,40 al kg."
mercato17,Mercatò,Tonno,Tonno all'olio di oliva – Auriga,420 g (70 g × 6),0.42,al kg,4.49,10.690,2026-09-17,2026-09-30,"Il volantino stampa 10,69 al kg."
mercato17,Mercatò,Tonno,Tonno all'olio di oliva – Selex,420 g (70 g × 6),0.42,al kg,5.79,13.786,2026-09-17,2026-09-30,"Il volantino stampa 13,79 al kg."
mercato17,Mercatò,Tè,Camomilla solubile con melatonina – Selex,64 g (16 buste),0.064,al kg,1.69,26.406,2026-09-17,2026-09-30,"Il volantino stampa 26,41 al kg."
mercato17,Mercatò,Verdura,Broccoletti,al kg,1,al kg,1.99,1.990,2026-09-17,2026-09-23,"Origine Italia. Valido dal 17 al 23 settembre, non per tutto il volantino."
mercato17,Mercatò,Verdura,Finocchi,800 g,0.8,al kg,1.69,2.112,2026-09-17,2026-09-23,"Origine Italia. Valido dal 17 al 23 settembre, non per tutto il volantino."
mercato17,Mercatò,Verdure surgelate,"Tortini di verdure con spinaci, piselli e mozzarella – Selex",200 g,0.2,al kg,1.69,8.450,2026-09-17,2026-09-30,"Il volantino stampa 8,45 al kg."
mercato17,Mercatò,Vino,Frappato Terre Siciliane IGT – Cardilla,750 ml,0.75,al litro,3.98,5.307,2026-09-17,2026-09-30,"Il volantino stampa 5,31 al litro."
mercato17,Mercatò,Vino,Gavi DOCG – Duchessa Lia,750 ml,0.75,al litro,5.69,7.587,2026-09-17,2026-09-30,"Il volantino stampa 7,59 al litro."
mercato17,Mercatò,Vino,Prosecco Superiore Valdobbiadene DOCG Millesimato Extra Dry – Maschio,750 ml,0.75,al litro,4.98,6.640,2026-09-17,2026-09-30,"Il volantino stampa 6,64 al litro."
mercato17,Mercatò,Yogurt,Yogurt Activia – Danone,1 kg (125 g × 8),1,al kg,2.99,2.990,2026-09-17,2026-09-30,Solo con Fidelity Card. Vari tipi.
mercato17,Mercatò,Yogurt,Yogurt senza lattosio – Bella Vita,250 g (125 g × 2),0.25,al kg,0.79,3.160,2026-09-17,2026-09-30,"Vari tipi. Il volantino stampa 3,16 al kg."
mercatoreal17,Mercatò,Shampoo,"Shampoo 250 ml o balsamo 200 ml Ultra Dolce, vari tipi – Garnier",200 ml (balsamo),0.2,al litro,1.89,9.450,2026-09-17,2026-09-30,"Stesso prezzo per lo shampoo da 250 ml: qui il conto è sul balsamo, il formato più piccolo."
mercatoreal17,Mercatò,Shampoo,"Shampoo Elvive, vari tipi – L'Oréal",200 ml,0.2,al litro,4.90,24.500,2026-09-17,2026-09-30,"Il volantino stampa 24,50 al litro."
eurospin10,Eurospin,Carta igienica,"Carta igienica «La Setosa», 12 rotoli, 2 veli",12 rotoli,12,al rotolo,2.29,0.191,2026-09-18,2026-09-20,"«Doppio weekend di follia», valido solo da venerdì 18 a domenica 20 settembre."
eurospin10,Eurospin,Formaggio,Formaggio dolce a pasta filata,300 g,0.3,al kg,1.39,4.633,2026-09-18,2026-09-20,"«Doppio weekend di follia», valido solo da venerdì 18 a domenica 20 settembre."
eurospin10,Eurospin,Patate,Patate fritte surgelate,3 kg,3,al kg,2.89,0.963,2026-09-18,2026-09-20,"«Doppio weekend di follia», valido solo da venerdì 18 a domenica 20 settembre."
eurospin10,Eurospin,Patate,"Patate gialle, sacco da 4 kg",4 kg,4,al kg,2.76,0.690,2026-09-18,2026-09-20,"«Doppio weekend di follia», valido solo da venerdì 18 a domenica 20 settembre."
md08,MD,Acqua,Acqua naturale – Sant'Anna,2 litri,2,al litro,0.45,0.225,2026-09-18,2026-09-21,"Vale solo dal 18 al 21 settembre («Weekend più uno»), non per tutto il volantino. Prima 0,65."
md08,MD,Biscotti,Biscotti Oswego – Le Bon,500 g,0.5,al kg,1.39,2.780,2026-09-18,2026-09-21,"Vale solo dal 18 al 21 settembre («Weekend più uno»), non per tutto il volantino. Prima 1,69."
md08,MD,Conserve,"Mais, piselli e peperoni cotti a vapore – Buona Spesa!",420 g (3 × 140 g),0.42,al kg,1.39,3.310,2026-09-18,2026-09-21,"Vale solo dal 18 al 21 settembre («Weekend più uno»), non per tutto il volantino. Prima 2,29."
md08,MD,Frutta,Uva bianca in bauletto,2 kg,2,al kg,2.78,1.390,2026-09-18,2026-09-21,"Vale solo dal 18 al 21 settembre («Weekend più uno»), non per tutto il volantino. Il volantino stampa 1,39 al kg."
md08,MD,Olio di semi,Olio di semi vari – Semì,1 litro,1,al litro,1.55,1.550,2026-09-18,2026-09-21,"Vale solo dal 18 al 21 settembre («Weekend più uno»), non per tutto il volantino. Prima 1,79."
md08,MD,Preparati,Hamburger di Angus – Mister Meat,180 g,0.18,al kg,3.79,21.056,2026-09-18,2026-09-21,"Vale solo dal 18 al 21 settembre («Weekend più uno»), non per tutto il volantino. Carne 100% irlandese. Il volantino stampa 21,06 al kg."
md08,MD,Würstel,Würstel di pollo e tacchino – La Fattoria,1 kg,1,al kg,2.29,2.290,2026-09-18,2026-09-21,"Vale solo dal 18 al 21 settembre («Weekend più uno»), non per tutto il volantino. Prima 2,59. Senza glutine."
lidl17,Lidl,Frutta,Pere Williams,1 kg confezione,1,al kg,1.79,1.790,2026-09-21,2026-09-23,"Prima 2,49. Valido solo dal 21 al 23 settembre, non per tutto il volantino."
lidl17,Lidl,Patate,Patate – Selenella,"1,5 kg rete",1.5,al kg,2.29,1.527,2026-09-21,2026-09-23,"Prima 2,99. Valido solo dal 21 al 23 settembre, non per tutto il volantino."
lidl17,Lidl,Verdura,Zucca Butternut,al kg,1,al kg,1.19,1.190,2026-09-21,2026-09-23,"Con Lidl Plus, prima 1,69. Valido solo dal 21 al 23 settembre, non per tutto il volantino."
ekom22,Ekom,Acqua,"Acqua – Alpi Cozie, frizzante o naturale, 12x500 ml",6 litri,6,al litro,1.89,0.315,2026-09-22,2026-10-05,
ekom22,Ekom,Ammorbidente,"Ammorbidente profumato, 40 lavaggi – Solbat","2 litri, 40 lavaggi",2,a lavaggio,1.29,0.645,2026-09-22,2026-10-05,"Prima 1,79."
ekom22,Ekom,Asciugatutto,"Asciugatutto 2 veli, 6 rotoli – Bravo",6 rotoli,6,al rotolo,2.79,0.465,2026-09-22,2026-10-05,"Prima 3,99."
ekom22,Ekom,Asciugatutto,"Asciugatutto monorotolo decorato 3 veli, 300 strappi – Lalynea",1 rotolo,1,al rotolo,2.39,2.390,2026-09-22,2026-10-05,"Prima 2,99."
ekom22,Ekom,Bibite,"Best Hydration, arancia/limone/frutti di bosco – Sant'Anna",330 ml,0.33,al litro,0.69,2.091,2026-09-22,2026-10-05,"Prima 0,99."
ekom22,Ekom,Bibite,"Bevanda alla frutta A+C+E, gusti assortiti","1,5 litri",1.5,al litro,1.39,0.927,2026-09-22,2026-10-05,
ekom22,Ekom,Bibite,"Classica – Coca Cola, 6x330 ml","1,98 litri",1.98,al litro,3.99,2.015,2026-09-22,2026-10-05,"Solo con la carta EKOM UP. Senza tessera 4,99."
ekom22,Ekom,Bibite,"Powerade, diversi tipi",500 ml,0.5,al litro,1.09,2.180,2026-09-22,2026-10-05,
ekom22,Ekom,Bibite,"Sport Drink, limone o arancio",500 ml,0.5,al litro,0.59,1.180,2026-09-22,2026-10-05,"Prima 0,79."
ekom22,Ekom,Birra,Birra Classic,500 ml,0.5,al litro,0.53,1.060,2026-09-22,2026-10-05,"Prima 0,69."
ekom22,Ekom,Birra,Birra Extra Stout,500 ml,0.5,al litro,0.99,1.980,2026-09-22,2026-10-05,"Prima 1,39."
ekom22,Ekom,Birra,Birra Nastro Azzurro – Peroni,500 ml,0.5,al litro,0.99,1.980,2026-09-22,2026-10-05,Solo con la carta EKOM UP.
ekom22,Ekom,Biscotti,Biscotti Buongrano – Mulino Bianco,350 g,0.35,al kg,1.59,4.543,2026-09-22,2026-10-05,"Prima 1,99."
ekom22,Ekom,Biscotti,"Biscotti – Cabrioni, diversi tipi",650 g,0.65,al kg,1.79,2.754,2026-09-22,2026-10-05,
ekom22,Ekom,Bresaola,"Bresaola punta d'anca IGP – Rigamonti, al banco",al kg,1,al kg,34.90,34.900,2026-09-22,2026-10-05,"Il volantino stampa 3,49 all'etto. Vale solo nei negozi col banco servito."
ekom22,Ekom,Burro,Burro,500 g,0.5,al kg,2.99,5.980,2026-09-22,2026-10-05,"Prima 4,49."
ekom22,Ekom,Caffè,Caffè macinato Aroma Oro,250 g,0.25,al kg,2.99,11.960,2026-09-22,2026-10-05,
ekom22,Ekom,Caffè,"Espresso Bar, 100 capsule",550 g,0.55,al kg,12.69,23.073,2026-09-22,2026-10-05,"Prima 16,99."
ekom22,Ekom,Calamari,Tentacoli di totano gigante,500 g,0.5,al kg,2.99,5.980,2026-09-22,2026-10-05,"Prima 3,99."
ekom22,Ekom,Carta igienica,"Carta igienica 2 veli, 4 maxi rotoli (=8) – Dayly",4 rotoli maxi,8,al rotolo,1.19,0.149,2026-09-22,2026-10-05,"Prima 1,49. 4 rotoli maxi valgono come 8 normali."
ekom22,Ekom,Carta igienica,"Carta igienica That's Amore, 8 rotoli 4 veli – Lalynea",8 rotoli,8,al rotolo,1.99,0.249,2026-09-22,2026-10-05,"Solo con la carta EKOM UP. Senza tessera 2,99."
ekom22,Ekom,Cereali,High Protein Müesli – Cameo,300 g,0.3,al kg,2.89,9.633,2026-09-22,2026-10-05,"Prima 3,69."
ekom22,Ekom,Cioccolato,"Barrette di cioccolato al latte, 16 pezzi",200 g,0.2,al kg,1.99,9.950,2026-09-22,2026-10-05,"Prima 2,49."
ekom22,Ekom,Conserve,Filetti di salmone all'olio vegetale,150 g,0.15,al kg,2.49,16.600,2026-09-22,2026-10-05,"È in scatola, non fresco."
ekom22,Ekom,Conserve,Olive olivolì nere toste – Saclà,100 g,0.1,al kg,0.79,7.900,2026-09-22,2026-10-05,"Solo con la carta EKOM UP. Senza tessera 0,99."
ekom22,Ekom,Creme,"Fior di Nocciola, crema cacao e nocciola bicolore",400 g,0.4,al kg,1.59,3.975,2026-09-22,2026-10-05,"Prima 1,99."
ekom22,Ekom,Creme,"Peanut Butter, 100% arachidi – Fiorentini",350 g,0.35,al kg,2.79,7.971,2026-09-22,2026-10-05,"Prima 3,49. È burro di arachidi, non crema al cioccolato."
ekom22,Ekom,Formaggio,"Caciottina Bosco Gerolo, al banco",al kg,1,al kg,9.90,9.900,2026-09-22,2026-10-05,"Il volantino stampa 0,99 all'etto. Vale solo nei negozi col banco servito."
ekom22,Ekom,Formaggio,Camembert francese,250 g,0.25,al kg,2.49,9.960,2026-09-22,2026-10-05,
ekom22,Ekom,Formaggio,Caprino di latte di capra,80 g,0.08,al kg,0.99,12.375,2026-09-22,2026-10-05,"Prima 1,29."
ekom22,Ekom,Formaggio,"Certosa – Galbani, al banco",al kg,1,al kg,11.90,11.900,2026-09-22,2026-10-05,"Il volantino stampa 1,19 all'etto. Vale solo nei negozi col banco servito."
ekom22,Ekom,Formaggio,Feta greca DOP a cubetti,150 g,0.15,al kg,2.49,16.600,2026-09-22,2026-10-05,
ekom22,Ekom,Formaggio,"Fette di formaggio – Bon Fette, 20 pezzi",400 g,0.4,al kg,1.99,4.975,2026-09-22,2026-10-05,
ekom22,Ekom,Formaggio,Formaggio Telemea de Vacca – Bayernland,800 g,0.8,al kg,5.99,7.487,2026-09-22,2026-10-05,
ekom22,Ekom,Formaggio,Formaggio grattugiato mix,100 g,0.1,al kg,0.79,7.900,2026-09-22,2026-10-05,"Prima 0,99."
ekom22,Ekom,Formaggio,Gorgonzola dolce DOP,400 g,0.4,al kg,3.49,8.725,2026-09-22,2026-10-05,
ekom22,Ekom,Formaggio,"Gorgonzola dolce DOP, al banco",al kg,1,al kg,11.90,11.900,2026-09-22,2026-10-05,"Il volantino stampa 1,19 all'etto. Vale solo nei negozi col banco servito."
ekom22,Ekom,Formaggio,Luna di Primosale,200 g,0.2,al kg,1.49,7.450,2026-09-22,2026-10-05,"Prima 1,99."
ekom22,Ekom,Formaggio,Stracchino senza lattosio,150 g,0.15,al kg,1.49,9.933,2026-09-22,2026-10-05,"Prima 1,89."
ekom22,Ekom,Frutta,Mele Golden,al kg,1,al kg,1.49,1.490,2026-09-22,2026-10-05,
ekom22,Ekom,Frutta,Uva Italia,750 g,0.75,al kg,2.59,3.453,2026-09-22,2026-10-05,
ekom22,Ekom,Frutta,Uva Pizzutella,750 g,0.75,al kg,2.99,3.987,2026-09-22,2026-10-05,
ekom22,Ekom,Frutta,Uva nera,750 g,0.75,al kg,1.99,2.653,2026-09-22,2026-10-05,
ekom22,Ekom,Gelato,"Gelato Mochi Maka Flavor, cocco/vaniglia/mango",180 g,0.18,al kg,3.49,19.389,2026-09-22,2026-10-05,
ekom22,Ekom,Gelato,Gelato stecco Mini King,280 g,0.28,al kg,2.79,9.964,2026-09-22,2026-10-05,"Prima 3,49."
ekom22,Ekom,Gelato,"Vaschetta gelato, gusti assortiti – Kome Te",400 g,0.4,al kg,1.49,3.725,2026-09-22,2026-10-05,"Prima 1,99."
ekom22,Ekom,Lavastoviglie,"Gel Lavastoviglie Tutto in 1, 57 lavaggi – Scala","750 ml, 57 lavaggi",57,a lavaggio,0.99,0.017,2026-09-22,2026-10-05,"Prima 1,29."
ekom22,Ekom,Lavastoviglie,"Pastiglie lavastoviglie Tutto in 1 Extra, 36 lavaggi – Pril",36 lavaggi,36,a lavaggio,5.59,0.155,2026-09-22,2026-10-05,"Solo con la carta EKOM UP. Senza tessera 7,99."
ekom22,Ekom,Lavatrice,"Detersivo capi sportivi, 18 lavaggi – Chanteclair","900 ml, 18 lavaggi",18,a lavaggio,2.19,0.122,2026-09-22,2026-10-05,"Prima 2,99."
ekom22,Ekom,Manzo,Arrosto di bovino adulto,al kg,1,al kg,19.90,19.900,2026-09-22,2026-10-05,Vale solo nei negozi col banco servito.
ekom22,Ekom,Manzo,Costata di bovino adulto,al kg,1,al kg,18.90,18.900,2026-09-22,2026-10-05,Vale solo nei negozi col banco servito.
ekom22,Ekom,Manzo,Polpa magra di bovino adulto,al kg,1,al kg,16.90,16.900,2026-09-22,2026-10-05,Vale solo nei negozi col banco servito.
ekom22,Ekom,Merendine,"Croissant cioccolato, albicocca o crema",400 g,0.4,al kg,1.89,4.725,2026-09-22,2026-10-05,
ekom22,Ekom,Merluzzo,Filetti di merluzzo d'Alaska,400 g,0.4,al kg,1.99,4.975,2026-09-22,2026-10-05,"Prima 2,99."
ekom22,Ekom,Mortadella,Mortadella intera,150 g,0.15,al kg,1.19,7.933,2026-09-22,2026-10-05,"Prima 1,49."
ekom22,Ekom,Mozzarella,Mozzarella,100 g,0.1,al kg,0.69,6.900,2026-09-22,2026-10-05,"Prima 0,89."
ekom22,Ekom,Mozzarella,Mozzarella julienne,200 g,0.2,al kg,1.59,7.950,2026-09-22,2026-10-05,"Prima 1,99."
ekom22,Ekom,Mozzarella,"Mozzarelle fior di latte ciliegine, 8x25 g",200 g,0.2,al kg,1.69,8.450,2026-09-22,2026-10-05,"Prima 2,19."
ekom22,Ekom,Olio di semi,Olio di semi di girasole – Dante,1 litro,1,al litro,2.19,2.190,2026-09-22,2026-10-05,"Solo con la carta EKOM UP. Senza tessera 2,79."
ekom22,Ekom,Panati,Filetti di platessa impanati,300 g,0.3,al kg,2.99,9.967,2026-09-22,2026-10-05,"Prima 3,99. Sono impanate."
ekom22,Ekom,Pane,"Baguette precotta, 2 pezzi",300 g,0.3,al kg,0.79,2.633,2026-09-22,2026-10-05,"Prima 0,99."
ekom22,Ekom,Pane,Cracker Fiori d'Acqua – Mulino Bianco,250 g,0.25,al kg,1.25,5.000,2026-09-22,2026-10-05,"Prima 1,79."
ekom22,Ekom,Pasta,"Pasta fresca ripiena, diversi tipi – MammAmore",500 g,0.5,al kg,1.19,2.380,2026-09-22,2026-10-05,"Prima 1,69. Sono tortelloni freschi, non pasta secca."
ekom22,Ekom,Pasta,"Pasta fresca, orecchiette o trofie",1 kg,1,al kg,1.69,1.690,2026-09-22,2026-10-05,"Sono fresche, non pasta secca."
ekom22,Ekom,Patate,Patate stick prefritte,1 kg,1,al kg,1.49,1.490,2026-09-22,2026-10-05,"Prima 1,99."
ekom22,Ekom,Patate,Patate – Selenella,"1,5 kg rete",1.5,al kg,2.49,1.660,2026-09-22,2026-10-05,
ekom22,Ekom,Pizza,Pizza Kebab,420 g,0.42,al kg,2.99,7.119,2026-09-22,2026-10-05,"Prima 3,99."
ekom22,Ekom,Pollo,Fuselli di pollo,al kg,1,al kg,4.90,4.900,2026-09-22,2026-10-05,Vale solo nei negozi col banco servito.
ekom22,Ekom,Pomodoro,Passata di pomodoro – Pomì,750 g,0.75,al kg,0.99,1.320,2026-09-22,2026-10-05,"Prima 1,49."
ekom22,Ekom,Preparati,Fette di cotechino senza glutine,150 g (3 fette),0.15,al kg,1.49,9.933,2026-09-22,2026-10-05,"Prima 1,99. È cotechino, salume cotto di maiale, non salsiccia fresca."
ekom22,Ekom,Preparati,Polpettine di carne bovina – Amica Natura,500 g,0.5,al kg,3.99,7.980,2026-09-22,2026-10-05,"Solo con la carta EKOM UP. Senza tessera 4,99."
ekom22,Ekom,Preparati,Rustichelle di pollo BBQ,al kg,1,al kg,13.90,13.900,2026-09-22,2026-10-05,Vale solo nei negozi col banco servito.
ekom22,Ekom,Prosciutto,"Prosciutto cotto alta qualità – Riccafetta, al banco",al kg,1,al kg,15.90,15.900,2026-09-22,2026-10-05,"Il volantino stampa 1,59 all'etto, prima 1,99. Vale solo nei negozi col banco servito."
ekom22,Ekom,Prosciutto,Prosciutto cotto – Salumi Belletti,100 g,0.1,al kg,1.29,12.900,2026-09-22,2026-10-05,
ekom22,Ekom,Prosciutto,"Prosciutto crudo, al banco",al kg,1,al kg,16.90,16.900,2026-09-22,2026-10-05,"Il volantino stampa 1,69 all'etto. Vale solo nei negozi col banco servito."
ekom22,Ekom,Prosciutto,"Speck Alto Adige IGP, al banco",al kg,1,al kg,19.90,19.900,2026-09-22,2026-10-05,"Il volantino stampa 1,99 all'etto. Vale solo nei negozi col banco servito."
ekom22,Ekom,Ricotta,Mascarpone,500 g,0.5,al kg,2.79,5.580,2026-09-22,2026-10-05,"Prima 3,49."
ekom22,Ekom,Ricotta,"Ricotta – Vallelata, al banco",al kg,1,al kg,6.90,6.900,2026-09-22,2026-10-05,"Il volantino stampa 0,69 all'etto. Vale solo nei negozi col banco servito."
ekom22,Ekom,Riso,Riso Arborio,1 kg,1,al kg,1.99,1.990,2026-09-22,2026-10-05,"Prima 2,79."
ekom22,Ekom,Salmone affumicato,Salmone affumicato,200 g,0.2,al kg,5.49,27.450,2026-09-22,2026-10-05,
ekom22,Ekom,Shampoo,"Doccia Shampoo Luxury, diversi tipi",500 ml,0.5,al litro,0.85,1.700,2026-09-22,2026-10-05,"Prima 1,25. È un 2 in 1 doccia e shampoo."
ekom22,Ekom,Spalmabili,Classico – Philadelphia,220 g,0.22,al kg,2.19,9.955,2026-09-22,2026-10-05,Solo con la carta EKOM UP.
ekom22,Ekom,Sughi,Sugo alle vongole – Appetais,300 g,0.3,al kg,2.39,7.967,2026-09-22,2026-10-05,"Prima 2,99."
ekom22,Ekom,Suino,"Lonza di suino a tranci, confezione risparmio",al kg,1,al kg,7.90,7.900,2026-09-22,2026-10-05,Vale solo nei negozi col banco servito.
ekom22,Ekom,Tonno,Filetti di tonno all'olio di semi di girasole,180 g,0.18,al kg,2.39,13.278,2026-09-22,2026-10-05,"Prima 2,99."
ekom22,Ekom,Tonno,"Tonno all'olio di oliva, 6x120 g – Rio Mare",720 g,0.72,al kg,8.99,12.486,2026-09-22,2026-10-05,"Solo con la carta EKOM UP. Senza tessera 11,99."
ekom22,Ekom,Tonno,"Trancetti di tonno in olio di girasole, formato scorta 12x80 g – Moretti",960 g,0.96,al kg,5.99,6.240,2026-09-22,2026-10-05,"Prima 8,99."
ekom22,Ekom,Tè,"Tè verde freddo, diversi gusti, 16 filtri – Everton",40 g,0.04,al kg,1.99,49.750,2026-09-22,2026-10-05,"Prima 2,49."
ekom22,Ekom,Uova,"10 uova piccole ""S""",10 uova,10,all'uovo,2.19,0.219,2026-09-22,2026-10-05,
ekom22,Ekom,Verdura,Pomodori a grappolo,al kg,1,al kg,1.99,1.990,2026-09-22,2026-10-05,
ekom22,Ekom,Verdure surgelate,Contorno broccoli e patate,450 g,0.45,al kg,1.99,4.422,2026-09-22,2026-10-05,"Prima 2,49."
ekom22,Ekom,Verdure surgelate,Minestrone,450 g,0.45,al kg,0.79,1.756,2026-09-22,2026-10-05,"Prima 0,99."
ekom22,Ekom,Verdure surgelate,Spinaci in cubi,1 kg,1,al kg,1.49,1.490,2026-09-22,2026-10-05,"Prima 1,99."
ekom22,Ekom,Vino,Bonarda dell'Oltrepò Pavese DOC – Fratelli Maggi,750 ml,0.75,al litro,1.99,2.653,2026-09-22,2026-10-05,
ekom22,Ekom,Vino,Cabernet Sauvignon,750 ml,0.75,al litro,1.99,2.653,2026-09-22,2026-10-05,"Prima 2,69."
ekom22,Ekom,Vino,Müller Thurgau delle Venezie IGT,750 ml,0.75,al litro,2.89,3.853,2026-09-22,2026-10-05,"Prima 3,89."
ekom22,Ekom,Vino,Nebbiolo delle Langhe DOC,750 ml,0.75,al litro,4.25,5.667,2026-09-22,2026-10-05,"Prima 5,69."
ekom22,Ekom,Vino,Pinot Nero IGT,750 ml,0.75,al litro,2.39,3.187,2026-09-22,2026-10-05,"Prima 3,29."
ekom22,Ekom,Vino,"Vino DOC Capetta, Monferrato Chiaretto o Cortese dell'Alto Monferrato",750 ml,0.75,al litro,2.99,3.987,2026-09-22,2026-10-05,"Solo con la carta EKOM UP. Senza tessera 4,69."
ekom22,Ekom,Würstel,Würstel Griglia&Famiglia,1 kg,1,al kg,2.59,2.590,2026-09-22,2026-10-05,"Sono würstel, non carne fresca."
ekom22,Ekom,Yogurt,Yogurt cremoso bianco&nocciole e cioccolato,150 g,0.15,al kg,0.59,3.933,2026-09-22,2026-10-05,"Prima 0,79."
ekom22,Ekom,Yogurt,"Yogurt greco, magro, magro senza lattosio o intero",150 g,0.15,al kg,0.79,5.267,2026-09-22,2026-10-05,"Prima 0,99."
md22,MD,Affettati,Petto di tacchino arrosto nazionale selezione – La Fattoria,100 g,0.1,al kg,1.99,19.900,2026-09-22,2026-10-04,"Prima 2,49."
md22,MD,Asciugatutto,Carta casa 1 rotolo 160 strappi – Flou,1 rotolo,1,al rotolo,1.00,1.000,2026-09-22,2026-10-04,"Prima 1,39."
md22,MD,Asciugatutto,Carta casa asciugatutto 4 rotoli 2 veli – Scala,4 rotoli,4,al rotolo,1.00,0.250,2026-09-22,2026-10-04,"Prima 1,29."
md22,MD,Bagnoschiuma,Bagnodoccia – Borotalco/Neutro Roberts,900 ml (450 ml × 2),0.9,al litro,3.89,4.322,2026-09-22,2026-10-04,"Prima 4,69."
md22,MD,Bagnoschiuma,Sapone liquido antibatterico/neutro – Cliosan,500 ml,0.5,al litro,1.00,2.000,2026-09-22,2026-10-04,"Prima 1,25."
md22,MD,Bibite,Regular/zero – Coca-Cola,"1,75 litri",1.75,al litro,1.79,1.023,2026-09-22,2026-10-04,"Solo con la MD Buona Spesa Card. Senza tessera 2,49."
md22,MD,Bibite,Regular/zero – Pepsi,500 ml,0.5,al litro,0.65,1.300,2026-09-22,2026-10-04,"Prima 0,85."
md22,MD,Birra,Birra Contessa IPA,500 ml,0.5,al litro,1.69,3.380,2026-09-22,2026-10-04,"Prima 1,99."
md22,MD,Birra,Birra Contessa blanche,500 ml,0.5,al litro,1.59,3.180,2026-09-22,2026-10-04,"Prima 1,99."
md22,MD,Birra,Birra – Ichnusa,990 ml (330 ml × 3),0.99,al litro,2.29,2.313,2026-09-22,2026-10-04,"Prima 2,79. Speciale Sardegna."
md22,MD,Biscotti,6 Crostatine albicocca/cacao – La Dolce,240 g,0.24,al kg,1.00,4.167,2026-09-22,2026-10-04,"Prima 1,39."
md22,MD,Biscotti,Biscotti Digestive – Gullón,400 g,0.4,al kg,1.00,2.500,2026-09-22,2026-10-04,"Prima 1,29."
md22,MD,Biscotti,Biscotti di Fonni,350 g,0.35,al kg,1.85,5.286,2026-09-22,2026-10-04,"Prima 1,99. Speciale Sardegna."
md22,MD,Biscotti,Biscotti ripieni crema al limone/crema al cacao – Playtime,150 g,0.15,al kg,1.00,6.667,2026-09-22,2026-10-04,"Prima 1,39."
md22,MD,Biscotti,Canestrellini della Lanterna,250 g,0.25,al kg,1.00,4.000,2026-09-22,2026-10-04,"Prima 1,29."
md22,MD,Biscotti,Frollini con zucchero di canna – Le Bon,700 g,0.7,al kg,1.69,2.414,2026-09-22,2026-10-04,"Prima 2,19."
md22,MD,Biscotti,Mikado cioccolato bianco/fondente/al latte – Lu,70 g,0.07,al kg,1.39,19.857,2026-09-22,2026-10-04,"Prima 1,89. Il prezzo è calcolato sulla confezione più piccola, 70 g: quella da 75 g costa meno al kg."
md22,MD,Biscotti,Twin Go vaniglia – Gullón,290 g,0.29,al kg,1.15,3.966,2026-09-22,2026-10-04,"Prima 1,69."
md22,MD,Bresaola,"Bresaola punta d'anca, bassa salatura – La Delicata",80 g,0.08,al kg,2.59,32.375,2026-09-22,2026-10-04,"Prima 3,29."
md22,MD,Burro,Burro senza lattosio – Vivo Meglio,125 g,0.125,al kg,1.00,8.000,2026-09-22,2026-10-04,"Prima 1,15."
md22,MD,Carta igienica,Carta igienica 6 rotoli 3 veli – Flou,6 rotoli,6,al rotolo,3.49,0.582,2026-09-22,2026-10-04,
md22,MD,Carta igienica,Carta igienica profumata 4 rotoli 2 veli – Mega Soft,4 rotoli,4,al rotolo,1.00,0.250,2026-09-22,2026-10-04,"Prima 1,29."
md22,MD,Cereali,Honey Snackies – Manusol,375 g,0.375,al kg,1.49,3.973,2026-09-22,2026-10-04,"Prima 1,79."
md22,MD,Cioccolato,Snack Cioko Più assortiti – Witor's,126 g,0.126,al kg,1.69,13.413,2026-09-22,2026-10-04,"Prima 1,99."
md22,MD,Conserve,Funghi champignon trifolati – Jolie,180 g,0.18,al kg,0.99,5.500,2026-09-22,2026-10-04,"Prima 1,09."
md22,MD,Conserve,Piselli e carote – Gustato,"400 g, peso sgocciolato 265 g",0.265,al kg,1.00,3.774,2026-09-22,2026-10-04,"Prima 1,19. Prezzo calcolato sul peso sgocciolato."
md22,MD,Dentifricio,Dentifricio P – Mentadent,100 ml,0.1,al litro,1.59,15.900,2026-09-22,2026-10-04,"Solo con la MD Buona Spesa Card. Senza tessera 1,99."
md22,MD,Dentifricio,Dentifricio Total Care – Neoveda,75 ml,0.075,al litro,1.00,13.333,2026-09-22,2026-10-04,"Prima 1,49."
md22,MD,Formaggio,Blu di Capra dolce – Igor,150 g,0.15,al kg,3.39,22.600,2026-09-22,2026-10-04,"Prima 3,99."
md22,MD,Formaggio,Edamer/Gouda a fette,150 g,0.15,al kg,1.00,6.667,2026-09-22,2026-10-04,"Prima 1,35."
md22,MD,Formaggio,Formaggio fuso a fette – Malga Paradiso,400 g,0.4,al kg,1.99,4.975,2026-09-22,2026-10-04,"Prima 2,25."
md22,MD,Formaggio,Formaggio italiano grattugiato – Malga Paradiso,100 g,0.1,al kg,1.09,10.900,2026-09-22,2026-10-04,"Prima 1,39. È un formaggio grattugiato generico, non vero grana."
md22,MD,Formaggio,Pecorino sardo DOP dolce – Graziola,250 g,0.25,al kg,3.89,15.560,2026-09-22,2026-10-04,"Prima 4,09. Speciale Sardegna."
md22,MD,Formaggio,Pecorino sardo di montagna – Gennargentu,300 g,0.3,al kg,4.89,16.300,2026-09-22,2026-10-04,"Prima 4,99. Speciale Sardegna."
md22,MD,Formaggio,Primosale senza lattosio – Vivo Meglio,180 g,0.18,al kg,1.49,8.278,2026-09-22,2026-10-04,Solo con la MD Buona Spesa Card.
md22,MD,Formaggio,Provola sarda dolce,100 g,0.1,al kg,1.89,18.900,2026-09-22,2026-10-04,"Prima 2,09. Speciale Sardegna."
md22,MD,Frutta,Arance Valencia,al kg,1,al kg,1.49,1.490,2026-09-22,2026-10-04,
md22,MD,Frutta,Mele Red Delicious,al kg,1,al kg,1.39,1.390,2026-09-22,2026-10-04,
md22,MD,Frutta,Pere Williams,al kg,1,al kg,1.99,1.990,2026-09-22,2026-10-04,
md22,MD,Frutta,Susine Angeleno,al kg,1,al kg,1.39,1.390,2026-09-22,2026-10-04,
md22,MD,Frutta,Uva bianca Italia,al kg,1,al kg,1.99,1.990,2026-09-22,2026-10-04,
md22,MD,Gamberi,Code di mazzancolle tropicali sgusciate,200 g,0.2,al kg,2.99,14.950,2026-09-22,2026-10-04,"Prima 4,15."
md22,MD,Gelato,6 Coni classico/amarena/vaniglia e cacao – Le Specialità di Beppe,450 g,0.45,al kg,2.19,4.867,2026-09-22,2026-10-04,"Prima 2,89."
md22,MD,Gelato,8 Mini stecchi assortiti – Le Specialità di Beppe,250 g,0.25,al kg,2.49,9.960,2026-09-22,2026-10-04,"Prima 2,89."
md22,MD,Gelato,Affogato caffè/amarena/cacao/frutti di bosco – Buona Spesa!,500 g,0.5,al kg,1.99,3.980,2026-09-22,2026-10-04,"Prima 2,89."
md22,MD,Insalata,Insalata mista – Buona Spesa!,200 g,0.2,al kg,0.79,3.950,2026-09-22,2026-10-04,Solo con la MD Buona Spesa Card.
md22,MD,Latte,Latte microfiltrato parzialmente scremato senza lattosio – Vivo Meglio,1 litro,1,al litro,1.09,1.090,2026-09-22,2026-10-04,Solo con la MD Buona Spesa Card.
md22,MD,Latte,Latte parzialmente scremato UHT – Parmalat,1 litro,1,al litro,1.29,1.290,2026-09-22,2026-10-04,"Prima 1,65."
md22,MD,Lavatrice,"Detersivo lavatrice color+, 56 lavaggi – Omino Bianco","2,24 litri",56,a lavaggio,4.69,0.084,2026-09-22,2026-10-04,"Prima 5,59."
md22,MD,Lavatrice,"Detersivo lavatrice muschio bianco, 56 lavaggi – Omino Bianco","2,24 litri",56,a lavaggio,4.69,0.084,2026-09-22,2026-10-04,"Prima 5,59."
md22,MD,Lavatrice,Pods 15 capsule regolare – Dash,15 capsule,15,a lavaggio,3.99,0.266,2026-09-22,2026-10-04,"Prima 5,49."
md22,MD,Legumi,Ceci decorticati italiani – Naturali Bontà,300 g,0.3,al kg,1.39,4.633,2026-09-22,2026-10-04,"Prima 1,69. Secchi."
md22,MD,Merendine,10 Merendine ricoperte al cacao – Midi CiaoCiò,350 g,0.35,al kg,1.49,4.257,2026-09-22,2026-10-04,"Prima 1,69."
md22,MD,Merendine,10 Plum cake cioccolato – La Dolce,420 g,0.42,al kg,1.59,3.786,2026-09-22,2026-10-04,"Solo con la MD Buona Spesa Card. Senza tessera 2,29."
md22,MD,Merendine,2 Krapfen crema/albicocca/cioccolato – Arca,160 g,0.16,al kg,1.00,6.250,2026-09-22,2026-10-04,"Prima 1,29."
md22,MD,Merendine,"Colazione Più, 10 merendine – Kinder",290 g,0.29,al kg,2.49,8.586,2026-09-22,2026-10-04,"Prima 2,89."
md22,MD,Merendine,Croissant ripieni crema al cioccolato,252 g,0.252,al kg,1.49,5.913,2026-09-22,2026-10-04,"Prima 1,99."
md22,MD,Merendine,Sfogliaciok – Pasticceria del Centro,200 g,0.2,al kg,1.15,5.750,2026-09-22,2026-10-04,"Prima 1,49."
md22,MD,Miele,Miele di Acacia squeeze – Apisol,350 g,0.35,al kg,2.89,8.257,2026-09-22,2026-10-04,"Prima 3,19."
md22,MD,Mortadella,Gran Mortadella Nazionale selezione – La Fattoria,90 g,0.09,al kg,1.00,11.111,2026-09-22,2026-10-04,"Prima 1,99."
md22,MD,Mozzarella,Fior di latte senza lattosio – Sabelli,300 g (100 g × 3),0.3,al kg,2.29,7.633,2026-09-22,2026-10-04,"Prima 2,59."
md22,MD,Panati,Croccantelle di filetto di merluzzo pomodoro/spinaci – Le Specialità di Beppe,400 g (4 pezzi),0.4,al kg,2.99,7.475,2026-09-22,2026-10-04,"Solo con la MD Buona Spesa Card. Senza tessera 4,49. Sono impanate, non filetto puro."
md22,MD,Pancetta,Guanciale affettato di Barbagia,100 g,0.1,al kg,1.79,17.900,2026-09-22,2026-10-04,"Prima 2,29. Speciale Sardegna."
md22,MD,Pancetta,Pancetta a cubetti dolce/affumicata – La Fattoria,160 g (80 g × 2),0.16,al kg,1.00,6.250,2026-09-22,2026-10-04,"Prima 1,29."
md22,MD,Pane,Focaccia farcita prosciutto cotto/provola,390 g,0.39,al kg,2.49,6.385,2026-09-22,2026-10-04,"Prima 3,29."
md22,MD,Pane,Pane Carasau,500 g,0.5,al kg,2.49,4.980,2026-09-22,2026-10-04,"Prima 2,99. Speciale Sardegna."
md22,MD,Pane,Pane Carasau in sfoglie,200 g,0.2,al kg,2.49,12.450,2026-09-22,2026-10-04,"Prima 2,99. Speciale Sardegna."
md22,MD,Pane,Pane Guttiau,500 g,0.5,al kg,2.99,5.980,2026-09-22,2026-10-04,"Prima 3,59. Speciale Sardegna."
md22,MD,Pane,Pane Guttiau in sfoglie,200 g,0.2,al kg,2.49,12.450,2026-09-22,2026-10-04,"Prima 2,99. Speciale Sardegna."
md22,MD,Pasta,Chicche di patata – Ca' Bianca,500 g (250 g × 2),0.5,al kg,1.00,2.000,2026-09-22,2026-10-04,"Prima 1,59. Sono gnocchi di patata."
md22,MD,Pasta,Culurgiones classico,250 g,0.25,al kg,1.89,7.560,2026-09-22,2026-10-04,"Prima 1,99. Speciale Sardegna, pasta fresca ripiena."
md22,MD,Pasta,Fregola sarda media – Le Tradizionali,500 g,0.5,al kg,1.89,3.780,2026-09-22,2026-10-04,"Prima 2,39. Speciale Sardegna."
md22,MD,Pasta,Gran Tortello porcini/Tortelloni salmone/Ravioli tartufo – Ca' Bianca,250 g,0.25,al kg,1.49,5.960,2026-09-22,2026-10-04,"Prima 1,99."
md22,MD,Pasta,Lasagne di semola – Pasta Reale,500 g,0.5,al kg,1.00,2.000,2026-09-22,2026-10-04,"Prima 1,29."
md22,MD,Pasta,Pasta trafilata al bronzo assortita – Pasta Reale,500 g,0.5,al kg,1.00,2.000,2026-09-22,2026-10-04,"Prima 1,29."
md22,MD,Pasta,Ravioli di ricotta – Cossu,400 g,0.4,al kg,1.99,4.975,2026-09-22,2026-10-04,"Prima 2,29. Speciale Sardegna."
md22,MD,Pasta,Ravioli ricotta e zafferano – Cossu,400 g,0.4,al kg,1.99,4.975,2026-09-22,2026-10-04,"Prima 2,59. Speciale Sardegna."
md22,MD,Pasta,Sfoglia di semola per lasagne – Ca' Bianca,500 g,0.5,al kg,1.00,2.000,2026-09-22,2026-10-04,"Prima 1,39."
md22,MD,Patate,"Patate, rete",5 kg,5,al kg,3.25,0.650,2026-09-22,2026-10-04,
md22,MD,Pesce,Filetto di pangasio senza pelle – Le Specialità di Beppe,480 g,0.48,al kg,2.49,5.188,2026-09-22,2026-10-04,"Prima 3,59. È pangasio, pesce d'allevamento economico: non paragonabile a pesce pregiato."
md22,MD,Pizza,Pizza Margherita XXL – Il Forno di Visso,460 g,0.46,al kg,2.99,6.500,2026-09-22,2026-10-04,"Prima 3,89."
md22,MD,Pollo,Cosciotto di pollo,al kg,1,al kg,3.40,3.400,2026-09-22,2026-10-04,
md22,MD,Pollo,Petto di pollo a fette,al kg,1,al kg,8.90,8.900,2026-09-22,2026-10-04,
md22,MD,Pomodoro,Passata di pomodoro con basilico – Gustato,690 g,0.69,al kg,0.89,1.290,2026-09-22,2026-10-04,"Prima 1,09."
md22,MD,Pomodoro,Pomodori pelati – Gustato,"400 g, peso sgocciolato 240 g",0.24,al kg,0.45,1.875,2026-09-22,2026-10-04,"Prima 0,69. Prezzo calcolato sul peso sgocciolato."
md22,MD,Preparati,Hamburger di equino,220 g,0.22,al kg,2.90,13.182,2026-09-22,2026-10-04,
md22,MD,Preparati,Polpette di suino – Aia,320 g,0.32,al kg,3.90,12.188,2026-09-22,2026-10-04,
md22,MD,Prosciutto,Prosciutto cotto a cubetti – La Fattoria,160 g,0.16,al kg,1.39,8.688,2026-09-22,2026-10-04,"Prima 1,69."
md22,MD,Prosciutto,Prosciutto cotto alta qualità – Buona Spesa!,100 g,0.1,al kg,1.19,11.900,2026-09-22,2026-10-04,"Prima 1,45."
md22,MD,Prosciutto,Prosciutto crudo di Barbagia,100 g,0.1,al kg,2.69,26.900,2026-09-22,2026-10-04,"Prima 3,49. Speciale Sardegna."
md22,MD,Prosciutto,Spalla cotta – La Fattoria,100 g,0.1,al kg,1.00,10.000,2026-09-22,2026-10-04,"Prima 1,09. È spalla cotta, non prosciutto cotto vero e proprio, ma un affettato cotto comparabile."
md22,MD,Prosciutto,Speck IGP Alto Adige – Lettere dall'Italia,100 g,0.1,al kg,1.69,16.900,2026-09-22,2026-10-04,"Solo con la MD Buona Spesa Card. Senza tessera 1,85."
md22,MD,Ricotta,Ricotta in fuscella – Buona Spesa!,330 g,0.33,al kg,1.49,4.515,2026-09-22,2026-10-04,"Prima 1,79."
md22,MD,Riso,Risotto ai funghi porcini/alla milanese – Arnaboldi,175 g,0.175,al kg,1.00,5.714,2026-09-22,2026-10-04,"Prima 1,39."
md22,MD,Salame,Capocollo affettato stagionato – Buona Spesa!,100 g,0.1,al kg,2.00,20.000,2026-09-22,2026-10-04,"Prima 2,59. È capocollo, cioè coppa."
md22,MD,Salame,Salame Ungherese/Napoli/Milano/Campagnolo – La Fattoria,100 g,0.1,al kg,1.00,10.000,2026-09-22,2026-10-04,
md22,MD,Salame,"Salame affettato di Barbagia, grana grossa",100 g,0.1,al kg,1.75,17.500,2026-09-22,2026-10-04,"Prima 2,29. Speciale Sardegna."
md22,MD,Salame,Salamino di Barbagia,280 g,0.28,al kg,2.99,10.679,2026-09-22,2026-10-04,"Prima 3,59. Speciale Sardegna."
md22,MD,Salmone affumicato,Salmone Norvegese affumicato – Fish&Fine,80 g,0.08,al kg,2.99,37.375,2026-09-22,2026-10-04,"Prima 3,99."
md22,MD,Spalmabili,Formaggio fresco spalmabile – Buona Spesa!,200 g,0.2,al kg,1.00,5.000,2026-09-22,2026-10-04,"Prima 1,39."
md22,MD,Spalmabili,Robiola,200 g (100 g × 2),0.2,al kg,1.49,7.450,2026-09-22,2026-10-04,"Prima 2,29."
md22,MD,Spalmabili,Robiola senza lattosio – Vivo Meglio,100 g,0.1,al kg,1.00,10.000,2026-09-22,2026-10-04,"Prima 1,15."
md22,MD,Sughi,Gran Ragù assortito – Star,360 g (180 g × 2),0.36,al kg,2.19,6.083,2026-09-22,2026-10-04,"Prima 2,79."
md22,MD,Sughi,Pesto alla siciliana/Sugo funghi porcini-noci-formaggi – La Fattoria del Cavaliere,130 g,0.13,al kg,1.00,7.692,2026-09-22,2026-10-04,"Prima 1,39."
md22,MD,Sughi,Sugo pronto all'ortolana/alla puttanesca – Gustato,350 g,0.35,al kg,1.00,2.857,2026-09-22,2026-10-04,"Prima 1,29."
md22,MD,Suino,Tagliata di filetto di suino,300 g,0.3,al kg,3.95,13.167,2026-09-22,2026-10-04,
md22,MD,Tonno,Tonno all'olio d'oliva – Poseidon,210 g (70 g × 3),0.21,al kg,2.15,10.238,2026-09-22,2026-10-04,"Solo con la MD Buona Spesa Card. Senza tessera 2,59."
md22,MD,Verdura,Zucchine scure,al kg,1,al kg,1.99,1.990,2026-09-22,2026-10-04,
md22,MD,Verdure surgelate,Cavolfiore a rosette – Le Specialità di Beppe,600 g,0.6,al kg,1.19,1.983,2026-09-22,2026-10-04,"Prima 1,69."
md22,MD,Vino,Carignano del Sulcis DOC,750 ml,0.75,al litro,3.99,5.320,2026-09-22,2026-10-04,"Prima 4,89. Speciale Sardegna."
md22,MD,Vino,Cerasuolo d'Abruzzo DOC – Derio,750 ml,0.75,al litro,1.59,2.120,2026-09-22,2026-10-04,"Prima 1,99."
md22,MD,Vino,Spumante Gran Cuvée brut,750 ml,0.75,al litro,1.79,2.387,2026-09-22,2026-10-04,"Prima 2,29."
md22,MD,Vino,Syrah Terre Siciliane IGP – Tenute Varvari,750 ml,0.75,al litro,1.59,2.120,2026-09-22,2026-10-04,"Prima 1,69."
md22,MD,Vino,Vermentino di Sardegna DOC,750 ml,0.75,al litro,2.69,3.587,2026-09-22,2026-10-04,"Prima 3,49. Speciale Sardegna."
md22,MD,Vino,Vino Soave DOC – Le Cortigiane,750 ml,0.75,al litro,1.59,2.120,2026-09-22,2026-10-04,"Prima 1,99."
md22,MD,Würstel,Würstel di puro suino – La Fattoria,200 g (2 pezzi da 100 g),0.2,al kg,1.00,5.000,2026-09-22,2026-10-04,
md22,MD,Yogurt,Latte di Kefir arancia e zenzero/frutti misti – Vivo Meglio,480 g,0.48,al kg,1.00,2.083,2026-09-22,2026-10-04,"Prima 1,09. È da bere, non un vasetto."
md22,MD,Yogurt,Yogurt Bifidus bianco naturale – Bontà Viva,1 kg (125 g × 8),1,al kg,1.99,1.990,2026-09-22,2026-10-04,"Prima 2,79."
md22,MD,Yogurt,Yogurt bianco magro zero grassi – Bontà Viva,500 g (125 g × 4),0.5,al kg,1.00,2.000,2026-09-22,2026-10-04,"Prima 1,19."
bennetextra24,Bennet,Acqua,"Acqua effervescente naturale – Lete, conf. 6 pezzi",3 litri (6 × 500 ml),3,al litro,1.34,0.447,2026-09-24,2026-10-04,"−30% SOLO CON LA CARTA BENNET CLUB, prima 1,92."
bennetextra24,Bennet,Acqua,"Acqua naturale – Eva, conf. 6 pezzi","9 litri (6 × 1,5 l)",9,al litro,1.76,0.196,2026-09-24,2026-10-04,"−35% SOLO CON LA CARTA BENNET CLUB, prima 2,72."
bennetextra24,Bennet,Affettati,Petto di tacchino o di pollo al forno Aequilibrium – Aia,120 g,0.12,al kg,2.00,16.667,2026-09-24,2026-10-04,"−33% SOLO CON LA CARTA BENNET CLUB, prima 2,99."
bennetextra24,Bennet,Ammorbidente,"Ammorbidente concentrato, 57 lavaggi – Chanteclair","1,14 litri",57,a lavaggio,2.39,0.042,2026-09-24,2026-10-04,"−20% SOLO CON LA CARTA BENNET CLUB, prima 2,99."
bennetextra24,Bennet,Bagnoschiuma,Ecoricarica sapone classico – Felce Azzurra,500 ml,0.5,al litro,1.99,3.980,2026-09-24,2026-10-04,"−20% SOLO CON LA CARTA BENNET CLUB, prima 2,49."
bennetextra24,Bennet,Bibite,"Bevanda alla frutta senza zuccheri aggiunti Skipper, gusti vari – Zuegg",1 litro,1,al litro,1.49,1.490,2026-09-24,2026-10-04,"−25% SOLO CON LA CARTA BENNET CLUB, prima 1,99."
bennetextra24,Bennet,Birra,Birra Fresca come alla spina – Tuborg,660 ml,0.66,al litro,0.99,1.500,2026-09-24,2026-10-04,"−27% SOLO CON LA CARTA BENNET CLUB, prima 1,36."
bennetextra24,Bennet,Birra,Birra Strong Lager – Tennent's Super,355 ml,0.355,al litro,1.59,4.479,2026-09-24,2026-10-04,"−15% SOLO CON LA CARTA BENNET CLUB, prima 1,88."
bennetextra24,Bennet,Biscotti,Biscotti Bucaneve Maxigocce XL o Ciocco integrale – Doria,300 g,0.3,al kg,1.45,4.833,2026-09-24,2026-10-04,"−14% SOLO CON LA CARTA BENNET CLUB, prima 1,69."
bennetextra24,Bennet,Biscotti,"Biscotti Ricchi Fagottini, Gocciolotti o Saracene – Balocco",700 g,0.7,al kg,2.68,3.829,2026-09-24,2026-10-04,"−18% SOLO CON LA CARTA BENNET CLUB, prima 3,28."
bennetextra24,Bennet,Biscotti,Kinderini – Kinder,225 g,0.225,al kg,2.79,12.400,2026-09-24,2026-10-04,"−20% SOLO CON LA CARTA BENNET CLUB, prima 3,49."
bennetextra24,Bennet,Bresaola,Bresaola della Valtellina IGP – Rigamonti,100 g,0.1,al kg,4.79,47.900,2026-09-24,2026-10-04,"−20% SOLO CON LA CARTA BENNET CLUB, prima 5,99."
bennetextra24,Bennet,Caffè,Caffè macinato per moka Qualità Rossa – Lavazza,500 g (2 × 250 g),0.5,al kg,7.99,15.980,2026-09-24,2026-10-04,"−33% SOLO CON LA CARTA BENNET CLUB, prima 11,94."
bennetextra24,Bennet,Caffè,"Capsule caffè Espresso Napoli, 16 capsule – Kimbo",112 g,0.112,al kg,3.99,35.625,2026-09-24,2026-10-04,"−20% SOLO CON LA CARTA BENNET CLUB, prima 4,99. Compatibili Nescafé Dolce Gusto."
bennetextra24,Bennet,Carta igienica,Carta igienica Fior di Lino Kilometrica – Tenderly,4 rotoli,4,al rotolo,2.79,0.698,2026-09-24,2026-10-04,"−20% SOLO CON LA CARTA BENNET CLUB, prima 3,49."
bennetextra24,Bennet,Dentifricio,Dentifricio 3D White Bianco Perla – Oral-B,225 ml (3 × 75 ml),0.225,al litro,3.54,15.733,2026-09-24,2026-10-04,"−40% SOLO CON LA CARTA BENNET CLUB, prima 5,90."
bennetextra24,Bennet,Dentifricio,Dentifricio Complete Freschezza Estrema – Oral-B,225 ml (3 × 75 ml),0.225,al litro,3.54,15.733,2026-09-24,2026-10-04,"−40% SOLO CON LA CARTA BENNET CLUB, prima 5,90."
bennetextra24,Bennet,Dentifricio,Dentifricio Complete Protezione e Pulizia – Oral-B,225 ml (3 × 75 ml),0.225,al litro,3.54,15.733,2026-09-24,2026-10-04,"−40% SOLO CON LA CARTA BENNET CLUB, prima 5,90."
bennetextra24,Bennet,Formaggio,Burrata Santa Lucia – Galbani,120 g,0.12,al kg,1.82,15.167,2026-09-24,2026-10-04,"−20% SOLO CON LA CARTA BENNET CLUB, prima 2,28. È burrata, non mozzarella."
bennetextra24,Bennet,Formaggio,"Fettine burger con cheddar, 7 fette – Kraft",175 g,0.175,al kg,1.49,8.514,2026-09-24,2026-10-04,"−20% SOLO CON LA CARTA BENNET CLUB, prima 1,87. Sono formaggio fuso a fette."
bennetextra24,Bennet,Formaggio,"Fettine classiche, 14 fette – Kraft",350 g,0.35,al kg,2.79,7.971,2026-09-24,2026-10-04,"−20% SOLO CON LA CARTA BENNET CLUB, prima 3,49. Sono formaggio fuso a fette."
bennetextra24,Bennet,Formaggio,"Fettine light, 7 fette – Kraft",175 g,0.175,al kg,1.59,9.086,2026-09-24,2026-10-04,"−20% SOLO CON LA CARTA BENNET CLUB, prima 1,99. Sono formaggio fuso a fette."
bennetextra24,Bennet,Formaggio,"Fettine senza lattosio, 7 fette – Kraft",175 g,0.175,al kg,1.49,8.514,2026-09-24,2026-10-04,"−20% SOLO CON LA CARTA BENNET CLUB, prima 1,87. Sono formaggio fuso a fette."
bennetextra24,Bennet,Formaggio,Formaggio Bel Paese – Galbani,al kg,1,al kg,12.90,12.900,2026-09-24,2026-10-04,Al banco.
bennetextra24,Bennet,Formaggio,GranMix classico – Ferrari,100 g,0.1,al kg,1.59,15.900,2026-09-24,2026-10-04,"−20% SOLO CON LA CARTA BENNET CLUB, prima 1,99. Formaggio grattugiato misto, non Grana né Parmigiano."
bennetextra24,Bennet,Formaggio,Quartirolo DOP – Cademartori,al kg,1,al kg,11.90,11.900,2026-09-24,2026-10-04,Al banco.
bennetextra24,Bennet,Formaggio,Stracciatella Santa Lucia – Galbani,140 g,0.14,al kg,1.82,13.000,2026-09-24,2026-10-04,"−20% SOLO CON LA CARTA BENNET CLUB, prima 2,28."
bennetextra24,Bennet,Formaggio,Taleggio DOP – Cademartori,al kg,1,al kg,13.90,13.900,2026-09-24,2026-10-04,Al banco.
bennetextra24,Bennet,Lavastoviglie,"Detergente lavastoviglie Gel Tutto in 1, 35 lavaggi – Pril",630 ml,35,a lavaggio,4.79,0.137,2026-09-24,2026-10-04,"−20% SOLO CON LA CARTA BENNET CLUB, prima 5,99."
bennetextra24,Bennet,Lavatrice,"Detersivo liquido capi delicati o colorati, 28 lavaggi – Perlana","1,4 litri",28,a lavaggio,4.78,0.171,2026-09-24,2026-10-04,"−20% SOLO CON LA CARTA BENNET CLUB, prima 5,98."
bennetextra24,Bennet,Lavatrice,"Detersivo liquido, 50 lavaggi – Bio Presto","2,25 litri",50,a lavaggio,7.15,0.143,2026-09-24,2026-10-04,"−20% SOLO CON LA CARTA BENNET CLUB, prima 8,94."
bennetextra24,Bennet,Marmellata,"Zero zuccheri aggiunti, gusti vari – Zuegg",220 g,0.22,al kg,2.39,10.864,2026-09-24,2026-10-04,"−25% SOLO CON LA CARTA BENNET CLUB, prima 3,19."
bennetextra24,Bennet,Merendine,"Mini Fette al cioccolato, tipi vari – Mulino Bianco",110 g,0.11,al kg,1.49,13.545,2026-09-24,2026-10-04,"−15% SOLO CON LA CARTA BENNET CLUB, prima 1,76."
bennetextra24,Bennet,Merendine,"Trancino, conf. 24 pezzi – Mulino Bianco",792 g,0.792,al kg,3.98,5.025,2026-09-24,2026-10-04,"−15% SOLO CON LA CARTA BENNET CLUB, prima 4,69."
bennetextra24,Bennet,Mozzarella,Mozzarella al basilico Santa Lucia – Galbani,125 g,0.125,al kg,1.35,10.800,2026-09-24,2026-10-04,"−20% SOLO CON LA CARTA BENNET CLUB, prima 1,69."
bennetextra24,Bennet,Mozzarella,Mozzarella per pizza Santa Lucia – Galbani,400 g,0.4,al kg,3.57,8.925,2026-09-24,2026-10-04,"−20% SOLO CON LA CARTA BENNET CLUB, prima 4,47."
bennetextra24,Bennet,Olio d'oliva,Olio extravergine di oliva Il Frantolio – Carapelli,750 ml,0.75,al litro,5.59,7.453,2026-09-24,2026-10-04,"−30% SOLO CON LA CARTA BENNET CLUB, prima 7,99."
bennetextra24,Bennet,Pane,Cracker salati o non salati in superficie – Mulino Bianco,500 g,0.5,al kg,1.75,3.500,2026-09-24,2026-10-04,"−16% SOLO CON LA CARTA BENNET CLUB, prima 2,09."
bennetextra24,Bennet,Pane,Fette biscottate senza zuccheri aggiunti o multicereali – Misura,320 g,0.32,al kg,1.59,4.969,2026-09-24,2026-10-04,"−15% SOLO CON LA CARTA BENNET CLUB, prima 1,88. Sono fette biscottate."
bennetextra24,Bennet,Pasta,Pasta Venere integrale formati vari – Riso Scotti,400 g,0.4,al kg,1.69,4.225,2026-09-24,2026-10-04,"−26% SOLO CON LA CARTA BENNET CLUB, prima 2,29. Pasta di grano e riso Venere."
bennetextra24,Bennet,Pasta,Pasta formati vari – Barilla,1 kg,1,al kg,1.09,1.090,2026-09-24,2026-10-04,"−41% SOLO CON LA CARTA BENNET CLUB, prima 1,86."
bennetextra24,Bennet,Pasta,Pasta integrale formati vari – La Molisana,500 g,0.5,al kg,0.99,1.980,2026-09-24,2026-10-04,"−40% SOLO CON LA CARTA BENNET CLUB, prima 1,65."
bennetextra24,Bennet,Patate,Patatine We Love Croccanti surgelate – Pizzoli,750 g,0.75,al kg,1.59,2.120,2026-09-24,2026-10-04,"−36% SOLO CON LA CARTA BENNET CLUB, prima 2,49. Sono patatine fritte surgelate, non patate fresche."
bennetextra24,Bennet,Pizza,Pizza La Alta Margherita surgelata – Buitoni,375 g,0.375,al kg,2.44,6.507,2026-09-24,2026-10-04,"−30% SOLO CON LA CARTA BENNET CLUB, prima 3,49."
bennetextra24,Bennet,Ricotta,Ricotta tradizionale in cestello – Vallelata,280 g,0.28,al kg,1.90,6.786,2026-09-24,2026-10-04,
bennetextra24,Bennet,Riso,Risotto pronto tipi vari – Knorr,175 g,0.175,al kg,1.59,9.086,2026-09-24,2026-10-04,"−20% SOLO CON LA CARTA BENNET CLUB, prima 1,99. È un risotto pronto da cuocere, non riso semplice."
bennetextra24,Bennet,Spalmabili,"Crema Bel Paese, 8 formaggini – Galbani",175 g,0.175,al kg,1.19,6.800,2026-09-24,2026-10-04,"−25% SOLO CON LA CARTA BENNET CLUB, prima 1,59."
bennetextra24,Bennet,Sughi,Gran Ragù – Star,300 g (3 × 100 g),0.3,al kg,2.70,9.000,2026-09-24,2026-10-04,"−20% SOLO CON LA CARTA BENNET CLUB, prima 3,38."
bennetextra24,Bennet,Tonno,Filetti di tonno all'olio di oliva – Rio Mare,250 g,0.25,al kg,6.24,24.960,2026-09-24,2026-10-04,"−25% SOLO CON LA CARTA BENNET CLUB, prima 8,32."
bennetextra24,Bennet,Tonno,Tonno all'olio di oliva – Rio Mare,560 g (7 × 80 g),0.56,al kg,10.49,18.732,2026-09-24,2026-10-04,"−30% SOLO CON LA CARTA BENNET CLUB, prima 14,99."
bennetextra24,Bennet,Vino,Umbria Rosso IGT o Spumante Brut – Vipra,750 ml,0.75,al litro,4.19,5.587,2026-09-24,2026-10-04,"−30% SOLO CON LA CARTA BENNET CLUB, prima 5,99."
carriper15,Carrefour Iper,Cioccolato,Tavolette nocciolato – Milka,95 g,0.095,al kg,1.29,13.579,2026-09-24,2026-09-27,"«96 ore scontate», valido solo dal 24 al 27 settembre, non per tutto il volantino. −40%, prima 2,15."
conad24,Conad,Acqua,Acqua minerale naturale – Uliveto,"1,5 litri",1.5,al litro,0.45,0.300,2026-09-24,2026-10-07,"Solo con la Carta Insieme Conad. Senza tessera 0,59, cioè 0,40 al litro."
conad24,Conad,Acqua,"Acqua minerale – Sant'Anna, naturale o frizzante","1,5 litri",1.5,al litro,0.35,0.233,2026-09-24,2026-10-07,"Solo con la Carta Insieme Conad. Senza tessera 0,54, cioè 0,36 al litro."
conad24,Conad,Affettati,"Affettati – Conad Piacersi, vari tipi (per esempio petto di pollo al forno)",100 g,0.1,al kg,1.39,13.900,2026-09-24,2026-10-07,"È un affettato di petto di pollo al forno, carne italiana; gli altri tipi della linea allo stesso prezzo."
conad24,Conad,Affettati,Petto di tacchino al forno – Kometa,all'etto,0.1,al kg,1.99,19.900,2026-09-24,2026-10-07,Al banco.
conad24,Conad,Affettati,Roast beef di fesa all'inglese – Conad,all'etto,0.1,al kg,3.49,34.900,2026-09-24,2026-10-07,"Al banco, già cotto."
conad24,Conad,Asciugatutto,"Asciugatutto superfici lucide – Conad, extra large, 100 strappi",1 rotolo,1,al rotolo,1.99,1.990,2026-09-24,2026-10-07,«Bassi e fissi». È per vetri e superfici lucide.
conad24,Conad,Asciugatutto,Carta da cucina Quanto Basta – Scottex,2 maxi rotoli,2,al rotolo,2.19,1.095,2026-09-24,2026-10-07,"Solo con la Carta Insieme Conad. Sconto del 40%: senza tessera 3,66."
conad24,Conad,Bagnoschiuma,"Bagnodoccia – Palmolive, vari tipi",500 ml,0.5,al litro,2.24,4.480,2026-09-24,2026-10-07,"Solo con la Carta Insieme Conad. Sconto del 30%: senza tessera 3,20, cioè 6,40 al litro."
conad24,Conad,Bibite,"Bevanda 100% a base di frutta – Yoga, vari tipi",1 litro,1,al litro,1.55,1.550,2026-09-24,2026-10-07,"Solo con la Carta Insieme Conad. Senza tessera 1,75."
conad24,Conad,Bibite,"Bevanda alla frutta Vit – Conad, vari tipi","1,5 litri",1.5,al litro,1.54,1.027,2026-09-24,2026-10-07,"«Bassi e fissi». Il volantino stampa 1,03 al litro."
conad24,Conad,Birra,"Birra 11 Paralleli – Conad, bionda",990 ml (3 × 330 ml),0.99,al litro,2.10,2.121,2026-09-24,2026-10-07,"Solo con la Carta Insieme Conad. Senza tessera 2,40, cioè 2,43 al litro."
conad24,Conad,Birra,Birra – Bavaria,660 ml,0.66,al litro,1.09,1.652,2026-09-24,2026-10-07,"Solo con la Carta Insieme Conad. Senza tessera 1,29, cioè 1,96 al litro."
conad24,Conad,Biscotti,"Baiocchi – Mulino Bianco, nocciola e cacao o pistacchio",260 g,0.26,al kg,2.49,9.577,2026-09-24,2026-10-07,"Solo con la Carta Insieme Conad. Senza tessera 2,79, cioè 10,74 al kg."
conad24,Conad,Biscotti,Biscotti Cuor di Mela – Mulino Bianco,300 g,0.3,al kg,1.99,6.633,2026-09-24,2026-10-07,"Solo con la Carta Insieme Conad. Senza tessera 2,49, cioè 8,30 al kg."
conad24,Conad,Biscotti,"Biscotti Il Granturchese – Colussi, classici",800 g,0.8,al kg,2.99,3.738,2026-09-24,2026-10-07,"Solo con la Carta Insieme Conad. Senza tessera 3,45, cioè 4,32 al kg."
conad24,Conad,Biscotti,"Biscotti Ringo – Pavesi, vari tipi, 6 porzioni",330 g,0.33,al kg,2.49,7.545,2026-09-24,2026-10-07,"Solo con la Carta Insieme Conad. Senza tessera 2,89, cioè 8,76 al kg."
conad24,Conad,Biscotti,"Biscotti – Mulino Bianco, vari tipi (per esempio Abbracci)",330 g,0.33,al kg,1.89,5.727,2026-09-24,2026-10-07,"Solo con la Carta Insieme Conad. Senza tessera 2,49. Formati da 330 o 350 g allo stesso prezzo: il conto è sul più piccolo (5,73 al kg)."
conad24,Conad,Bresaola,Bresaola della Valtellina IGP – Sapori&Dintorni Conad,all'etto,0.1,al kg,3.69,36.900,2026-09-24,2026-10-07,Al banco.
conad24,Conad,Caffè,Caffè macinato fresco – Kimbo,500 g (2 × 250 g),0.5,al kg,6.99,13.980,2026-09-24,2026-10-07,"Solo con la Carta Insieme Conad. Senza tessera 10,68, cioè 21,36 al kg."
conad24,Conad,Caffè,"Capsule caffè espresso compatibili Nespresso – Conad, 10 capsule",50 g,0.05,al kg,2.39,47.800,2026-09-24,2026-10-07,"«Bassi e fissi». 0,24 a capsula. Il volantino stampa 4,78 all'etto."
conad24,Conad,Calamari,Totani,al kg,1,al kg,8.90,8.900,2026-09-24,2026-10-07,Solo nei punti vendita con reparto pescheria.
conad24,Conad,Carta igienica,Carta igienica La Maxi – Scottex,4 rotoli maxi,4,al rotolo,2.99,0.748,2026-09-24,2026-10-07,"Solo con la Carta Insieme Conad. Senza tessera 3,99. Sulla confezione c'è scritto che 4 maxi valgono 12 rotoli normali: il conto è sui 4 rotoli veri."
conad24,Conad,Carta igienica,Carta igienica salvaspazio – Conad,10 rotoli,10,al rotolo,2.79,0.279,2026-09-24,2026-10-07,«Bassi e fissi».
conad24,Conad,Cereali,"Cereali Krave – Kellogg's, vari tipi (per esempio nocciole)",410 g,0.41,al kg,2.82,6.878,2026-09-24,2026-10-07,"Solo con la Carta Insieme Conad. Senza tessera 3,15, cioè 7,69 al kg."
conad24,Conad,Cereali,Muesli alla frutta biologico – Conad Verso Natura,375 g,0.375,al kg,2.85,7.600,2026-09-24,2026-10-07,"Solo con la Carta Insieme Conad. Senza tessera 3,19, cioè 8,51 al kg."
conad24,Conad,Cioccolato,"Cioccolato -30% di zuccheri – Novi, vari tipi (per esempio al latte)",100 g,0.1,al kg,2.19,21.900,2026-09-24,2026-10-07,"Solo con la Carta Insieme Conad. Senza tessera 2,59."
conad24,Conad,Cioccolato,"Cioccolato Nero Nero – Novi, vari tipi (per esempio 88% cacao extra fondente)",75 g,0.075,al kg,2.09,27.867,2026-09-24,2026-10-07,"Solo con la Carta Insieme Conad. Senza tessera 2,39, cioè 31,87 al kg. Il volantino stampa 2,79 all'etto."
conad24,Conad,Cioccolato,Mini fondente Nero Nero (per esempio 88% cacao) – Novi,140 g,0.14,al kg,3.90,27.857,2026-09-24,2026-10-07,"Solo con la Carta Insieme Conad. Senza tessera 4,49, cioè 32,08 al kg. Il volantino stampa 27,86 al kg."
conad24,Conad,Conserve,Filetti di alici in olio di oliva – Delicius,150 g,0.15,al kg,5.99,39.933,2026-09-24,2026-10-07,"Solo con la Carta Insieme Conad. Senza tessera 6,69, cioè 44,60 al kg. Il conto è sul peso del vasetto, come fa il volantino."
conad24,Conad,Conserve,"Filetto di salmone all'olio di oliva o al naturale – Conad, in scatola",150 g,0.15,al kg,3.35,22.333,2026-09-24,2026-10-07,"«Bassi e fissi». In scatola. Il volantino stampa 22,34 al kg."
conad24,Conad,Creme,"CremaNovi fondente, 45% nocciole, senza latte",200 g,0.2,al kg,4.90,24.500,2026-09-24,2026-10-07,"Solo con la Carta Insieme Conad. Senza tessera 5,49, cioè 27,45 al kg. Il volantino stampa 24,50 al kg."
conad24,Conad,Formaggio,Bra tenero DOP – Caseificio Rabbia,all'etto,0.1,al kg,1.29,12.900,2026-09-24,2026-10-07,Al banco. Formaggio del territorio.
conad24,Conad,Formaggio,"Caprino pura capra – Caseificio dell'Alta Langa, take away",all'etto,0.1,al kg,1.65,16.500,2026-09-24,2026-10-07,Formaggio del territorio.
conad24,Conad,Formaggio,"Finette classiche senza lattosio – Conad Alimentum, 6 fette",150 g,0.15,al kg,1.10,7.333,2026-09-24,2026-10-07,"Formaggio fuso a fette. Il volantino stampa 7,34 al kg."
conad24,Conad,Formaggio,Fiocchi di latte senza lattosio – Conad Piacersi,200 g,0.2,al kg,1.09,5.450,2026-09-24,2026-10-07,"Il volantino stampa 5,45 al kg."
conad24,Conad,Formaggio,Formaggio Maasdam – Conad,all'etto,0.1,al kg,0.99,9.900,2026-09-24,2026-10-07,Al banco. «Bassi e fissi».
conad24,Conad,Formaggio,Formaggio Toma piemontese DOP – Caseificio Rosso,all'etto,0.1,al kg,1.29,12.900,2026-09-24,2026-10-07,Al banco.
conad24,Conad,Formaggio,"Formaggio a fette Freschi & Convenienti – Conad, vari tipi (per esempio maasdam, 8 fette)",200 g,0.2,al kg,2.39,11.950,2026-09-24,2026-10-07,"«Bassi e fissi». Il volantino dà il prezzo sull'esempio del maasdam da 200 g (11,95 al kg): gli altri tipi hanno pesi loro."
conad24,Conad,Formaggio,Gorgonzola dolce DOP – Sapori&Dintorni Conad,all'etto,0.1,al kg,0.99,9.900,2026-09-24,2026-10-07,Al banco.
conad24,Conad,Frutta,Banane – Conad Percorso Qualità,al kg,1,al kg,1.27,1.270,2026-09-24,2026-10-07,Categoria I.
conad24,Conad,Frutta,Ficodindia dell'Etna DOP – Sapori&Dintorni Conad,800 g,0.8,al kg,2.17,2.712,2026-09-24,2026-10-07,"Il volantino stampa 2,72 al kg."
conad24,Conad,Frutta,"Mele Sweetango – Melinda, calibro 73/78",al kg,1,al kg,1.25,1.250,2026-09-24,2026-10-07,"Sconto del 30%: prima 1,79. Origine Italia."
conad24,Conad,Frutta,Susine Metis – Sapori&Idee Conad,500 g,0.5,al kg,1.47,2.940,2026-09-24,2026-10-07,"Prodotto italiano. Il volantino stampa 2,94 al kg."
conad24,Conad,Frutta,Uva Palieri – Conad Percorso Qualità,al kg,1,al kg,2.47,2.470,2026-09-24,2026-10-07,"Origine Italia, categoria I."
conad24,Conad,Frutta,Uva Pizzutella – Conad Percorso Qualità,al kg,1,al kg,2.97,2.970,2026-09-24,2026-10-07,"Origine Italia, categoria I."
conad24,Conad,Frutta,Uva Red Globe – Conad Percorso Qualità,al kg,1,al kg,2.47,2.470,2026-09-24,2026-10-07,"Origine Italia, categoria I."
conad24,Conad,Frutta,Uva bianca senza semi – Almaverde Bio,500 g,0.5,al kg,2.18,4.360,2026-09-24,2026-10-07,"Biologica, origine Italia. Il volantino stampa 4,36 al kg."
conad24,Conad,Frutta,Uva senza semi mix bicolore – Conad Percorso Qualità,500 g,0.5,al kg,1.77,3.540,2026-09-24,2026-10-07,"Prodotto italiano. Il volantino stampa 3,54 al kg."
conad24,Conad,Gamberi,Code di mazzancolle tropicali sgusciate cotte,al kg,1,al kg,23.90,23.900,2026-09-24,2026-10-07,Solo nei punti vendita con reparto pescheria.
conad24,Conad,Gelato,Gelato Nutella,230 g,0.23,al kg,3.39,14.739,2026-09-24,2026-10-07,"Solo con la Carta Insieme Conad. Senza tessera 4,99, cioè 21,70 al kg."
conad24,Conad,Gelato,"Gelato pralinato alla vaniglia con amarena – Conad, 6 pezzi",360 g,0.36,al kg,2.99,8.306,2026-09-24,2026-10-07,"«Bassi e fissi». Il volantino stampa 8,31 al kg."
conad24,Conad,Grana,"Formaggio Trentingrana DOP – Sapori&Dintorni Conad, stagionatura minima 20 mesi",all'etto,0.1,al kg,1.69,16.900,2026-09-24,2026-10-07,Al banco. È un grana del Trentino.
conad24,Conad,Grana,Grana Padano DOP grattugiato – Conad,100 g,0.1,al kg,1.79,17.900,2026-09-24,2026-10-07,«Bassi e fissi».
conad24,Conad,Latte,Latte UHT parzialmente scremato Bontà e Linea – Parmalat,1 litro,1,al litro,0.95,0.950,2026-09-24,2026-10-07,
conad24,Conad,Latte,"Latte UHT senza lattosio – Conad Piacersi, vari tipi",1 litro,1,al litro,1.19,1.190,2026-09-24,2026-10-07,Latte italiano.
conad24,Conad,Lavastoviglie,"Detersivo per lavastoviglie Tutto in 1 – Pril, gel (3 × 1,89 litri) o caps",76 lavaggi,76,a lavaggio,8.99,0.118,2026-09-24,2026-10-07,"Solo con la Carta Insieme Conad. Senza tessera 16,99. Stesso prezzo per il gel da 105 lavaggi (3 flaconi da 35) o le 76 caps: il conto è sulle caps, che sono di meno."
conad24,Conad,Lavatrice,"Detersivo liquido per lavatrice – ACE, vari tipi","1,9 litri, 38 lavaggi",38,a lavaggio,3.24,0.085,2026-09-24,2026-10-07,"Solo con la Carta Insieme Conad. Sconto del 50%: senza tessera 6,49, cioè 0,17 a lavaggio. Il volantino stampa 0,09 a lavaggio."
conad24,Conad,Manzo,Fettine di anteriore di bovino adulto – Conad Percorso Qualità,al kg,1,al kg,17.59,17.590,2026-09-24,2026-10-07,
conad24,Conad,Manzo,Macinato di bovino adulto – Conad Percorso Qualità,al kg,1,al kg,9.90,9.900,2026-09-24,2026-10-07,
conad24,Conad,Manzo,Polpa di anteriore di bovino adulto – Conad Percorso Qualità,al kg,1,al kg,16.69,16.690,2026-09-24,2026-10-07,
conad24,Conad,Manzo,Spezzatino di bovino adulto – Conad Percorso Qualità,al kg,1,al kg,15.99,15.990,2026-09-24,2026-10-07,
conad24,Conad,Marmellata,"Confettura light senza zuccheri aggiunti – Hero, vari tipi",280 g,0.28,al kg,1.95,6.964,2026-09-24,2026-10-07,"Solo con la Carta Insieme Conad. Senza tessera 2,19, cioè 7,83 al kg."
conad24,Conad,Merendine,"Il Cornetto classico – Mulino Bianco, 6 pezzi",240 g,0.24,al kg,2.19,9.125,2026-09-24,2026-10-07,"Solo con la Carta Insieme Conad. Senza tessera 2,49, cioè 10,38 al kg."
conad24,Conad,Merendine,"Pandorì – Bauli, vari tipi (per esempio classici)",150 g,0.15,al kg,1.77,11.800,2026-09-24,2026-10-07,"Solo con la Carta Insieme Conad. Sconto del 20%: senza tessera 2,22, cioè 14,80 al kg."
conad24,Conad,Mortadella,"Affettati take away – Sapori&Dintorni Conad, vari tipi (per esempio mortadella)",120 g,0.12,al kg,2.69,22.417,2026-09-24,2026-10-07,"Il volantino dà il prezzo sull'esempio della mortadella da 120 g (22,42 al kg): gli altri affettati hanno pesi loro."
conad24,Conad,Mozzarella,"Mozzarella Santa Lucia – Galbani, Tris",375 g (3 × 125 g),0.375,al kg,2.69,7.173,2026-09-24,2026-10-07,"Il volantino stampa 7,18 al kg."
conad24,Conad,Mozzarella,Mozzarella di bufala campana DOP – Garofalo,300 g (3 × 100 g),0.3,al kg,3.00,10.000,2026-09-24,2026-10-07,"Il volantino stampa 10,00 al kg."
conad24,Conad,Olio d'oliva,"Olio extra vergine di oliva Granfruttato – Monini, 100% italiano",750 ml,0.75,al litro,5.99,7.987,2026-09-24,2026-10-07,"Solo con la Carta Insieme Conad. Senza tessera 9,99, cioè 13,32 al litro. Il volantino stampa 7,99 al litro."
conad24,Conad,Olio d'oliva,Olio extra vergine di oliva classico – Conad,1 litro,1,al litro,4.39,4.390,2026-09-24,2026-10-07,"Solo con la Carta Insieme Conad. Senza tessera 6,49."
conad24,Conad,Olio di semi,Prodotto per friggere – Friol,1 litro,1,al litro,2.39,2.390,2026-09-24,2026-10-07,"Solo con la Carta Insieme Conad. Senza tessera 2,99."
conad24,Conad,Panati,"Bastoncini di filetti di merluzzo – Frosta, 15 pezzi",450 g,0.45,al kg,4.39,9.756,2026-09-24,2026-10-07,"Solo con la Carta Insieme Conad. Senza tessera 6,24, cioè 13,87 al kg."
conad24,Conad,Panati,"Burger – Findus, vari tipi (per esempio di salmone con limone e aneto), 2 pezzi",170 g,0.17,al kg,3.49,20.529,2026-09-24,2026-10-07,"Solo con la Carta Insieme Conad. Sconto del 30%: senza tessera 4,99, cioè 29,36 al kg. Il volantino stampa 20,53 al kg."
conad24,Conad,Pancetta,Guanciale in stick – Negroni,100 g,0.1,al kg,1.45,14.500,2026-09-24,2026-10-07,"Solo con la Carta Insieme Conad. Senza tessera 2,07, cioè 20,70 al kg."
conad24,Conad,Pane,Base pinsa Selezione Forno,500 g,0.5,al kg,3.98,7.960,2026-09-24,2026-10-07,"È una base da farcire. Il volantino stampa 7,96 al kg."
conad24,Conad,Pane,"Fette biscottate – Mulino Bianco, dorate o integrali, 72 fette",630 g,0.63,al kg,1.99,3.159,2026-09-24,2026-10-07,"Solo con la Carta Insieme Conad. Senza tessera 2,45, cioè 3,89 al kg."
conad24,Conad,Pane,"Focaccia con olio extra vergine di oliva – Conad, farina 100% italiana",135 g,0.135,al kg,1.90,14.074,2026-09-24,2026-10-07,"Il volantino dà il prezzo sull'esempio della focaccia all'olio da 135 g (14,08 al kg): ci sono altri tipi e pesi."
conad24,Conad,Pane,"Gran Bauletto – Mulino Bianco, integrale, rustico o campagnolo (per esempio integrale)",465 g,0.465,al kg,1.95,4.194,2026-09-24,2026-10-07,"Solo con la Carta Insieme Conad. Senza tessera 2,89, cioè 6,22 al kg. Il volantino dà il prezzo sull'esempio dell'integrale da 465 g."
conad24,Conad,Pane,"Linea Wasa, vari tipi (per esempio Crunchy Twist semi di lino e papavero)",245 g,0.245,al kg,1.98,8.082,2026-09-24,2026-10-07,"Solo con la Carta Insieme Conad. Senza tessera 3,15, cioè 12,86 al kg. Il volantino dà il prezzo sull'esempio del Crunchy Twist da 245 g."
conad24,Conad,Pane,Pane per sandwich – Conad,550 g,0.55,al kg,1.39,2.527,2026-09-24,2026-10-07,"«Bassi e fissi». Il volantino stampa 2,53 al kg."
conad24,Conad,Pane,Pinsata Savini,230 g,0.23,al kg,1.98,8.609,2026-09-24,2026-10-07,"Solo con la Carta Insieme Conad. Senza tessera 2,75, cioè 11,96 al kg."
conad24,Conad,Pasta,Lasagne fresche all'uovo Sfogliavelo – Giovanni Rana,250 g,0.25,al kg,1.69,6.760,2026-09-24,2026-10-07,"Solo con la Carta Insieme Conad. Senza tessera 2,09, cioè 8,36 al kg."
conad24,Conad,Pasta,"Pasta all'uovo – Sapori&Idee Conad, vari tipi (fettuccine, tagliatelle)",500 g,0.5,al kg,2.19,4.380,2026-09-24,2026-10-07,"Solo con la Carta Insieme Conad. Senza tessera 2,82, cioè 5,64 al kg. Ingredienti 100% italiani."
conad24,Conad,Pasta,"Pasta di legumi biologica – Conad Piacersi, vari tipi",250 g,0.25,al kg,1.45,5.800,2026-09-24,2026-10-07,"Solo con la Carta Insieme Conad. Senza tessera 2,05, cioè 8,20 al kg. È pasta di lenticchie o piselli, non di grano."
conad24,Conad,Pasta,"Pasta di semola – La Molisana, vari tipi",500 g,0.5,al kg,0.75,1.500,2026-09-24,2026-10-07,"Solo con la Carta Insieme Conad. Senza tessera 1,45, cioè 2,90 al kg."
conad24,Conad,Pasta,"Pasta fresca di semola di grano duro italiano – Conad, trofie o orecchiette",500 g,0.5,al kg,1.39,2.780,2026-09-24,2026-10-07,"«Bassi e fissi». Il volantino stampa 2,78 al kg."
conad24,Conad,Pasta,"Pasta fresca ripiena Sfoglia sottile – Conad, vari tipi",250 g,0.25,al kg,1.58,6.320,2026-09-24,2026-10-07,"Il volantino stampa 6,32 al kg."
conad24,Conad,Patate,"Patate gialle Naturella Ruggiero, saporite al forno e vapore","1,5 kg",1.5,al kg,2.17,1.447,2026-09-24,2026-10-07,"Origine Italia. Il volantino stampa 1,45 al kg."
conad24,Conad,Pesce,Filetti di branzino o di orata – Conad,250 g,0.25,al kg,4.98,19.920,2026-09-24,2026-10-07,"Solo con la Carta Insieme Conad. Senza tessera 7,45, cioè 29,80 al kg. Surgelati."
conad24,Conad,Pesce,"Ombrina – Conad Percorso Qualità, allevata in Italia",al kg,1,al kg,12.90,12.900,2026-09-24,2026-10-07,Solo nei punti vendita con reparto pescheria.
conad24,Conad,Pesce,Rondelle di polpo – Sapori&Idee Conad,200 g,0.2,al kg,7.90,39.500,2026-09-24,2026-10-07,"Solo nei punti vendita con reparto pescheria. Il volantino stampa 39,50 al kg."
conad24,Conad,Pesce,"Trota iridea salmonata – Conad Percorso Qualità, allevata in Italia",al kg,1,al kg,6.90,6.900,2026-09-24,2026-10-07,"Solo nei punti vendita con reparto pescheria. Sconto del 30%: prima 9,86."
conad24,Conad,Pesce,Vongole lupini del mar Adriatico,al kg,1,al kg,5.98,5.980,2026-09-24,2026-10-07,Solo nei punti vendita con reparto pescheria.
conad24,Conad,Pizza,"Pizza La Rettangolare – Conad, vari tipi (per esempio 4 formaggi)",365 g,0.365,al kg,3.49,9.562,2026-09-24,2026-10-07,"«Bassi e fissi». Il volantino dà il prezzo sull'esempio della 4 formaggi da 365 g (9,57 al kg)."
conad24,Conad,Pollo,Fusi o sovracosce di pollo – Conad Percorso Qualità,al kg,1,al kg,5.39,5.390,2026-09-24,2026-10-07,Carne italiana.
conad24,Conad,Pollo,Petto di pollo a fette – Conad Percorso Qualità,al kg,1,al kg,10.19,10.190,2026-09-24,2026-10-07,"Sconto del 40%: prima 16,99. Carne italiana."
conad24,Conad,Pomodoro,"Passata di pomodoro – Mutti, 100% italiano",700 g,0.7,al kg,0.99,1.414,2026-09-24,2026-10-07,"Solo con la Carta Insieme Conad. Senza tessera 1,75, cioè 2,50 al kg. Il volantino stampa 1,42 al kg."
conad24,Conad,Pomodoro,Polpa finissima Il Polposissimo – Petti,800 g (2 × 400 g),0.8,al kg,1.98,2.475,2026-09-24,2026-10-07,"Solo con la Carta Insieme Conad. Senza tessera 2,72, cioè 3,40 al kg."
conad24,Conad,Pomodoro,Pomodori pelati biologici – Conad Verso Natura,400 g,0.4,al kg,0.75,1.875,2026-09-24,2026-10-07,"Solo con la Carta Insieme Conad. Senza tessera 0,99, cioè 2,48 al kg."
conad24,Conad,Preparati,Bombette di suino con bacon e formaggio – Conad,200 g,0.2,al kg,2.19,10.950,2026-09-24,2026-10-07,"Sconto del 30%: prima 3,14. Il volantino stampa 10,95 al kg."
conad24,Conad,Preparati,"Bon Roll – AIA, classico o con speck",680 g,0.68,al kg,6.95,10.221,2026-09-24,2026-10-07,"Sconto del 40%: prima 11,59. È un arrosto di tacchino. Il volantino stampa 10,23 al kg."
conad24,Conad,Preparati,Cotolette con filetti di pollo – Gustosamente Conad,all'etto,0.1,al kg,1.49,14.900,2026-09-24,2026-10-07,"Al banco, già pronte."
conad24,Conad,Preparati,Hamburger di Chianina – Sapori&Dintorni Conad,200 g (2 × 100 g),0.2,al kg,4.79,23.950,2026-09-24,2026-10-07,"Il volantino stampa 23,95 al kg."
conad24,Conad,Preparati,"Teneroni – Granterre, vari tipi (per esempio classici)",150 g,0.15,al kg,2.09,13.933,2026-09-24,2026-10-07,"Solo con la Carta Insieme Conad. Senza tessera 2,35, cioè 15,67 al kg. Sono hamburger di carne mista: il volantino non dice di quale."
conad24,Conad,Prosciutto,Prosciutto cotto Gran Biscotto Delì – Rovagnati,all'etto,0.1,al kg,2.19,21.900,2026-09-24,2026-10-07,Al banco.
conad24,Conad,Prosciutto,Prosciutto cotto – Gardani,100 g,0.1,al kg,1.99,19.900,2026-09-24,2026-10-07,"Solo con la Carta Insieme Conad. Senza tessera 3,99."
conad24,Conad,Prosciutto,Prosciutto crudo – Assisi Salumi,all'etto,0.1,al kg,1.69,16.900,2026-09-24,2026-10-07,Al banco.
conad24,Conad,Prosciutto,Speck Alto Adige IGP – Sapori&Dintorni Conad,all'etto,0.1,al kg,1.69,16.900,2026-09-24,2026-10-07,Al banco.
conad24,Conad,Ricotta,Ricotta Santa Lucia – Galbani,250 g,0.25,al kg,0.99,3.960,2026-09-24,2026-10-07,"Il volantino stampa 3,96 al kg."
conad24,Conad,Ricotta,Ricottine senza lattosio – Conad Piacersi,200 g (2 × 100 g),0.2,al kg,0.99,4.950,2026-09-24,2026-10-07,"Latte italiano. Il volantino stampa 4,95 al kg."
conad24,Conad,Salame,Salame Rosa – Brizio,all'etto,0.1,al kg,1.99,19.900,2026-09-24,2026-10-07,Al banco.
conad24,Conad,Salmone,Salmone a tranci,al kg,1,al kg,13.90,13.900,2026-09-24,2026-10-07,Solo nei punti vendita con reparto pescheria.
conad24,Conad,Salmone affumicato,Salmone norvegese affumicato Fjordisalmone – Riunione,100 g,0.1,al kg,2.98,29.800,2026-09-24,2026-10-07,"Sconto del 40%: prima 4,98."
conad24,Conad,Salsiccia,"Salsicce di pollo – Amadori, tacchino e suino",650 g,0.65,al kg,4.74,7.292,2026-09-24,2026-10-07,"Sconto del 50%: prima 9,49. Il volantino stampa 7,30 al kg."
conad24,Conad,Spalmabili,Crescenza light – Conad Piacersi,200 g,0.2,al kg,1.59,7.950,2026-09-24,2026-10-07,"Latte italiano. Il volantino stampa 7,95 al kg."
conad24,Conad,Spalmabili,Robiola senza lattosio – Conad Piacersi,100 g,0.1,al kg,1.09,10.900,2026-09-24,2026-10-07,"Latte italiano. Il volantino stampa 10,90 al kg."
conad24,Conad,Spalmabili,Vegetale – Philadelphia,145 g,0.145,al kg,2.29,15.793,2026-09-24,2026-10-07,"È vegetale, non di latte. Il volantino stampa 15,80 al kg."
conad24,Conad,Sughi,"Il mio Gran Ragù – Star, vari tipi",360 g (2 × 180 g),0.36,al kg,2.59,7.194,2026-09-24,2026-10-07,"Solo con la Carta Insieme Conad. Senza tessera 3,15, cioè 8,75 al kg."
conad24,Conad,Sughi,"Pesto Cipressa Sapori Alberti con basilico genovese DOP, classico o senza aglio",170 g,0.17,al kg,3.25,19.118,2026-09-24,2026-10-07,"Solo con la Carta Insieme Conad. Senza tessera 4,61, cioè 27,12 al kg."
conad24,Conad,Suino,"Lonza disossata di suino a tranci – Conad Percorso Qualità, confezione convenienza",al kg,1,al kg,5.99,5.990,2026-09-24,2026-10-07,"Sconto del 40%: prima 9,99. Carne italiana."
conad24,Conad,Tonno,"Filetti di tonno lavorati a mano – Rio Mare, all'olio di oliva, vaso di vetro",180 g,0.18,al kg,4.39,24.389,2026-09-24,2026-10-07,"Solo con la Carta Insieme Conad. Senza tessera 5,99, cioè 33,28 al kg. Il conto è sul peso del vaso, come fa il volantino (24,39 al kg)."
conad24,Conad,Tonno,"Tonno all'olio d'oliva o al naturale – Mareblu, formato speciale",480 g (8 × 60 g),0.48,al kg,6.64,13.833,2026-09-24,2026-10-07,"Solo con la Carta Insieme Conad. Senza tessera 8,15, cioè 16,98 al kg. Il conto è sul peso delle scatolette, come fa il volantino (13,84 al kg)."
conad24,Conad,Tè,"Infuso – Conad, vari tipi, 20 filtri",50 g,0.05,al kg,1.69,33.800,2026-09-24,2026-10-07,"«Bassi e fissi». Il volantino stampa 3,38 all'etto."
conad24,Conad,Tè,"Tè – Twinings, vari tipi, 20 filtri",40 g,0.04,al kg,2.19,54.750,2026-09-24,2026-10-07,"Solo con la Carta Insieme Conad. Senza tessera 2,79, cioè 69,75 al kg."
conad24,Conad,Uova,"Le uova del Piemonte – Le Naturelle, da allevamento a terra",6 uova,6,all'uovo,1.59,0.265,2026-09-24,2026-10-07,"Solo con la Carta Insieme Conad. Senza tessera 1,88."
conad24,Conad,Verdura,Cicoria – Conad Percorso Qualità,400 g,0.4,al kg,1.47,3.675,2026-09-24,2026-10-07,"Da cuocere. Il volantino stampa 3,68 al kg."
conad24,Conad,Verdura,Fagiolini burrini – Conad Percorso Qualità,750 g,0.75,al kg,2.27,3.027,2026-09-24,2026-10-07,"Prodotto italiano. Il volantino stampa 3,03 al kg."
conad24,Conad,Verdure surgelate,Minestrone Tradizione – Findus,1 kg,1,al kg,2.99,2.990,2026-09-24,2026-10-07,"Solo con la Carta Insieme Conad. Senza tessera 3,99."
conad24,Conad,Verdure surgelate,Minestrone classico – La Valle degli Orti,400 g,0.4,al kg,1.49,3.725,2026-09-24,2026-10-07,"Solo con la Carta Insieme Conad. Senza tessera 2,29, cioè 5,73 al kg."
conad24,Conad,Verdure surgelate,Piselli novelli – Findus,1 kg,1,al kg,3.89,3.890,2026-09-24,2026-10-07,"Solo con la Carta Insieme Conad. Senza tessera 4,79."
conad24,Conad,Verdure surgelate,"Verdure biologiche – Conad Verso Natura, vari tipi (per esempio spinaci in foglie)",450 g,0.45,al kg,1.59,3.533,2026-09-24,2026-10-07,"Solo con la Carta Insieme Conad. Senza tessera 1,89, cioè 4,20 al kg."
conad24,Conad,Vino,Aglianico del Vulture DOP Balì,750 ml,0.75,al litro,4.30,5.733,2026-09-24,2026-10-07,"«Bassi e fissi». Il volantino stampa 5,74 al litro."
conad24,Conad,Vino,"Barbera del Monferrato DOC, Monferrato DOC Dolcetto Capetta","1,5 litri",1.5,al litro,4.90,3.267,2026-09-24,2026-10-07,"Solo con la Carta Insieme Conad. Senza tessera 6,20, cioè 4,14 al litro."
conad24,Conad,Vino,Vermentino di Gallura DOCG Aghera Sarda,750 ml,0.75,al litro,6.90,9.200,2026-09-24,2026-10-07,"Solo con la Carta Insieme Conad. Senza tessera 8,70, cioè 11,60 al litro."
conad24,Conad,Yogurt,"I love Kefir – Nestlé, vari tipi",500 g,0.5,al kg,1.25,2.500,2026-09-24,2026-10-07,"È kefir da bere. Il volantino stampa 2,50 al kg."
conad24,Conad,Yogurt,"Yogurt alla greca zero grassi senza lattosio Zymil – Parmalat, vari tipi",150 g,0.15,al kg,0.95,6.333,2026-09-24,2026-10-07,"Il volantino stampa 6,34 al kg."
conad24,Conad,Yogurt,"Yogurt senza lattosio – Conad Piacersi, vari tipi",250 g (2 × 125 g),0.25,al kg,0.68,2.720,2026-09-24,2026-10-07,"Latte italiano. Il volantino stampa 2,72 al kg."
esselunga24,Esselunga,Acqua,"Acqua minerale frizzante, 6 × 1,5 l – Levissima",9 litri,9,al litro,2.23,0.248,2026-09-24,2026-10-07,"−40%, prima 3,72. Sconto Fìdaty: solo con la carta Fìdaty, senza tessera 3,72."
esselunga24,Esselunga,Acqua,"Acqua minerale naturale o frizzante, 6 × 1 l – Sant'Anna",6 litri,6,al litro,1.76,0.293,2026-09-24,2026-10-07,"−40%, prima 2,94. Sconto Fìdaty: solo con la carta Fìdaty, senza tessera 2,94."
esselunga24,Esselunga,Acqua,"Acqua minerale naturale o frizzante, 6 × 50 cl – Levissima",3 litri,3,al litro,1.47,0.490,2026-09-24,2026-10-07,"−40%, prima 2,46. Sconto Fìdaty: solo con la carta Fìdaty, senza tessera 2,46."
esselunga24,Esselunga,Acqua,"Acqua minerale naturale, 6 × 1,5 l – Vitasnella",9 litri,9,al litro,1.74,0.193,2026-09-24,2026-10-07,Prezzi corti.
esselunga24,Esselunga,Affettati,Petto di tacchino arrosto Pavo – Ferrarini,130 g,0.13,al kg,3.99,30.692,2026-09-24,2026-10-07,Prezzi corti.
esselunga24,Esselunga,Ammorbidente,"Ammorbidente, 90 lavaggi – Coccolino",90 lavaggi,90,a lavaggio,3.79,0.042,2026-09-24,2026-10-07,"−50%, prima 7,59. Sconto Fìdaty: solo con la carta Fìdaty, senza tessera 7,59."
esselunga24,Esselunga,Asciugatutto,Carta casa Quanto Basta – Scottex,6 rotoli,6,al rotolo,5.59,0.932,2026-09-24,2026-10-07,"−50%, prima 11,19. Sconto Fìdaty: solo con la carta Fìdaty, senza tessera 11,19."
esselunga24,Esselunga,Bagnoschiuma,Bagnodoccia – Dove,700 ml,0.7,al litro,2.32,3.314,2026-09-24,2026-10-07,"−50%, prima 4,65. Sconto Fìdaty: solo con la carta Fìdaty, senza tessera 4,65."
esselunga24,Esselunga,Bibite,"Aperitivo analcolico, 4 × 20 cl – Sanbittèr",800 ml,0.8,al litro,3.89,4.862,2026-09-24,2026-10-07,Prezzi corti.
esselunga24,Esselunga,Bibite,Cocktail o Chinò – San Pellegrino,1 l,1,al litro,0.99,0.990,2026-09-24,2026-10-07,"−30%, prima 1,42. Sconto Fìdaty: solo con la carta Fìdaty, senza tessera 1,42."
esselunga24,Esselunga,Bibite,Limonata o Limonata Zero in lattina – San Pellegrino,330 ml,0.33,al litro,0.54,1.636,2026-09-24,2026-10-07,Prezzi corti.
esselunga24,Esselunga,Bibite,"Original o Zero, 4 × 1,5 l – Coca-Cola",6 litri,6,al litro,5.29,0.882,2026-09-24,2026-10-07,"−30%, prima 7,56. Sconto Fìdaty: solo con la carta Fìdaty, senza tessera 7,56."
esselunga24,Esselunga,Bibite,Skipper arancia rossa o ananas – Zuegg,1 l,1,al litro,1.29,1.290,2026-09-24,2026-10-07,"−30%, prima 1,85. Sconto Fìdaty: solo con la carta Fìdaty, senza tessera 1,85."
esselunga24,Esselunga,Bibite,Tè al limone o alla pesca – S. Bernardo,"1,5 l",1.5,al litro,0.77,0.513,2026-09-24,2026-10-07,"−40%, prima 1,29. Sconto Fìdaty: solo con la carta Fìdaty, senza tessera 1,29."
esselunga24,Esselunga,Birra,"Birra Extra, 6 × 33 cl – Corona","1,98 litri",1.98,al litro,5.99,3.025,2026-09-24,2026-10-07,"−30%, prima 8,56. Sconto Fìdaty: solo con la carta Fìdaty, senza tessera 8,56."
esselunga24,Esselunga,Birra,Birra Hell – Franziskaner,500 ml,0.5,al litro,0.99,1.980,2026-09-24,2026-10-07,Prezzi corti.
esselunga24,Esselunga,Birra,Birra – Bud,500 ml,0.5,al litro,0.99,1.980,2026-09-24,2026-10-07,Prezzi corti.
esselunga24,Esselunga,Birra,Birra – Heineken,660 ml,0.66,al litro,0.99,1.500,2026-09-24,2026-10-07,Prezzi corti.
esselunga24,Esselunga,Birra,Birra – San Miguel,1 l,1,al litro,1.69,1.690,2026-09-24,2026-10-07,Prezzi corti.
esselunga24,Esselunga,Birra,Birra – Stella Artois,660 ml,0.66,al litro,0.99,1.500,2026-09-24,2026-10-07,Prezzi corti.
esselunga24,Esselunga,Birra,"Birra, 3 × 33 cl – Bud",990 ml,0.99,al litro,2.39,2.414,2026-09-24,2026-10-07,Prezzi corti.
esselunga24,Esselunga,Birra,"Birra, 6 × 33 cl – Beck's","1,98 litri",1.98,al litro,3.29,1.662,2026-09-24,2026-10-07,"−50%, prima 6,59. Sconto Fìdaty: solo con la carta Fìdaty, senza tessera 6,59."
esselunga24,Esselunga,Biscotti,Gocciole – Pavesi,1 kg,1,al kg,2.98,2.980,2026-09-24,2026-10-07,"−40%, prima 4,97. Sconto Fìdaty: solo con la carta Fìdaty, senza tessera 4,97."
esselunga24,Esselunga,Caffè,Caffè macinato per moka Classico – Illy,185 g,0.185,al kg,4.89,26.432,2026-09-24,2026-10-07,Prezzi corti.
esselunga24,Esselunga,Carta igienica,"Carta igienica Mega, 12 maxi rotoli – Foxy",12 rotoli,12,al rotolo,6.99,0.583,2026-09-24,2026-10-07,"−40%, prima 11,65. Sconto Fìdaty: solo con la carta Fìdaty, senza tessera 11,65."
esselunga24,Esselunga,Cereali,Coco Pops palline o barchette – Kellogg's,400 g,0.4,al kg,2.48,6.200,2026-09-24,2026-10-07,"−40%, prima 4,14. Sconto Fìdaty: solo con la carta Fìdaty, senza tessera 4,14."
esselunga24,Esselunga,Cioccolato,Tavoletta Raffaello o Rocher – Ferrero,90 g,0.09,al kg,1.99,22.111,2026-09-24,2026-10-07,Prezzi corti.
esselunga24,Esselunga,Cioccolato,Tavoletta fondente mandorle e arancia o rum uvetta e nocciole – Ritter Sport,100 g,0.1,al kg,1.59,15.900,2026-09-24,2026-10-07,Prezzi corti.
esselunga24,Esselunga,Conserve,Filetti di alici in olio di oliva – Delicius,150 g,0.15,al kg,5.19,34.600,2026-09-24,2026-10-07,"−40%, prima 8,65. Sconto Fìdaty: solo con la carta Fìdaty, senza tessera 8,65."
esselunga24,Esselunga,Conserve,Sottoli – Polli,185 g,0.185,al kg,1.69,9.135,2026-09-24,2026-10-07,Prezzi corti.
esselunga24,Esselunga,Creme,Crema Pan di Stelle – Barilla,380 g,0.38,al kg,1.99,5.237,2026-09-24,2026-10-07,"−50%, prima 3,99. Sconto Fìdaty: solo con la carta Fìdaty, senza tessera 3,99."
esselunga24,Esselunga,Dentifricio,"Dentifricio Max, bipacco 2 × 100 ml – Colgate",200 ml,0.2,al litro,3.99,19.950,2026-09-24,2026-10-07,Prezzo speciale.
esselunga24,Esselunga,Dentifricio,Dentifricio Sensitive 2 × 100 ml o Protection Complete 2 × 75 ml – Elmex,150 ml (2 × 75 ml),0.15,al litro,7.69,51.267,2026-09-24,2026-10-07,Prezzo speciale. Stesso prezzo per il Sensitive da 2 × 100 ml: il conto è sul formato più piccolo.
esselunga24,Esselunga,Formaggio,Primosale Linea – Osella,190 g,0.19,al kg,1.79,9.421,2026-09-24,2026-10-07,Prezzi corti.
esselunga24,Esselunga,Formaggio,Toma del Biellese,al kg,1,al kg,12.59,12.590,2026-09-24,2026-10-07,"−30%, prima 17,99 al kg. Reparto gastronomia, a peso."
esselunga24,Esselunga,Frutta,Mele Samboa,al kg,1,al kg,1.78,1.780,2026-09-24,2026-10-07,"−30%, prima 2,55 al kg."
esselunga24,Esselunga,Frutta,Uva Italia,al kg,1,al kg,1.78,1.780,2026-09-24,2026-10-07,"−40%, prima 2,98 al kg."
esselunga24,Esselunga,Gamberi,Code di mazzancolle tropicali sgusciate e cotte,al kg,1,al kg,27.60,27.600,2026-09-24,2026-10-07,"−30%, prima 39,43 al kg."
esselunga24,Esselunga,Gelato,"Coppa del Nonno, 6 gelati – Motta",390 g,0.39,al kg,3.49,8.949,2026-09-24,2026-10-07,"−30%, prima 4,99. Sconto Fìdaty: solo con la carta Fìdaty, senza tessera 4,99."
esselunga24,Esselunga,Gelato,"Gelato Carte d'Or affogato, triplo cioccolato, cioccolato o amarena spagnola – Algida",500 g,0.5,al kg,2.99,5.980,2026-09-24,2026-10-07,"−40%, prima 4,99. Sconto Fìdaty: solo con la carta Fìdaty, senza tessera 4,99."
esselunga24,Esselunga,Grana,Grana Padano DOP Riserva oltre 20 mesi,al kg,1,al kg,14.39,14.390,2026-09-24,2026-10-07,"−40%, prima 23,99 al kg. Reparto gastronomia, a peso."
esselunga24,Esselunga,Grana,Grana Padano grattugiato – Ambrosi,100 g,0.1,al kg,1.29,12.900,2026-09-24,2026-10-07,Prezzo speciale.
esselunga24,Esselunga,Grana,"Parmigiano Reggiano DOP stagionato 24 mesi, trancio",al kg,1,al kg,15.99,15.990,2026-09-24,2026-10-07,Prezzo speciale.
esselunga24,Esselunga,Insalata,Insalate residuo zero da agricoltura verticale – Naturama,70 g,0.07,al kg,0.98,14.000,2026-09-24,2026-10-07,"−30%, prima 1,40."
esselunga24,Esselunga,Latte,Latte Zymil senza lattosio a lunga conservazione – Parmalat,1 l,1,al litro,1.59,1.590,2026-09-24,2026-10-07,Prezzi corti.
esselunga24,Esselunga,Latte,Latte parzialmente scremato a lunga conservazione – Arborea,1 l,1,al litro,0.85,0.850,2026-09-24,2026-10-07,Prezzi corti. Latte italiano.
esselunga24,Esselunga,Lavastoviglie,Gel Ultimate 4 × 30 lavaggi o tabs Quantum Ultimate o Ultimate Plus – Finish,65 lavaggi,65,a lavaggio,13.99,0.215,2026-09-24,2026-10-07,"Prezzo speciale, a confezione. Le confezioni sono da 120, 77, 70 o 65 lavaggi allo stesso prezzo: il conto è sulla più piccola."
esselunga24,Esselunga,Lavatrice,"Detersivo lavatrice classico o color, 23 lavaggi – Napisan",23 lavaggi,23,a lavaggio,2.79,0.121,2026-09-24,2026-10-07,Prezzi corti.
esselunga24,Esselunga,Lavatrice,"Detersivo lavatrice in polvere, 71 lavaggi – Dash",71 lavaggi,71,a lavaggio,14.99,0.211,2026-09-24,2026-10-07,Prezzo speciale.
esselunga24,Esselunga,Lavatrice,"Detersivo lavatrice liquido classico o color, 3 × 23 lavaggi – Dash",69 lavaggi,69,a lavaggio,12.99,0.188,2026-09-24,2026-10-07,Prezzo speciale.
esselunga24,Esselunga,Lavatrice,"Detersivo lavatrice muschio bianco o Marsiglia, 38 lavaggi – Chanteclair",38 lavaggi,38,a lavaggio,3.49,0.092,2026-09-24,2026-10-07,"−30%, prima 4,99. Sconto Fìdaty: solo con la carta Fìdaty, senza tessera 4,99."
esselunga24,Esselunga,Lavatrice,"Detersivo lavatrice, 2 × 37 lavaggi – Coccolino",74 lavaggi,74,a lavaggio,8.99,0.121,2026-09-24,2026-10-07,Prezzo speciale.
esselunga24,Esselunga,Lavatrice,"Detersivo lavatrice, 24 o 38 lavaggi – Ace",2 × 24 lavaggi (1+1),48,a lavaggio,6.99,0.146,2026-09-24,2026-10-07,"1+1 gratis: una sola costa 6,99. Stesso prezzo per quello da 38 lavaggi: il conto è su quello da 24."
esselunga24,Esselunga,Manzo,Polpa trita scelta di scottona – Naturama,400 g,0.4,al kg,5.19,12.975,2026-09-24,2026-10-07,"−40%, prima 8,65."
esselunga24,Esselunga,Manzo,Scaloppe di bovino adulto,al kg,1,al kg,12.50,12.500,2026-09-24,2026-10-07,
esselunga24,Esselunga,Marmellata,"Confettura di albicocche, arancia dolce o fragola – Zuegg",320 g,0.32,al kg,1.69,5.281,2026-09-24,2026-10-07,Prezzi corti.
esselunga24,Esselunga,Merendine,Ciambelline mignon,al kg,1,al kg,8.39,8.390,2026-09-24,2026-10-07,"−30%, prima 11,99 al kg. Vale solo nei negozi che hanno il reparto pane e dolci."
esselunga24,Esselunga,Merendine,"Kinder Pan e Cioc, 10 merendine – Ferrero",290 g,0.29,al kg,2.49,8.586,2026-09-24,2026-10-07,Prezzi corti.
esselunga24,Esselunga,Merendine,"Plumcake classico, 10 pezzi – Mulino Bianco",330 g,0.33,al kg,1.39,4.212,2026-09-24,2026-10-07,"−30%, prima 1,99. Sconto Fìdaty: solo con la carta Fìdaty, senza tessera 1,99."
esselunga24,Esselunga,Merendine,Sfogliatina all'albicocca,85 g,0.085,al kg,0.99,11.647,2026-09-24,2026-10-07,Prezzo speciale. Vale solo nei negozi che hanno il reparto pane e dolci.
esselunga24,Esselunga,Merendine,"Snack Nesquik latte o cacao, 5 × 26 g – Nestlé",130 g,0.13,al kg,0.99,7.615,2026-09-24,2026-10-07,"−30%, prima 1,42. Sconto Fìdaty: solo con la carta Fìdaty, senza tessera 1,42."
esselunga24,Esselunga,Merluzzo,6 Fiori di nasello – Findus,300 g,0.3,al kg,5.29,17.633,2026-09-24,2026-10-07,Surgelati. Prezzi corti.
esselunga24,Esselunga,Mozzarella,"Mozzarella Santa Lucia, confezione 4 × 125 g – Galbani",500 g,0.5,al kg,2.99,5.980,2026-09-24,2026-10-07,"−50%, prima 5,99. Sconto Fìdaty: solo con la carta Fìdaty, senza tessera 5,99."
esselunga24,Esselunga,Olio d'oliva,Olio extravergine di oliva 100% italiano – De Cecco,1 l,1,al litro,6.99,6.990,2026-09-24,2026-10-07,"−40%, prima 11,65. Sconto Fìdaty: solo con la carta Fìdaty, senza tessera 11,65."
esselunga24,Esselunga,Olio d'oliva,Olio extravergine di oliva – Farchioni,1 l,1,al litro,4.99,4.990,2026-09-24,2026-10-07,"−40%, prima 8,32. Sconto Fìdaty: solo con la carta Fìdaty, senza tessera 8,32."
esselunga24,Esselunga,Panati,Filetti di merluzzo gratinati – Findus,380 g,0.38,al kg,2.64,6.947,2026-09-24,2026-10-07,"Surgelati. −50%, prima 5,29. Sconto Fìdaty: solo con la carta Fìdaty, senza tessera 5,29."
esselunga24,Esselunga,Panati,"Fishburger di salmone, 4 pezzi",240 g,0.24,al kg,3.99,16.625,2026-09-24,2026-10-07,
esselunga24,Esselunga,Pane,American Sandwich di grano tenero a fette – Morato,825 g,0.825,al kg,1.99,2.412,2026-09-24,2026-10-07,Prezzi corti.
esselunga24,Esselunga,Pane,Cracker salati o non salati in superficie – Mulino Bianco,500 g,0.5,al kg,1.35,2.700,2026-09-24,2026-10-07,Prezzi corti.
esselunga24,Esselunga,Pane,Fette biscottate dorate o integrali – Mulino Bianco,630 g,0.63,al kg,1.69,2.683,2026-09-24,2026-10-07,"−30%, prima 2,42. Sconto Fìdaty: solo con la carta Fìdaty, senza tessera 2,42."
esselunga24,Esselunga,Pane,Pane morbido ai 3 farri a fette – Esselunga Equilibrio,400 g,0.4,al kg,1.25,3.125,2026-09-24,2026-10-07,"−30%, prima 1,79."
esselunga24,Esselunga,Pane,"Piadina fresca con olio extravergine di oliva, 4 piadine – Esselunga",520 g,0.52,al kg,1.79,3.442,2026-09-24,2026-10-07,"−40%, prima 2,99. Vale solo nei negozi che hanno il reparto pane e dolci."
esselunga24,Esselunga,Pane,"Taralli tradizionali, 8 × 40 g – Giovanni Matera",320 g,0.32,al kg,1.49,4.656,2026-09-24,2026-10-07,"−50%, prima 2,99. Sconto Fìdaty: solo con la carta Fìdaty, senza tessera 2,99."
esselunga24,Esselunga,Pasta,Gnocchi spinaci e cavolfiore,400 g,0.4,al kg,3.19,7.975,2026-09-24,2026-10-07,Prezzo speciale. Vale solo nei negozi che hanno il reparto pane e dolci.
esselunga24,Esselunga,Pasta,Lasagne ai carciofi – Cucina Esselunga,500 g,0.5,al kg,5.59,11.180,2026-09-24,2026-10-07,"−30%, prima 7,99. È un piatto pronto."
esselunga24,Esselunga,Pasta,Pasta di semola – Barilla,2 × 1 kg (1+1),2,al kg,1.85,0.925,2026-09-24,2026-10-07,"1+1 gratis: una sola costa 1,85."
esselunga24,Esselunga,Pasta,Pasta integrale bio – Rummo,500 g,0.5,al kg,0.99,1.980,2026-09-24,2026-10-07,"−50%, prima 1,99. Sconto Fìdaty: solo con la carta Fìdaty, senza tessera 1,99."
esselunga24,Esselunga,Pasta,Sfogliavelo pasta fresca ripiena – Giovanni Rana,250 g,0.25,al kg,1.84,7.360,2026-09-24,2026-10-07,"−50%, prima 3,69. Sconto Fìdaty: solo con la carta Fìdaty, senza tessera 3,69."
esselunga24,Esselunga,Patate,Patatine We Love Croccanti – Pizzoli,750 g,0.75,al kg,1.49,1.987,2026-09-24,2026-10-07,Surgelate. Prezzi corti.
esselunga24,Esselunga,Pesce,"Bis di frutti di mare, cozze e lupini",800 g,0.8,al kg,7.90,9.875,2026-09-24,2026-10-07,
esselunga24,Esselunga,Pesce,Branzino già pulito,al kg,1,al kg,9.80,9.800,2026-09-24,2026-10-07,"−40%, prima 16,34 al kg."
esselunga24,Esselunga,Pesce,Filetto di sogliola oceanica,al kg,1,al kg,24.85,24.850,2026-09-24,2026-10-07,"−30%, prima 35,50 al kg."
esselunga24,Esselunga,Pizza,Pizza Bella Napoli margherita – Buitoni,365 g,0.365,al kg,1.99,5.452,2026-09-24,2026-10-07,Surgelata. Prezzi corti.
esselunga24,Esselunga,Pizza,"Pizza Bella Napoli margherita, 2 × 325 g – Buitoni",650 g,0.65,al kg,2.74,4.215,2026-09-24,2026-10-07,"Surgelata. −50%, prima 5,49. Sconto Fìdaty: solo con la carta Fìdaty, senza tessera 5,49."
esselunga24,Esselunga,Pizza,Pizza Bella Napoli tonno e cipolla o prosciutto e funghi – Buitoni,375 g,0.375,al kg,1.99,5.307,2026-09-24,2026-10-07,Surgelata. Prezzi corti. Stesso prezzo per tonno e cipolla da 410 g: il conto è su prosciutto e funghi da 375 g.
esselunga24,Esselunga,Pizza,Pizza Creazione margherita o salame – Buitoni,390 g,0.39,al kg,2.99,7.667,2026-09-24,2026-10-07,"Surgelata. −30%, prima 4,28. Sconto Fìdaty: solo con la carta Fìdaty, senza tessera 4,28. Stesso prezzo per la salame da 430 g: il conto è sulla margherita da 390 g."
esselunga24,Esselunga,Pizza,Pizza Napoli,al kg,1,al kg,6.85,6.850,2026-09-24,2026-10-07,"−30%, prima 9,79 al kg. Vale solo nei negozi che hanno il reparto pane e dolci."
esselunga24,Esselunga,Pollo,Petto di pollo 10+ a fette – Amadori,al kg,1,al kg,9.90,9.900,2026-09-24,2026-10-07,Prezzo speciale.
esselunga24,Esselunga,Pollo,Straccetti di pollo – Naturama,al kg,1,al kg,11.89,11.890,2026-09-24,2026-10-07,"−30%, prima 16,99 al kg."
esselunga24,Esselunga,Pollo,Tenerelle di pollo,al kg,1,al kg,9.35,9.350,2026-09-24,2026-10-07,"−40%, prima 15,59 al kg. Fettine di pollo già condite con le erbe."
esselunga24,Esselunga,Pomodoro,Passata di pomodoro – Mutti,700 g,0.7,al kg,0.99,1.414,2026-09-24,2026-10-07,"−50%, prima 1,99. Sconto Fìdaty: solo con la carta Fìdaty, senza tessera 1,99."
esselunga24,Esselunga,Preparati,Chicken Nuggets – Findus,250 g,0.25,al kg,2.39,9.560,2026-09-24,2026-10-07,"Surgelati. −40%, prima 3,99. Sconto Fìdaty: solo con la carta Fìdaty, senza tessera 3,99."
esselunga24,Esselunga,Preparati,"Chicken burger o hamburger con tacchino, 4 × 100 g – Aia",400 g,0.4,al kg,3.99,9.975,2026-09-24,2026-10-07,Prezzo speciale.
esselunga24,Esselunga,Preparati,"Cotoletta classica o ortaiola con spinaci, 3 pezzi – Amadori",330 g,0.33,al kg,3.59,10.879,2026-09-24,2026-10-07,"−40%, prima 5,99."
esselunga24,Esselunga,Preparati,Cotoletta sottile – Amadori,300 g,0.3,al kg,2.87,9.567,2026-09-24,2026-10-07,"−40%, prima 4,79."
esselunga24,Esselunga,Preparati,"Hamburger di bovino adulto e suino, 2 × 100 g – Esselunga",200 g,0.2,al kg,2.59,12.950,2026-09-24,2026-10-07,
esselunga24,Esselunga,Preparati,Le Birbe – Amadori,500 g,0.5,al kg,5.27,10.540,2026-09-24,2026-10-07,"−40%, prima 8,79. Bocconcini di pollo impanati."
esselunga24,Esselunga,Preparati,Polpettine – Amadori,240 g,0.24,al kg,2.99,12.458,2026-09-24,2026-10-07,"−40%, prima 4,99."
esselunga24,Esselunga,Preparati,Polpettone classico – Amadori,700 g,0.7,al kg,6.99,9.986,2026-09-24,2026-10-07,Prezzi corti.
esselunga24,Esselunga,Preparati,Polpettone di salmone ai broccoli – Esselunga,500 g,0.5,al kg,6.66,13.320,2026-09-24,2026-10-07,"−50%, prima 13,32."
esselunga24,Esselunga,Preparati,Stinco cotto al forno – Senfter,650 g,0.65,al kg,3.29,5.062,2026-09-24,2026-10-07,"−40%, prima 5,49. Sconto Fìdaty: solo con la carta Fìdaty, senza tessera 5,49."
esselunga24,Esselunga,Prosciutto,Prosciutto cotto alta qualità – Ferrarini,al kg,1,al kg,19.90,19.900,2026-09-24,2026-10-07,"Prezzi corti. Reparto gastronomia, a peso."
esselunga24,Esselunga,Prosciutto,"Prosciutto cotto di alta qualità a fette, confezione 2 × 100 g – Parmacotto",200 g,0.2,al kg,3.99,19.950,2026-09-24,2026-10-07,Prezzo speciale.
esselunga24,Esselunga,Riso,"Riso Arborio, confezione 2 × 1 kg – Scotti",2 kg,2,al kg,3.99,1.995,2026-09-24,2026-10-07,Prezzo speciale.
esselunga24,Esselunga,Salame,Salame Galbanetto – Galbani,210 g,0.21,al kg,3.89,18.524,2026-09-24,2026-10-07,"−30%, prima 5,57. Sconto Fìdaty: solo con la carta Fìdaty, senza tessera 5,57."
esselunga24,Esselunga,Salmone,Filetto di salmone,al kg,1,al kg,20.89,20.890,2026-09-24,2026-10-07,"−30%, prima 29,85 al kg."
esselunga24,Esselunga,Salmone affumicato,Salmone norvegese affumicato a fette – Royal Atlantic,150 g,0.15,al kg,3.99,26.600,2026-09-24,2026-10-07,"−50%, prima 7,98. Sconto Fìdaty: solo con la carta Fìdaty, senza tessera 7,98."
esselunga24,Esselunga,Shampoo,Fructis shampoo 250 ml o balsamo 200 ml – Garnier,200 ml,0.2,al litro,1.99,9.950,2026-09-24,2026-10-07,"Prezzi corti. Stesso prezzo per lo shampoo da 250 ml: il conto è sul balsamo da 200 ml, il formato più piccolo."
esselunga24,Esselunga,Sughi,"Gran Ragù classico o Extra Gusto, 2 × 180 g – Star",360 g,0.36,al kg,2.29,6.361,2026-09-24,2026-10-07,Prezzi corti.
esselunga24,Esselunga,Sughi,Sugo pronto allo scoglio – Esca,450 g,0.45,al kg,2.99,6.644,2026-09-24,2026-10-07,"Surgelato. −40%, prima 4,99. Sconto Fìdaty: solo con la carta Fìdaty, senza tessera 4,99."
esselunga24,Esselunga,Suino,Coppa di suino disossata per arrosto,al kg,1,al kg,5.99,5.990,2026-09-24,2026-10-07,"−40%, prima 9,99 al kg."
esselunga24,Esselunga,Tonno,Filetti di tonno all'olio di oliva o extravergine – Rio Mare,180 g,0.18,al kg,3.99,22.167,2026-09-24,2026-10-07,"−50%, prima 7,99. Sconto Fìdaty: solo con la carta Fìdaty, senza tessera 7,99."
esselunga24,Esselunga,Tonno,"Tonno all'olio di oliva pescato a canna, confezione 6 × 120 g – Rio Mare",720 g,0.72,al kg,7.99,11.097,2026-09-24,2026-10-07,"−50%, prima 15,98. Sconto Fìdaty: solo con la carta Fìdaty, senza tessera 15,98."
esselunga24,Esselunga,Tonno,Tranci di tonno all'olio di oliva o extravergine biologico – Callipo,300 g,0.3,al kg,4.49,14.967,2026-09-24,2026-10-07,"−50%, prima 8,99. Sconto Fìdaty: solo con la carta Fìdaty, senza tessera 8,99."
esselunga24,Esselunga,Verdura,Finocchi,al kg,1,al kg,1.38,1.380,2026-09-24,2026-10-07,"−30%, prima 1,98 al kg."
esselunga24,Esselunga,Verdure surgelate,Carciofi mezzi TantoCuore – Orogel,300 g,0.3,al kg,2.69,8.967,2026-09-24,2026-10-07,"−40%, prima 4,49. Sconto Fìdaty: solo con la carta Fìdaty, senza tessera 4,49."
esselunga24,Esselunga,Verdure surgelate,Minestrone Tradizione Leggero – Findus,700 g,0.7,al kg,1.84,2.629,2026-09-24,2026-10-07,"−50%, prima 3,69. Sconto Fìdaty: solo con la carta Fìdaty, senza tessera 3,69."
esselunga24,Esselunga,Verdure surgelate,Spinaci Millefoglie – Bonduelle,750 g,0.75,al kg,1.64,2.187,2026-09-24,2026-10-07,"−50%, prima 3,29. Sconto Fìdaty: solo con la carta Fìdaty, senza tessera 3,29."
esselunga24,Esselunga,Vino,Alcamo o Nero d'Avola – Rapitalà,750 ml,0.75,al litro,3.98,5.307,2026-09-24,2026-10-07,Prezzi corti.
esselunga24,Esselunga,Vino,Barbera d'Asti Superiore DOCG – Govone,750 ml,0.75,al litro,3.19,4.253,2026-09-24,2026-10-07,"−50%, prima 6,39. Sconto Fìdaty: solo con la carta Fìdaty, senza tessera 6,39."
esselunga24,Esselunga,Vino,Bardolino Chiaretto – Guerrieri Rizzardi,750 ml,0.75,al litro,3.95,5.267,2026-09-24,2026-10-07,"−40%, prima 6,59. Sconto Fìdaty: solo con la carta Fìdaty, senza tessera 6,59."
esselunga24,Esselunga,Vino,Chianti DOCG – Piccini,750 ml,0.75,al litro,2.80,3.733,2026-09-24,2026-10-07,"−50%, prima 5,60. Sconto Fìdaty: solo con la carta Fìdaty, senza tessera 5,60."
esselunga24,Esselunga,Vino,Lambrusco – Giuseppe Verdi,750 ml,0.75,al litro,2.99,3.987,2026-09-24,2026-10-07,"−40%, prima 4,99. Sconto Fìdaty: solo con la carta Fìdaty, senza tessera 4,99."
esselunga24,Esselunga,Vino,Langhe Bianco o Albarossa – Enzo Bartoli,750 ml,0.75,al litro,3.99,5.320,2026-09-24,2026-10-07,"−40%, prima 6,65. Sconto Fìdaty: solo con la carta Fìdaty, senza tessera 6,65."
esselunga24,Esselunga,Vino,Müller Thurgau Durello – Cantina di Soave,750 ml,0.75,al litro,2.85,3.800,2026-09-24,2026-10-07,"−50%, prima 5,70. Sconto Fìdaty: solo con la carta Fìdaty, senza tessera 5,70."
esselunga24,Esselunga,Vino,Prosecco – Maschio,750 ml,0.75,al litro,4.19,5.587,2026-09-24,2026-10-07,"−40%, prima 6,99. Sconto Fìdaty: solo con la carta Fìdaty, senza tessera 6,99."
esselunga24,Esselunga,Vino,Shiraz o Chardonnay – Yellow Tail,750 ml,0.75,al litro,4.65,6.200,2026-09-24,2026-10-07,"−40%, prima 7,75. Sconto Fìdaty: solo con la carta Fìdaty, senza tessera 7,75."
esselunga24,Esselunga,Vino,Vermentino di Gallura DOCG o Carignano del Sulcis – Sella&Mosca,750 ml,0.75,al litro,5.35,7.133,2026-09-24,2026-10-07,"−50%, prima 10,70. Sconto Fìdaty: solo con la carta Fìdaty, senza tessera 10,70."
esselunga24,Esselunga,Vitello,Fettine sottili di vitello,al kg,1,al kg,19.10,19.100,2026-09-24,2026-10-07,"−40%, prima 31,84 al kg."
esselunga24,Esselunga,Yogurt,Skyr – Danone,150 g,0.15,al kg,0.66,4.400,2026-09-24,2026-10-07,"−50%, prima 1,32. Sconto Fìdaty: solo con la carta Fìdaty, senza tessera 1,32."
esselunga24,Esselunga,Yogurt,"Yogurt Mix stelle e wafer al cioccolato, 4 × 150 g – Müller",600 g,0.6,al kg,1.94,3.233,2026-09-24,2026-10-07,"−50%, prima 3,89. Sconto Fìdaty: solo con la carta Fìdaty, senza tessera 3,89."
esselunga24,Esselunga,Yogurt,"Yogurt Zero% grassi gusti frutta, confezione 8 × 125 g – Müller",1 kg,1,al kg,2.49,2.490,2026-09-24,2026-10-07,Prezzi corti.
esselungaaut24,Esselunga,Bibite,Spremuta di mela – Melchiori,3 l,3,al litro,4.99,1.663,2026-09-24,2026-10-07,È succo di mela. Prezzi corti.
esselungaaut24,Esselunga,Birra,Blanche de Namur,750 ml,0.75,al litro,2.99,3.987,2026-09-24,2026-10-07,Prezzi corti.
esselungaaut24,Esselunga,Birra,"Blanche, Double Ambrée o Blonde – Grimbergen",330 ml,0.33,al litro,1.39,4.212,2026-09-24,2026-10-07,Prezzi corti.
esselungaaut24,Esselunga,Birra,Blonde – La Chouffe,750 ml,0.75,al litro,3.69,4.920,2026-09-24,2026-10-07,Prezzi corti.
esselungaaut24,Esselunga,Birra,Helles – Augustiner,500 ml,0.5,al litro,2.09,4.180,2026-09-24,2026-10-07,Prezzi corti.
esselungaaut24,Esselunga,Birra,Helles – Erdinger,500 ml,0.5,al litro,1.05,2.100,2026-09-24,2026-10-07,Prezzi corti.
esselungaaut24,Esselunga,Birra,IPA – Complot,330 ml,0.33,al litro,1.59,4.818,2026-09-24,2026-10-07,Prezzi corti.
esselungaaut24,Esselunga,Birra,Kronen – Forst,330 ml,0.33,al litro,0.99,3.000,2026-09-24,2026-10-07,Prezzi corti.
esselungaaut24,Esselunga,Birra,Oktoberfest Bier – Paulaner,500 ml,0.5,al litro,1.29,2.580,2026-09-24,2026-10-07,Prezzi corti.
esselungaaut24,Esselunga,Birra,"Pilsner in lattina, 3 × 33 cl – Forst",990 ml,0.99,al litro,1.99,2.010,2026-09-24,2026-10-07,Prezzi corti.
esselungaaut24,Esselunga,Birra,Premium – Forst,500 ml,0.5,al litro,0.99,1.980,2026-09-24,2026-10-07,Prezzi corti.
esselungaaut24,Esselunga,Birra,Strong – Ceres,500 ml,0.5,al litro,1.79,3.580,2026-09-24,2026-10-07,Prezzi corti.
esselungaaut24,Esselunga,Birra,Super – Tennent's,440 ml,0.44,al litro,1.49,3.386,2026-09-24,2026-10-07,Prezzi corti.
esselungaaut24,Esselunga,Birra,Weissbier – Paulaner,500 ml,0.5,al litro,1.09,2.180,2026-09-24,2026-10-07,Prezzi corti.
esselungaaut24,Esselunga,Birra,Winter – Leffe,750 ml,0.75,al litro,2.99,3.987,2026-09-24,2026-10-07,Prezzo speciale.
esselungaaut24,Esselunga,Biscotti,Biscotti Hermann Collection – Bahlsen,161 g,0.161,al kg,3.39,21.056,2026-09-24,2026-10-07,Prezzi corti.
esselungaaut24,Esselunga,Biscotti,Choco Wafer o Choco Wafer White – Milka,180 g,0.18,al kg,1.95,10.833,2026-09-24,2026-10-07,Prezzi corti.
esselungaaut24,Esselunga,Biscotti,Danish Butter Cookies,454 g,0.454,al kg,3.59,7.907,2026-09-24,2026-10-07,Prezzi corti.
esselungaaut24,Esselunga,Biscotti,Delizie – Sapori,126 g,0.126,al kg,2.89,22.937,2026-09-24,2026-10-07,Prezzi corti.
esselungaaut24,Esselunga,Cioccolato,"Gianduiotto 135 g, Napolitain 75% 100 g o Cremino 130 g – Esselunga Top",100 g,0.1,al kg,4.99,49.900,2026-09-24,2026-10-07,"Prezzi corti. Stesso prezzo per tutti e tre: il conto è sul Napolitain da 100 g, la confezione più piccola."
esselungaaut24,Esselunga,Conserve,Giardiniera in agrodolce – Mastrototaro Food,310 g,0.31,al kg,4.49,14.484,2026-09-24,2026-10-07,"Peso non sgocciolato. −30%, prima 6,42. Sconto Fìdaty: solo con la carta Fìdaty, senza tessera 6,42."
esselungaaut24,Esselunga,Conserve,Pesche italiane sciroppate – Valfrutta,380 g,0.38,al kg,1.99,5.237,2026-09-24,2026-10-07,Peso non sgocciolato. Prezzi corti.
esselungaaut24,Esselunga,Formaggio,Asiago fresco DOP prodotto della montagna,al kg,1,al kg,12.90,12.900,2026-09-24,2026-10-07,Prezzo speciale. Al banco gastronomia.
esselungaaut24,Esselunga,Formaggio,Brie,al kg,1,al kg,11.90,11.900,2026-09-24,2026-10-07,Prezzo speciale. Al banco gastronomia.
esselungaaut24,Esselunga,Formaggio,Caprice des Dieux,200 g,0.2,al kg,2.69,13.450,2026-09-24,2026-10-07,Prezzi corti.
esselungaaut24,Esselunga,Formaggio,Duetto gorgonzola e mascarpone – Mauri,200 g,0.2,al kg,2.29,11.450,2026-09-24,2026-10-07,Prezzi corti.
esselungaaut24,Esselunga,Formaggio,Gorgonzola piccante DOP – Igor,200 g,0.2,al kg,2.29,11.450,2026-09-24,2026-10-07,Prezzi corti.
esselungaaut24,Esselunga,Formaggio,Pecorino sardo DOP dolce,al kg,1,al kg,15.90,15.900,2026-09-24,2026-10-07,Prezzi corti. Al banco gastronomia.
esselungaaut24,Esselunga,Formaggio,Valtellina Casera DOP stagionato,al kg,1,al kg,14.69,14.690,2026-09-24,2026-10-07,"−30%, prima 20,99 al kg. Sconto Fìdaty: solo con la carta Fìdaty, senza tessera 20,99 al kg. Al banco gastronomia."
esselungaaut24,Esselunga,Frutta,Melagrana,400 g,0.4,al kg,0.98,2.450,2026-09-24,2026-10-07,
esselungaaut24,Esselunga,Grana,Parmigiano Reggiano DOP stagionato oltre 40 mesi – Parmareggio,250 g,0.25,al kg,6.99,27.960,2026-09-24,2026-10-07,Prezzi corti.
esselungaaut24,Esselunga,Legumi,Lenticchie di Altamura IGP biologiche – Terre di Altamura,400 g,0.4,al kg,1.99,4.975,2026-09-24,2026-10-07,Prezzi corti.
esselungaaut24,Esselunga,Merendine,Cinnamon roll,100 g,0.1,al kg,0.97,9.700,2026-09-24,2026-10-07,Prezzo speciale. Vale solo nei negozi che hanno il reparto pane e dolci.
esselungaaut24,Esselunga,Merendine,Millefoglie classiche o glassate – Matilde Vicenzi,125 g,0.125,al kg,1.03,8.240,2026-09-24,2026-10-07,"−20%, prima 1,29. Sconto Fìdaty: solo con la carta Fìdaty, senza tessera 1,29."
esselungaaut24,Esselunga,Merendine,"Muffin alla mela, 2 pezzi – Esselunga",150 g,0.15,al kg,1.59,10.600,2026-09-24,2026-10-07,"−30%, prima 2,28. Sconto Fìdaty: solo con la carta Fìdaty, senza tessera 2,28. Vale solo nei negozi che hanno il reparto pane e dolci."
esselungaaut24,Esselunga,Miele,Miele di Manuka,225 g,0.225,al kg,9.99,44.400,2026-09-24,2026-10-07,Prezzi corti.
esselungaaut24,Esselunga,Mortadella,Mortadella classica a fette – Rovagnati,80 g,0.08,al kg,2.19,27.375,2026-09-24,2026-10-07,Prezzi corti.
esselungaaut24,Esselunga,Olio d'oliva,Olio extravergine di oliva biologico – Buonamici,750 ml,0.75,al litro,6.99,9.320,2026-09-24,2026-10-07,"−50%, prima 13,99. Sconto Fìdaty: solo con la carta Fìdaty, senza tessera 13,99."
esselungaaut24,Esselunga,Olio d'oliva,Olio extravergine di oliva non filtrato – Venturino,1 l,1,al litro,9.69,9.690,2026-09-24,2026-10-07,Prezzi corti.
esselungaaut24,Esselunga,Olio d'oliva,Olio extravergine di oliva – San Giuliano,1 l,1,al litro,8.99,8.990,2026-09-24,2026-10-07,"−30%, prima 12,85. Sconto Fìdaty: solo con la carta Fìdaty, senza tessera 12,85."
esselungaaut24,Esselunga,Olio d'oliva,Olio extravergine di oliva – Villa Antica,750 ml,0.75,al litro,4.99,6.653,2026-09-24,2026-10-07,"−50%, prima 9,99. Sconto Fìdaty: solo con la carta Fìdaty, senza tessera 9,99."
esselungaaut24,Esselunga,Pancetta,Pancetta affumicata – Recla,al kg,1,al kg,18.90,18.900,2026-09-24,2026-10-07,Prezzi corti. Al banco gastronomia.
esselungaaut24,Esselunga,Pane,Brezel,al kg,1,al kg,9.99,9.990,2026-09-24,2026-10-07,"−30%, prima 12,49 al kg. Sconto Fìdaty: solo con la carta Fìdaty, senza tessera 12,49 al kg. Vale solo nei negozi che hanno il reparto pane e dolci."
esselungaaut24,Esselunga,Pane,Crostini classici per zuppe e insalate – Esselunga,200 g,0.2,al kg,1.49,7.450,2026-09-24,2026-10-07,Prezzi corti.
esselungaaut24,Esselunga,Pasta,Cannelloni di carne – Cucina Esselunga,al kg,1,al kg,10.49,10.490,2026-09-24,2026-10-07,"È un piatto pronto, al banco gastronomia. −30%, prima 14,99 al kg. Sconto Fìdaty: solo con la carta Fìdaty, senza tessera 14,99 al kg."
esselungaaut24,Esselunga,Pasta,Gramigna con salsiccia – Cucina Esselunga,al kg,1,al kg,9.09,9.090,2026-09-24,2026-10-07,"È un piatto pronto, al banco gastronomia. −30%, prima 12,99 al kg. Sconto Fìdaty: solo con la carta Fìdaty, senza tessera 12,99 al kg."
esselungaaut24,Esselunga,Pasta,Maltagliati cacio e pepe – Pastai,250 g,0.25,al kg,2.09,8.360,2026-09-24,2026-10-07,"Pasta fresca ripiena. −30%, prima 2,99. Sconto Fìdaty: solo con la carta Fìdaty, senza tessera 2,99."
esselungaaut24,Esselunga,Pasta,"Pasta all'uovo Emiliane fettuccine, tagliatelle o pappardelle – Barilla",250 g,0.25,al kg,0.99,3.960,2026-09-24,2026-10-07,Prezzi corti.
esselungaaut24,Esselunga,Pasta,Tagliatelle con ragù alla bolognese – Cucina Esselunga,al kg,1,al kg,9.79,9.790,2026-09-24,2026-10-07,"È un piatto pronto, al banco gastronomia. −30%, prima 13,99 al kg. Sconto Fìdaty: solo con la carta Fìdaty, senza tessera 13,99 al kg."
esselungaaut24,Esselunga,Pasta,Tagliatelle fresche sfoglia classica – Esselunga Top,250 g,0.25,al kg,0.99,3.960,2026-09-24,2026-10-07,Prezzi corti.
esselungaaut24,Esselunga,Pasta,Tortelli con brasato al Barolo,250 g,0.25,al kg,3.99,15.960,2026-09-24,2026-10-07,Pasta fresca ripiena. Prezzo speciale. Vale solo nei negozi che hanno il reparto pane e dolci.
esselungaaut24,Esselunga,Patate,Patate viola – Pizzoli,800 g,0.8,al kg,1.38,1.725,2026-09-24,2026-10-07,Prezzi corti.
esselungaaut24,Esselunga,Pizza,Pizza speck e scamorza,al kg,1,al kg,8.39,8.390,2026-09-24,2026-10-07,"−30%, prima 11,99 al kg. Sconto Fìdaty: solo con la carta Fìdaty, senza tessera 11,99 al kg. Vale solo nei negozi che hanno il reparto pane e dolci."
esselungaaut24,Esselunga,Preparati,Arrosto di salmone pronto da cuocere – Esselunga,400 g,0.4,al kg,10.80,27.000,2026-09-24,2026-10-07,"−20%, prima 13,50. Sconto Fìdaty: solo con la carta Fìdaty, senza tessera 13,50."
esselungaaut24,Esselunga,Preparati,Polpettone di tonno a pinne gialle in crosta con scamorza e olive – Esselunga,450 g,0.45,al kg,7.99,17.756,2026-09-24,2026-10-07,"−40%, prima 13,32. Sconto Fìdaty: solo con la carta Fìdaty, senza tessera 13,32."
esselungaaut24,Esselunga,Preparati,Rolatine di pollo,al kg,1,al kg,10.39,10.390,2026-09-24,2026-10-07,"−40%, prima 17,33 al kg. Sconto Fìdaty: solo con la carta Fìdaty, senza tessera 17,33 al kg."
esselungaaut24,Esselunga,Preparati,Saltimbocca di vitello,al kg,1,al kg,18.89,18.890,2026-09-24,2026-10-07,"−30%, prima 26,99 al kg. Sconto Fìdaty: solo con la carta Fìdaty, senza tessera 26,99 al kg."
esselungaaut24,Esselunga,Prosciutto,Prosciutto crudo nazionale stagionato 18 mesi – Ruliano,al kg,1,al kg,29.90,29.900,2026-09-24,2026-10-07,Prezzo speciale. Al banco gastronomia.
esselungaaut24,Esselunga,Prosciutto,Prosciutto crudo stagionato 18 mesi a fette – All Food,50 g,0.05,al kg,2.58,51.600,2026-09-24,2026-10-07,"−30%, prima 3,69. Sconto Fìdaty: solo con la carta Fìdaty, senza tessera 3,69."
esselungaaut24,Esselunga,Riso,Risotto ai funghi porcini – Cucina Esselunga,al kg,1,al kg,9.09,9.090,2026-09-24,2026-10-07,"È un piatto pronto, al banco gastronomia. −30%, prima 12,99 al kg. Sconto Fìdaty: solo con la carta Fìdaty, senza tessera 12,99 al kg."
esselungaaut24,Esselunga,Salame,Salame Cremona IGP – Santini,al kg,1,al kg,21.90,21.900,2026-09-24,2026-10-07,Prezzi corti. Al banco gastronomia.
esselungaaut24,Esselunga,Salame,Salame Felino IGP a fette – Terre Ducali,90 g,0.09,al kg,3.29,36.556,2026-09-24,2026-10-07,Prezzi corti.
esselungaaut24,Esselunga,Salame,Salame rustico a fette – Citterio,70 g,0.07,al kg,2.19,31.286,2026-09-24,2026-10-07,Prezzi corti.
esselungaaut24,Esselunga,Sughi,Pesto di pomodoro – Mutti,180 g,0.18,al kg,1.89,10.500,2026-09-24,2026-10-07,Prezzi corti.
esselungaaut24,Esselunga,Sughi,Ragù alla bolognese – Esselunga Top,200 g,0.2,al kg,2.39,11.950,2026-09-24,2026-10-07,"−20%, prima 2,99. Sconto Fìdaty: solo con la carta Fìdaty, senza tessera 2,99."
esselungaaut24,Esselunga,Suino,Lonza disossata di suino,al kg,1,al kg,8.39,8.390,2026-09-24,2026-10-07,"−30%, prima 11,99 al kg. Sconto Fìdaty: solo con la carta Fìdaty, senza tessera 11,99 al kg."
esselungaaut24,Esselunga,Tonno,Filetti di tonno – Esselunga Top,680 g,0.68,al kg,19.92,29.294,2026-09-24,2026-10-07,"Peso non sgocciolato. −20%, prima 24,90. Sconto Fìdaty: solo con la carta Fìdaty, senza tessera 24,90."
esselungaaut24,Esselunga,Tè,"Tisane della Buonanotte, 12 filtri – Regina di Fiori",36 g,0.036,al kg,6.99,194.167,2026-09-24,2026-10-07,"Prezzi corti. Il peso non è scritto: viene dal prezzo all'etto stampato (19,42)."
esselungaaut24,Esselunga,Verdura,Misto funghi – Spadella,300 g,0.3,al kg,1.98,6.600,2026-09-24,2026-10-07,"−30%, prima 2,84. Sconto Fìdaty: solo con la carta Fìdaty, senza tessera 2,84."
esselungaaut24,Esselunga,Verdura,Zucca moscata di Provenza,al kg,1,al kg,0.98,0.980,2026-09-24,2026-10-07,
esselungaaut24,Esselunga,Verdure surgelate,Misto funghi con porcini – Cucina Sartor,1 kg,1,al kg,3.49,3.490,2026-09-24,2026-10-07,"−30%, prima 4,99. Sconto Fìdaty: solo con la carta Fìdaty, senza tessera 4,99."
esselungaaut24,Esselunga,Verdure surgelate,Vellutata di zucca e carote o passato di verdure – Esselunga,600 g,0.6,al kg,1.67,2.783,2026-09-24,2026-10-07,"−20%, prima 2,39. Sconto Fìdaty: solo con la carta Fìdaty, senza tessera 2,39."
esselungaaut24,Esselunga,Verdure surgelate,Zucca a cubetti – Esselunga,750 g,0.75,al kg,1.56,2.080,2026-09-24,2026-10-07,"−20%, prima 2,24. Sconto Fìdaty: solo con la carta Fìdaty, senza tessera 2,24."
esselungaaut24,Esselunga,Vino,Bolgheri Rosso – Campo al Mare,750 ml,0.75,al litro,17.90,23.867,2026-09-24,2026-10-07,Prezzi corti.
esselungaaut24,Esselunga,Vino,Chianti Classico Riserva DOCG – Cecchi,750 ml,0.75,al litro,9.90,13.200,2026-09-24,2026-10-07,Prezzi corti.
esselungaaut24,Esselunga,Vino,Crémant Réserve – Paul Mas,750 ml,0.75,al litro,5.90,7.867,2026-09-24,2026-10-07,"−40%, prima 9,84. Sconto Fìdaty: solo con la carta Fìdaty, senza tessera 9,84."
esselungaaut24,Esselunga,Vino,Lacryma Christi bianco o rosso – Feudi di San Gregorio,750 ml,0.75,al litro,6.90,9.200,2026-09-24,2026-10-07,Prezzi corti.
esselungaaut24,Esselunga,Vino,Moscato Giallo – Cavit,750 ml,0.75,al litro,3.49,4.653,2026-09-24,2026-10-07,Prezzi corti.
esselungaaut24,Esselunga,Vino,Orvieto Classico Dieci Gradi – Cantine Monrubio,750 ml,0.75,al litro,2.95,3.933,2026-09-24,2026-10-07,Prezzo speciale.
esselungaaut24,Esselunga,Vino,Prosecco – Mionetto,750 ml,0.75,al litro,5.04,6.720,2026-09-24,2026-10-07,"−40%, prima 8,40. Sconto Fìdaty: solo con la carta Fìdaty, senza tessera 8,40."
esselungaaut24,Esselunga,Vino,Regaleali bianco o Nero d'Avola – Tasca d'Almerita,750 ml,0.75,al litro,6.89,9.187,2026-09-24,2026-10-07,Prezzi corti.
esselungaaut24,Esselunga,Vino,Rosso di Montefalco – Arnaldo Caprai,750 ml,0.75,al litro,9.90,13.200,2026-09-24,2026-10-07,Prezzi corti.
esselungaaut24,Esselunga,Vino,Valpolicella Ripasso – Bertani,750 ml,0.75,al litro,11.90,15.867,2026-09-24,2026-10-07,Prezzi corti.
esselungaaut24,Esselunga,Vino,Verdicchio dei Castelli di Jesi – Pievalta,750 ml,0.75,al litro,6.89,9.187,2026-09-24,2026-10-07,"−30%, prima 9,85. Sconto Fìdaty: solo con la carta Fìdaty, senza tessera 9,85."
eurospin24,Eurospin,Affettati,Petto di pollo al forno – Fresche Fette,140 g,0.14,al kg,1.29,9.214,2026-09-24,2026-10-04,"Offerta Family: solo con la carta Eurospin Family, senza tessera 1,89. Prima 1,89. È petto di pollo cotto (un salume), non carne fresca. Solo 2% di grassi."
eurospin24,Eurospin,Asciugatutto,"Asciugatutto Extra, 2 rotoli, 3 veli, 100 strappi",2 rotoli,2,al rotolo,1.79,0.895,2026-09-24,2026-10-04,"Prima 2,49."
eurospin24,Eurospin,Asciugatutto,"Asciugatutto decorato Bluey, 2 rotoli, 2 veli, 100 strappi",2 rotoli,2,al rotolo,1.99,0.995,2026-09-24,2026-10-04,Confezione a tema Bluey.
eurospin24,Eurospin,Asciugatutto,"Rotolo Tuttofare Casa, 2 veli, 400 strappi",1 rotolo,1,al rotolo,1.69,1.690,2026-09-24,2026-10-04,"Prima 2,29."
eurospin24,Eurospin,Bibite,100% Succo Arancia Bluey,1 l,1,al litro,1.69,1.690,2026-09-24,2026-10-04,Confezione a tema Bluey.
eurospin24,Eurospin,Bibite,"Aranciata con arance siciliane, 4x330 ml",1320 ml,1.32,al litro,1.49,1.129,2026-09-24,2026-10-04,"Prima 1,79."
eurospin24,Eurospin,Bibite,"Bevande assortite ACE, 6x200 ml",1200 ml,1.2,al litro,1.29,1.075,2026-09-24,2026-10-04,"Offerta Family: solo con la carta Eurospin Family, senza tessera 1,75. Prima 1,75."
eurospin24,Eurospin,Bibite,"Cola/Cola zero, 4x330 ml",1320 ml,1.32,al litro,0.99,0.750,2026-09-24,2026-10-04,"Prima 1,39."
eurospin24,Eurospin,Bibite,Ginger,"1,5 l",1.5,al litro,0.59,0.393,2026-09-24,2026-10-04,"Prima 0,85."
eurospin24,Eurospin,Bibite,"Sete di frutta zero con arancia, carota e limone",1 l,1,al litro,0.99,0.990,2026-09-24,2026-10-04,"Prima 1,19."
eurospin24,Eurospin,Bibite,Thè alla pesca/al limone zero zucchero,"1,5 l",1.5,al litro,0.59,0.393,2026-09-24,2026-10-04,"Prima 0,79."
eurospin24,Eurospin,Birra,Birra,330 ml,0.33,al litro,0.39,1.182,2026-09-24,2026-10-04,"Prima 0,49."
eurospin24,Eurospin,Birra,Birra Lager,1 l,1,al litro,0.99,0.990,2026-09-24,2026-10-04,"Prima 1,15."
eurospin24,Eurospin,Birra,Birra Premium Strong Doppio Malto – Best Bräu,500 ml,0.5,al litro,0.65,1.300,2026-09-24,2026-10-04,"Offerta Family: solo con la carta Eurospin Family, senza tessera 0,89. Prima 0,89. 8,3% vol."
eurospin24,Eurospin,Biscotti,Frollini con grano saraceno,700 g,0.7,al kg,1.69,2.414,2026-09-24,2026-10-04,"Prima 2,19."
eurospin24,Eurospin,Burro,Burro,250 g,0.25,al kg,1.29,5.160,2026-09-24,2026-10-04,"Prima 1,89."
eurospin24,Eurospin,Caffè,Caffè Arabica 100% Qualità Oro,250 g,0.25,al kg,2.79,11.160,2026-09-24,2026-10-04,"Prima 3,69."
eurospin24,Eurospin,Caffè,"Capsule caffè assortite, 20 pz",110 g,0.11,al kg,2.89,26.273,2026-09-24,2026-10-04,Compatibili Nespresso.
eurospin24,Eurospin,Carta igienica,"Carta igienica, 4 rotoli, 2 veli, 300 strappi",4 rotoli,4,al rotolo,1.39,0.347,2026-09-24,2026-10-04,"Prima 1,79."
eurospin24,Eurospin,Carta igienica,"Carta igienica, 6 rotoli, 4 veli, 150 strappi – La Fiorita",6 rotoli,6,al rotolo,1.69,0.282,2026-09-24,2026-10-04,"Prima 2,49."
eurospin24,Eurospin,Cereali,Muesli croccante al cioccolato al latte,400 g,0.4,al kg,1.99,4.975,2026-09-24,2026-10-04,"Prima 2,69."
eurospin24,Eurospin,Conserve,"Carne in gelatina, 6x90 g",540 g,0.54,al kg,4.49,8.315,2026-09-24,2026-10-04,"Prima 5,99. Carne in scatola."
eurospin24,Eurospin,Conserve,"Cetrioli aromatizzati – Di Maggio, 670 g/sgocc. 370 g",370 g,0.37,al kg,0.99,2.676,2026-09-24,2026-10-04,"Prima 1,29. Il conto usa il peso sgocciolato."
eurospin24,Eurospin,Conserve,"Fagioli e tonno/Piselli e tonno, 2x160 g",320 g,0.32,al kg,1.69,5.281,2026-09-24,2026-10-04,"Offerta Family: solo con la carta Eurospin Family, senza tessera 2,29. Prima 2,29."
eurospin24,Eurospin,Conserve,Funghi trifolati,180 g,0.18,al kg,0.79,4.389,2026-09-24,2026-10-04,"Prima 1,09."
eurospin24,Eurospin,Conserve,Olive nere/verdi di Spagna denocciolate,150 g,0.15,al kg,0.99,6.600,2026-09-24,2026-10-04,"Prima 1,25."
eurospin24,Eurospin,Formaggio,Burrata,150 g,0.15,al kg,1.49,9.933,2026-09-24,2026-10-04,"Prima 1,89. È burrata, non mozzarella."
eurospin24,Eurospin,Formaggio,Burrata,250 g,0.25,al kg,2.69,10.760,2026-09-24,2026-10-04,"È burrata, non mozzarella."
eurospin24,Eurospin,Formaggio,Dolcetto mascarpone e gorgonzola,200 g,0.2,al kg,1.89,9.450,2026-09-24,2026-10-04,"Prima 2,49."
eurospin24,Eurospin,Formaggio,Edamer a fette,200 g,0.2,al kg,1.29,6.450,2026-09-24,2026-10-04,"Offerta Family: solo con la carta Eurospin Family, senza tessera 1,79. Prima 1,79."
eurospin24,Eurospin,Formaggio,Emmental Francese,250 g,0.25,al kg,1.85,7.400,2026-09-24,2026-10-04,"Prima 2,35."
eurospin24,Eurospin,Formaggio,Feta Greca DOP,200 g,0.2,al kg,1.79,8.950,2026-09-24,2026-10-04,"Prima 2,39."
eurospin24,Eurospin,Formaggio,Fettine al cheddar,200 g,0.2,al kg,0.99,4.950,2026-09-24,2026-10-04,"Prima 1,49."
eurospin24,Eurospin,Formaggio,Maasdammer,al kg,1,al kg,7.99,7.990,2026-09-24,2026-10-04,Al banco.
eurospin24,Eurospin,Formaggio,Pecorino Romano DOP grattugiato,100 g,0.1,al kg,1.49,14.900,2026-09-24,2026-10-04,"Prima 1,85."
eurospin24,Eurospin,Formaggio,Provolone Piccante,300 g,0.3,al kg,2.49,8.300,2026-09-24,2026-10-04,"Prima 3,29."
eurospin24,Eurospin,Formaggio,Toma Piemontese DOP,al kg,1,al kg,12.49,12.490,2026-09-24,2026-10-04,Al banco.
eurospin24,Eurospin,Frutta,Banane,al kg,1,al kg,0.85,0.850,2026-09-24,2026-10-04,
eurospin24,Eurospin,Frutta,Banane Bluey,al kg,1,al kg,1.89,1.890,2026-09-24,2026-10-04,"Confezione a tema Bluey, quantità limitata. Più care delle banane normali di pagina 1 (0,85 al kg)."
eurospin24,Eurospin,Frutta,Kiwi verdi Bluey,500 g,0.5,al kg,1.99,3.980,2026-09-24,2026-10-04,"Confezione a tema Bluey, quantità limitata."
eurospin24,Eurospin,Frutta,Limoni,1 kg,1,al kg,1.69,1.690,2026-09-24,2026-10-04,
eurospin24,Eurospin,Frutta,Mele Gala Bluey,620 g,0.62,al kg,1.29,2.081,2026-09-24,2026-10-04,"Confezione a tema Bluey, quantità limitata."
eurospin24,Eurospin,Frutta,Mirtilli Bluey,250 g,0.25,al kg,3.49,13.960,2026-09-24,2026-10-04,"Confezione a tema Bluey, quantità limitata."
eurospin24,Eurospin,Frutta,Susine Angeleno Bluey,500 g,0.5,al kg,1.99,3.980,2026-09-24,2026-10-04,"Confezione a tema Bluey, quantità limitata."
eurospin24,Eurospin,Frutta,Uva mix senza semi Bluey,500 g,0.5,al kg,2.49,4.980,2026-09-24,2026-10-04,"Confezione a tema Bluey, quantità limitata."
eurospin24,Eurospin,Gamberi,Code di mazzancolla tropicale,350 g,0.35,al kg,5.49,15.686,2026-09-24,2026-10-04,"Prima 6,99. Surgelato."
eurospin24,Eurospin,Gelato,"Big Boss al cioccolato, 3 pz",240 g,0.24,al kg,1.59,6.625,2026-09-24,2026-10-04,"Prima 1,99."
eurospin24,Eurospin,Gelato,"Coni al croccante/stracciatella, 6 pz",450 g,0.45,al kg,2.39,5.311,2026-09-24,2026-10-04,
eurospin24,Eurospin,Gelato,"Gelatini mix, 9 pz",300 g,0.3,al kg,3.19,10.633,2026-09-24,2026-10-04,"Offerta Family: solo con la carta Eurospin Family, senza tessera 3,99. Pagina «Offerte Family»: segnata solo con la carta per prudenza. Prima 3,99."
eurospin24,Eurospin,Gelato,Vaschette gelato assortite,500 g,0.5,al kg,1.99,3.980,2026-09-24,2026-10-04,"Offerta Family: solo con la carta Eurospin Family, senza tessera 2,69. Prima 2,69."
eurospin24,Eurospin,Grana,Parmigiano Reggiano DOP,300 g,0.3,al kg,4.99,16.633,2026-09-24,2026-10-04,"Prima 5,79."
eurospin24,Eurospin,Insalata,Cuori di iceberg,200 g,0.2,al kg,0.69,3.450,2026-09-24,2026-10-04,
eurospin24,Eurospin,Latte,Latte Intero UHT,1 l,1,al litro,0.75,0.750,2026-09-24,2026-10-04,"Prima 0,95."
eurospin24,Eurospin,Latte,Latte UHT parzialmente scremato vitaminizzato Bluey,1 l,1,al litro,1.19,1.190,2026-09-24,2026-10-04,Confezione a tema Bluey.
eurospin24,Eurospin,Lavatrice,"Lavatrice Classico Superbianco, 42 lavaggi",42 lavaggi,42,a lavaggio,3.29,0.078,2026-09-24,2026-10-04,"Prima 4,29."
eurospin24,Eurospin,Lavatrice,"Liquido lavatrice con agenti smacchianti/salva colore, 40 lavaggi",40 lavaggi,40,a lavaggio,2.89,0.072,2026-09-24,2026-10-04,"Prima 3,69."
eurospin24,Eurospin,Legumi,"Fagioli Borlotti, 400 g/sgocc. 240 g",240 g,0.24,al kg,0.35,1.458,2026-09-24,2026-10-04,"Prima 0,49. Il conto usa il peso sgocciolato."
eurospin24,Eurospin,Legumi,"Fagioli Red Kidney, 410 g/sgocc. 242 g",242 g,0.242,al kg,0.49,2.025,2026-09-24,2026-10-04,"Offerta Family: solo con la carta Eurospin Family, senza tessera 0,69. Pagina «Offerte Family»: segnata solo con la carta per prudenza. Prima 0,69. Il conto usa il peso sgocciolato."
eurospin24,Eurospin,Legumi,"Piselli fini, 400 g/sgocc. 270 g",270 g,0.27,al kg,0.69,2.556,2026-09-24,2026-10-04,"Prima 0,79. Il conto usa il peso sgocciolato."
eurospin24,Eurospin,Manzo,"Fettine scelte di coscia di bovino adulto, confezione famiglia",al kg,1,al kg,16.49,16.490,2026-09-24,2026-10-04,
eurospin24,Eurospin,Merendine,Crostatine albicocca/nocciole e cacao,240 g,0.24,al kg,0.99,4.125,2026-09-24,2026-10-04,"Prima 1,39."
eurospin24,Eurospin,Merendine,Trancino con crema al latte – Dolciando,270 g,0.27,al kg,1.69,6.259,2026-09-24,2026-10-04,"Offerta Family: solo con la carta Eurospin Family, senza tessera 2,39. Prima 2,39."
eurospin24,Eurospin,Merluzzo,Filetti di Merluzzo Atlantico – Ondina,1 kg,1,al kg,5.99,5.990,2026-09-24,2026-10-04,"Prima 7,49. Surgelato."
eurospin24,Eurospin,Merluzzo,Filetto di baccalà dissalato,400 g,0.4,al kg,7.75,19.375,2026-09-24,2026-10-04,Solo nei punti vendita con reparto pescheria.
eurospin24,Eurospin,Miele,Miele Millefiori,500 g,0.5,al kg,2.39,4.780,2026-09-24,2026-10-04,"Offerta Family: solo con la carta Eurospin Family, senza tessera 3,49. Prima 3,49."
eurospin24,Eurospin,Mortadella,Mortadella Bologna IGP con/senza pistacchi,al kg,1,al kg,8.99,8.990,2026-09-24,2026-10-04,Al banco.
eurospin24,Eurospin,Mozzarella,Mozzarella – Land,125 g,0.125,al kg,0.59,4.720,2026-09-24,2026-10-04,"Prima 0,85."
eurospin24,Eurospin,Olio d'oliva,Olio Extra Vergine di Oliva – La Badia,1 l,1,al litro,4.29,4.290,2026-09-24,2026-10-04,"Prima 4,99."
eurospin24,Eurospin,Olio d'oliva,Olio Extravergine non filtrato,1 l,1,al litro,4.99,4.990,2026-09-24,2026-10-04,"Prima 6,49."
eurospin24,Eurospin,Olio di semi,Prodotto per friggere,1 l,1,al litro,1.49,1.490,2026-09-24,2026-10-04,"Offerta Family: solo con la carta Eurospin Family, senza tessera 1,99. Pagina «Offerte Family»: segnata solo con la carta per prudenza. Prima 1,99."
eurospin24,Eurospin,Panati,"Fishburger di filetto di merluzzo, 2 pz",210 g,0.21,al kg,1.79,8.524,2026-09-24,2026-10-04,"Prima 2,29. Surgelato."
eurospin24,Eurospin,Panati,Fritto misto,250 g,0.25,al kg,3.99,15.960,2026-09-24,2026-10-04,Solo nei punti vendita con reparto pescheria. Misto di anelli e simili già pronto.
eurospin24,Eurospin,Pancetta,Bacon a fette,150 g,0.15,al kg,1.29,8.600,2026-09-24,2026-10-04,"Prima 1,69."
eurospin24,Eurospin,Pancetta,Pancetta coppata,100 g,0.1,al kg,2.19,21.900,2026-09-24,2026-10-04,"Offerta Family: solo con la carta Eurospin Family, senza tessera 2,69. Pagina «Offerte Family»: segnata solo con la carta per prudenza. Prima 2,69."
eurospin24,Eurospin,Pane,Cracker salati/integrali,500 g,0.5,al kg,0.99,1.980,2026-09-24,2026-10-04,"Prima 1,25."
eurospin24,Eurospin,Pane,Crostini dorati,275 g,0.275,al kg,1.59,5.782,2026-09-24,2026-10-04,"Prima 1,99."
eurospin24,Eurospin,Pane,Grissini all'olio di oliva,200 g,0.2,al kg,0.79,3.950,2026-09-24,2026-10-04,"Prima 0,99."
eurospin24,Eurospin,Pane,"Maxi burger con semi di sesamo, 4 pz",300 g,0.3,al kg,0.75,2.500,2026-09-24,2026-10-04,"Prima 0,95."
eurospin24,Eurospin,Pane,Pan Bauletto Integrale,400 g,0.4,al kg,0.79,1.975,2026-09-24,2026-10-04,"Prima 0,99."
eurospin24,Eurospin,Pane,"Pane per hamburger senza semi, 6 pz",300 g,0.3,al kg,0.79,2.633,2026-09-24,2026-10-04,"Prima 1,05."
eurospin24,Eurospin,Pane,Panetti croccanti con sesamo,300 g,0.3,al kg,2.29,7.633,2026-09-24,2026-10-04,"Offerta Family: solo con la carta Eurospin Family, senza tessera 2,69. Pagina «Offerte Family»: segnata solo con la carta per prudenza. Prima 2,69."
eurospin24,Eurospin,Pane,Piadina Romagnola IGP alla Riminese,600 g,0.6,al kg,1.29,2.150,2026-09-24,2026-10-04,"Prima 1,69."
eurospin24,Eurospin,Pasta,Lasagne al ragù,1 kg,1,al kg,3.99,3.990,2026-09-24,2026-10-04,"Prima 4,99. Piatto pronto al banco frigo, già condito col ragù: non è pasta secca."
eurospin24,Eurospin,Pasta,Pasta Tricolore Bluey,500 g,0.5,al kg,1.59,3.180,2026-09-24,2026-10-04,100% grano italiano. Confezione a tema Bluey.
eurospin24,Eurospin,Pasta,"Pasta assortita (penne, spaghetti, fusilli)",1 kg,1,al kg,0.75,0.750,2026-09-24,2026-10-04,"Prima 0,89."
eurospin24,Eurospin,Pasta,Pasta integrale trafilata al bronzo assortita,500 g,0.5,al kg,0.65,1.300,2026-09-24,2026-10-04,"Prima 0,79."
eurospin24,Eurospin,Pasta,Tortellini superfini al prosciutto crudo,500 g,0.5,al kg,1.99,3.980,2026-09-24,2026-10-04,"Prima 2,49. Pasta fresca ripiena."
eurospin24,Eurospin,Patate,Patate rustiche,"1,5 kg",1.5,al kg,2.49,1.660,2026-09-24,2026-10-04,"Prima 3,19. Surgelate."
eurospin24,Eurospin,Pesce,Tranci di pesce spada,450 g,0.45,al kg,4.99,11.089,2026-09-24,2026-10-04,"Prima 6,29. Surgelato."
eurospin24,Eurospin,Pesce,Trancio di pesce spada,170 g,0.17,al kg,4.49,26.412,2026-09-24,2026-10-04,Solo nei punti vendita con reparto pescheria.
eurospin24,Eurospin,Pizza,Pizza würstel e patatine/integrale,225 g,0.225,al kg,1.89,8.400,2026-09-24,2026-10-04,Surgelata.
eurospin24,Eurospin,Pollo,"Cosciotto di pollo, confezione famiglia",al kg,1,al kg,2.69,2.690,2026-09-24,2026-10-04,
eurospin24,Eurospin,Pomodoro,"Polpa di datterino, 2x230 g",460 g,0.46,al kg,1.19,2.587,2026-09-24,2026-10-04,"Prima 1,39."
eurospin24,Eurospin,Pomodoro,Polpa di pomodoro a pezzetti,400 g,0.4,al kg,0.39,0.975,2026-09-24,2026-10-04,"Prima 0,59."
eurospin24,Eurospin,Pomodoro,"Pomodori pelati, 800 g/sgocc. 500 g",500 g,0.5,al kg,0.75,1.500,2026-09-24,2026-10-04,"Offerta Family: solo con la carta Eurospin Family, senza tessera 1,09. Pagina «Offerte Family»: segnata solo con la carta per prudenza. Prima 1,09. Il conto usa il peso sgocciolato."
eurospin24,Eurospin,Preparati,"Burger di soia – Amo Essere Veg, 2x100 g",200 g,0.2,al kg,1.99,9.950,2026-09-24,2026-10-04,"Prima 2,59. Vegano."
eurospin24,Eurospin,Preparati,"Burgheroni gusti assortiti, 2x75 g",150 g,0.15,al kg,1.39,9.267,2026-09-24,2026-10-04,"Prima 1,79."
eurospin24,Eurospin,Preparati,Hamburger di Chianina,200 g,0.2,al kg,3.49,17.450,2026-09-24,2026-10-04,100% carne italiana.
eurospin24,Eurospin,Preparati,Hamburger di pollo,200 g,0.2,al kg,1.29,6.450,2026-09-24,2026-10-04,
eurospin24,Eurospin,Preparati,"Hamburger di suino, 4x100 g",400 g,0.4,al kg,2.49,6.225,2026-09-24,2026-10-04,
eurospin24,Eurospin,Preparati,Rotolo con spinaci,680 g,0.68,al kg,4.99,7.338,2026-09-24,2026-10-04,
eurospin24,Eurospin,Prosciutto,Prosciutto Cotto Scelto,150 g,0.15,al kg,1.19,7.933,2026-09-24,2026-10-04,"Prima 1,79."
eurospin24,Eurospin,Prosciutto,Prosciutto Crudo,100 g,0.1,al kg,1.79,17.900,2026-09-24,2026-10-04,"Offerta Family: solo con la carta Eurospin Family, senza tessera 2,49. Prima 2,49."
eurospin24,Eurospin,Prosciutto,Prosciutto cotto alta qualità,al kg,1,al kg,12.99,12.990,2026-09-24,2026-10-04,Al banco.
eurospin24,Eurospin,Prosciutto,Speck Alto Adige IGP,100 g,0.1,al kg,1.45,14.500,2026-09-24,2026-10-04,"Prima 1,85."
eurospin24,Eurospin,Riso,Riso Arborio,1 kg,1,al kg,1.99,1.990,2026-09-24,2026-10-04,"Prima 2,79."
eurospin24,Eurospin,Riso,Riso Ribe Parboiled per insalate,1 kg,1,al kg,1.49,1.490,2026-09-24,2026-10-04,"Prima 1,85."
eurospin24,Eurospin,Salame,Coppa stagionata nostrana,100 g,0.1,al kg,2.39,23.900,2026-09-24,2026-10-04,"Prima 2,99. Capocollo stagionato, carne italiana."
eurospin24,Eurospin,Salame,Salame Milano,al kg,1,al kg,12.99,12.990,2026-09-24,2026-10-04,Al banco. Carne italiana.
eurospin24,Eurospin,Salame,Salame Nostrano,100 g,0.1,al kg,2.19,21.900,2026-09-24,2026-10-04,"Offerta Family: solo con la carta Eurospin Family, senza tessera 2,59. Pagina «Offerte Family»: segnata solo con la carta per prudenza. Prima 2,59. Carne italiana."
eurospin24,Eurospin,Salame,Spianata piccante calabrese,100 g,0.1,al kg,1.99,19.900,2026-09-24,2026-10-04,"Prima 2,49. Carne italiana."
eurospin24,Eurospin,Salmone,"Filetti di salmone Norvegese, 2 pz",250 g,0.25,al kg,4.85,19.400,2026-09-24,2026-10-04,"Offerta Family: solo con la carta Eurospin Family, senza tessera 6,49. Prima 6,49. Surgelato."
eurospin24,Eurospin,Salmone affumicato,Salmone Norvegese Affumicato,150 g,0.15,al kg,2.99,19.933,2026-09-24,2026-10-04,"Prima 3,99."
eurospin24,Eurospin,Salsiccia,Luganega di suino,al kg,1,al kg,6.99,6.990,2026-09-24,2026-10-04,
eurospin24,Eurospin,Salsiccia,Salsiccia Napoli piccante,320 g,0.32,al kg,2.29,7.156,2026-09-24,2026-10-04,"Prima 2,79."
eurospin24,Eurospin,Sughi,Sugo alla salsiccia/Ragù con funghi e salsiccia,400 g,0.4,al kg,1.19,2.975,2026-09-24,2026-10-04,"Prima 1,59."
eurospin24,Eurospin,Sughi,Sugo alle vongole,350 g,0.35,al kg,2.19,6.257,2026-09-24,2026-10-04,"Prima 2,79. Surgelato."
eurospin24,Eurospin,Suino,"Braciole di lombo di suino, confezione famiglia",al kg,1,al kg,5.49,5.490,2026-09-24,2026-10-04,
eurospin24,Eurospin,Tonno,Tonno all'olio d'oliva,160 g,0.16,al kg,1.19,7.437,2026-09-24,2026-10-04,"Prima 1,69."
eurospin24,Eurospin,Verdura,Cipolle bianche,1 kg,1,al kg,0.99,0.990,2026-09-24,2026-10-04,
eurospin24,Eurospin,Verdura,Funghi champignon,500 g,0.5,al kg,1.49,2.980,2026-09-24,2026-10-04,
eurospin24,Eurospin,Verdura,Melanzane,al kg,1,al kg,1.29,1.290,2026-09-24,2026-10-04,
eurospin24,Eurospin,Verdura,Pomodoro ciliegino,500 g,0.5,al kg,1.29,2.580,2026-09-24,2026-10-04,
eurospin24,Eurospin,Verdure surgelate,Funghi porcini a cubetti,300 g,0.3,al kg,2.69,8.967,2026-09-24,2026-10-04,"Prima 3,29. Surgelato."
eurospin24,Eurospin,Verdure surgelate,Spinaci a cubetti,600 g,0.6,al kg,0.95,1.583,2026-09-24,2026-10-04,"Prima 1,19. Surgelato."
eurospin24,Eurospin,Vino,Pecorino/Passerina IGT,750 ml,0.75,al litro,1.99,2.653,2026-09-24,2026-10-04,"Prima 2,99."
eurospin24,Eurospin,Vino,Primitivo Salento IGP,750 ml,0.75,al litro,1.89,2.520,2026-09-24,2026-10-04,"Prima 2,55."
eurospin24,Eurospin,Vino,Prosecco DOC Frizzante,750 ml,0.75,al litro,2.79,3.720,2026-09-24,2026-10-04,"Prima 3,89."
eurospin24,Eurospin,Vino,Vermentino di Gallura DOCG,750 ml,0.75,al litro,2.99,3.987,2026-09-24,2026-10-04,"Prima 3,85."
eurospin24,Eurospin,Vino,Vino Rosato/Bianco,1 l,1,al litro,0.89,0.890,2026-09-24,2026-10-04,"Prima 1,09."
eurospin24,Eurospin,Vitello,Fettine scelte di vitello,al kg,1,al kg,18.99,18.990,2026-09-24,2026-10-04,
eurospin24,Eurospin,Würstel,Würstel con pollo e tacchino,1 kg,1,al kg,1.99,1.990,2026-09-24,2026-10-04,"Prima 2,59."
eurospin24,Eurospin,Yogurt,"Bifidus fibre alla frutta e cereali, 8x125 g",1 kg,1,al kg,2.09,2.090,2026-09-24,2026-10-04,"Prima 2,95."
eurospin24,Eurospin,Yogurt,Yogurt Cremoso Extra alla vaniglia/bianco,150 g,0.15,al kg,0.55,3.667,2026-09-24,2026-10-04,"Offerta Family: solo con la carta Eurospin Family, senza tessera 0,75. Prima 0,75."
ipercoop24,Ipercoop,Acqua,Acqua naturale – Levissima,"1,5 litri",1.5,al litro,0.31,0.207,2026-09-24,2026-10-07,"Solo per i soci Coop. Il volantino stampa 0,21 al litro."
ipercoop24,Ipercoop,Ammorbidente,"Ammorbidente concentrato – Coccolino, tipi vari","2 × 1,827 litri, 174 lavaggi (1+1)",174,a lavaggio,6.99,0.040,2026-09-24,2026-10-07,"È un 1+1: si pagano 6,99 e se ne portano via due. Un flacone solo costa 6,99 e fa 87 lavaggi. Il volantino stampa 1,92 al litro."
ipercoop24,Ipercoop,Asciugatutto,"Asciugatutto Tuttofare – Scottex, double face decorato",6 rotoli,6,al rotolo,6.19,1.032,2026-09-24,2026-10-07,Bollino «Conviene».
ipercoop24,Ipercoop,Asciugatutto,"Carta casa Limone – Nicky, 2 veli, 100 strappi",6 rotoli,6,al rotolo,5.99,0.998,2026-09-24,2026-10-07,Bollino «Conviene».
ipercoop24,Ipercoop,Asciugatutto,"Rotolone carta – Birillo, 500 strappi",1 rotolone,1,al rotolo,3.60,3.600,2026-09-24,2026-10-07,"Sconto del 20%: prima 4,50. È un rotolone da 500 strappi, cioè quanto cinque rotoli normali: il prezzo al rotolo non si confronta con le confezioni da sei."
ipercoop24,Ipercoop,Bagnoschiuma,"Bagnodoccia Neutro – Roberts, varie profumazioni",450 ml,0.45,al litro,1.69,3.756,2026-09-24,2026-10-07,"Bollino «Conviene». Il volantino stampa 3,76 al litro."
ipercoop24,Ipercoop,Bagnoschiuma,"Bagnodoccia – Spuma di Sciampagna, varie profumazioni",2 × 650 ml (1+1),1.3,al litro,2.79,2.146,2026-09-24,2026-10-07,"È un 1+1: si pagano 2,79 e se ne portano via due. Un flacone solo costa 2,79. Il volantino stampa 2,15 al litro."
ipercoop24,Ipercoop,Bagnoschiuma,"Bagnoschiuma o sapone liquido – Mil Mil, ecoricarica",2 litri,2,al litro,2.49,1.245,2026-09-24,2026-10-07,"Bollino «Conviene». È la ricarica, non il flacone. Il volantino stampa 1,25 al litro."
ipercoop24,Ipercoop,Bagnoschiuma,"Sapone liquido – Felce Azzurra, varie profumazioni",300 ml,0.3,al litro,1.42,4.733,2026-09-24,2026-10-07,"Prezzo di un flacone solo (4,73 al litro). Comprandone due 2,26 (1,13 l'uno), tre 2,97 (0,99 l'uno, cioè 3,30 al litro)."
ipercoop24,Ipercoop,Bagnoschiuma,"Sapone liquido – Vidal, ecoricarica, profumazioni varie","1,2 litri",1.2,al litro,1.79,1.492,2026-09-24,2026-10-07,"Bollino «Conviene». È la ricarica, non il flacone. Il volantino stampa 1,49 al litro."
ipercoop24,Ipercoop,Bibite,Classica o zero – Pepsi,2 litri,2,al litro,1.39,0.695,2026-09-24,2026-10-07,"Bollino «Conviene». Il volantino stampa 0,70 al litro."
ipercoop24,Ipercoop,Bibite,"Fuze Tea, gusti vari, con o senza zucchero","1,25 litri",1.25,al litro,1.05,0.840,2026-09-24,2026-10-07,"Solo per i soci Coop. Il volantino stampa 0,84 al litro."
ipercoop24,Ipercoop,Bibite,"Mini – Fuze Tea, limone o pesca",1 litro (4 × 250 ml),1,al litro,1.99,1.990,2026-09-24,2026-10-07,Solo per i soci Coop.
ipercoop24,Ipercoop,Bibite,Original o zero – Coca Cola,"6 litri (4 × 1,5 l)",6,al litro,4.99,0.832,2026-09-24,2026-10-07,"Solo per i soci Coop. Il volantino stampa 0,83 al litro."
ipercoop24,Ipercoop,Bibite,"Powerade, gusti vari",500 ml,0.5,al litro,0.89,1.780,2026-09-24,2026-10-07,"Solo per i soci Coop. Il volantino stampa 1,78 al litro."
ipercoop24,Ipercoop,Bibite,"Tonic water – Kinley, gusti vari",1 litro,1,al litro,0.89,0.890,2026-09-24,2026-10-07,Solo per i soci Coop.
ipercoop24,Ipercoop,Birra,Birra anima sarda – Ichnusa,660 ml,0.66,al litro,0.95,1.439,2026-09-24,2026-10-07,"Bollino «Conviene». Il volantino stampa 1,44 al litro."
ipercoop24,Ipercoop,Birra,"Birra – Beck's, lattina",440 ml,0.44,al litro,0.89,2.023,2026-09-24,2026-10-07,"Sconto soci del 40%: senza tessera 1,49, cioè 3,39 al litro. Il volantino stampa 2,03 al litro."
ipercoop24,Ipercoop,Birra,Birra – Bud,990 ml (3 × 330 ml),0.99,al litro,2.29,2.313,2026-09-24,2026-10-07,"Bollino «Conviene». Il volantino stampa 2,31 al litro."
ipercoop24,Ipercoop,Biscotti,Biscotti Oro 5 cereali – Saiwa,420 g,0.42,al kg,1.79,4.262,2026-09-24,2026-10-07,"Bollino «Conviene». Il volantino stampa 4,26 al kg."
ipercoop24,Ipercoop,Biscotti,"Biscotti – Artebianca, tipi vari",400 g,0.4,al kg,2.29,5.725,2026-09-24,2026-10-07,"Solo per i soci Coop. Il volantino stampa 5,73 al kg."
ipercoop24,Ipercoop,Biscotti,Biscotto Salute classico o integrale – Monviso,500 g,0.5,al kg,3.09,6.180,2026-09-24,2026-10-07,"Bollino «Conviene». Il volantino stampa 6,18 al kg."
ipercoop24,Ipercoop,Biscotti,"Frollini Gran Dispensa – Colussi, tipi vari",2 × 565 g (1+1),1.13,al kg,3.49,3.088,2026-09-24,2026-10-07,"È un 1+1: si pagano 3,49 e se ne portano via due. Una confezione sola costa 3,49. Il volantino stampa 3,09 al kg."
ipercoop24,Ipercoop,Biscotti,Pasticceria secca mista Alle Cascine,400 g,0.4,al kg,4.79,11.975,2026-09-24,2026-10-07,"Solo per i soci Coop. Il volantino stampa 11,98 al kg."
ipercoop24,Ipercoop,Bresaola,"Bresaola della Valtellina I.G.P. – Rigamonti, bipacco",180 g (2 × 90 g),0.18,al kg,6.57,36.500,2026-09-24,2026-10-07,"Sconto del 40%: prima 10,95, cioè 60,84 al kg. Il volantino stampa 36,50 al kg."
ipercoop24,Ipercoop,Caffè,Caffè Aroma Napoli – Kimbo,750 g (3 × 250 g),0.75,al kg,11.90,15.867,2026-09-24,2026-10-07,"Bollino «Conviene». Il volantino stampa 15,87 al kg."
ipercoop24,Ipercoop,Caffè,Caffè Oro – Lavazza,500 g (2 × 250 g),0.5,al kg,11.99,23.980,2026-09-24,2026-10-07,"Solo per i soci Coop. Il volantino stampa 23,98 al kg."
ipercoop24,Ipercoop,Carta igienica,"Carta igienica Cartacamomilla – Regina, 3 veli, 300 strappi",6 rotoli,6,al rotolo,3.99,0.665,2026-09-24,2026-10-07,Solo per i soci Coop.
ipercoop24,Ipercoop,Carta igienica,"Carta igienica Maxi Comfort – Tempo, 2 veli",12 maxi rotoli,12,al rotolo,6.59,0.549,2026-09-24,2026-10-07,"Sconto del 40%: prima 10,99. Sono maxi rotoli, più lunghi dei normali."
ipercoop24,Ipercoop,Cereali,"Granola Fitness – Nestlé, cioccolato o avena",300 g,0.3,al kg,1.53,5.100,2026-09-24,2026-10-07,"Sconto soci del 40%: senza tessera 2,55, cioè 8,50 al kg. Il volantino stampa 5,10 al kg."
ipercoop24,Ipercoop,Cioccolato,"KitKat, gusti vari","124,5 g",0.1245,al kg,1.99,15.984,2026-09-24,2026-10-07,"Bollino «Conviene». Il volantino stampa 15,98 al kg."
ipercoop24,Ipercoop,Creme,"Crema spalmabile CremaNovi, barattolo",350 g,0.35,al kg,5.99,17.114,2026-09-24,2026-10-07,"Bollino «Conviene». Il volantino stampa 17,11 al kg."
ipercoop24,Ipercoop,Dentifricio,Dentifricio P white system o microgranuli – Mentadent,4 × 75 ml (1+1 da due),0.3,al litro,4.85,16.167,2026-09-24,2026-10-07,"È un 1+1: si pagano 4,85 e si portano via due confezioni da due tubetti. Una confezione sola costa 4,85. Il volantino stampa 16,17 al litro."
ipercoop24,Ipercoop,Dentifricio,Dentifricio protezione carie – Coop,125 ml,0.125,al litro,0.99,7.920,2026-09-24,2026-10-07,"Il volantino stampa 7,92 al litro."
ipercoop24,Ipercoop,Dentifricio,Dentifricio tripla protezione – Aquafresh,450 ml (6 × 75 ml),0.45,al litro,4.79,10.644,2026-09-24,2026-10-07,"Bollino «Conviene». Il volantino stampa 10,64 al litro."
ipercoop24,Ipercoop,Formaggio,"Asiago D.O.P. Cheestà, circa 350 g, al banco",all'etto (100 g),0.1,al kg,1.50,15.000,2026-09-24,2026-10-07,"Sconto del 20%: prima 1,89 all'etto, cioè 18,90 al kg. Il volantino stampa 15,00 al kg."
ipercoop24,Ipercoop,Formaggio,"Brie – Paysan Breton, al banco",all'etto (100 g),0.1,al kg,0.99,9.900,2026-09-24,2026-10-07,"Bollino «Conviene». Il volantino stampa 9,90 al kg."
ipercoop24,Ipercoop,Formaggio,"Caciocavallo Silano D.O.P., al banco",all'etto (100 g),0.1,al kg,1.69,16.900,2026-09-24,2026-10-07,"Bollino «Conviene». Il volantino stampa 16,90 al kg."
ipercoop24,Ipercoop,Formaggio,"Caciotta di Amatrice, al banco",all'etto (100 g),0.1,al kg,1.75,17.500,2026-09-24,2026-10-07,"Bollino «Conviene». Il volantino stampa 17,50 al kg."
ipercoop24,Ipercoop,Formaggio,Camoscio d'Oro,200 g,0.2,al kg,2.29,11.450,2026-09-24,2026-10-07,"Bollino «Conviene». Il volantino stampa 11,45 al kg."
ipercoop24,Ipercoop,Formaggio,"Camoscio d'Oro, al banco",all'etto (100 g),0.1,al kg,1.29,12.900,2026-09-24,2026-10-07,"Bollino «Conviene». È il banco taglio: la confezione da 200 g è a 2,29 (11,45 al kg). Il volantino stampa 12,90 al kg."
ipercoop24,Ipercoop,Formaggio,"Fiocchi di latte Santa Lucia – Galbani, formato scorta",360 g (2 × 180 g),0.36,al kg,2.49,6.917,2026-09-24,2026-10-07,"Bollino «Conviene». Il volantino stampa 6,92 al kg."
ipercoop24,Ipercoop,Formaggio,"Formaggio La Scimuda, al banco",all'etto (100 g),0.1,al kg,1.19,11.900,2026-09-24,2026-10-07,"Bollino «Conviene». Il volantino stampa 11,90 al kg."
ipercoop24,Ipercoop,Formaggio,"Gorgonzola D.O.P., circa 200 g, al banco",all'etto (100 g),0.1,al kg,1.09,10.900,2026-09-24,2026-10-07,"Sconto soci del 15%: senza tessera 1,29 all'etto, cioè 12,90 al kg. Il volantino stampa 10,90 al kg."
ipercoop24,Ipercoop,Formaggio,"Pecorino Toscano D.O.P. – Fior Fiore, al banco",all'etto (100 g),0.1,al kg,1.90,19.000,2026-09-24,2026-10-07,"Sconto soci del 20%: senza tessera 2,39 all'etto, cioè 23,90 al kg. Il volantino stampa 19,00 al kg."
ipercoop24,Ipercoop,Formaggio,"Scamorza bianca o affumicata, circa 340 g, al banco",all'etto (100 g),0.1,al kg,1.29,12.900,2026-09-24,2026-10-07,"Bollino «Conviene». Il volantino stampa 12,90 al kg."
ipercoop24,Ipercoop,Formaggio,Stracchino alta qualità – Granarolo,320 g,0.32,al kg,2.98,9.312,2026-09-24,2026-10-07,"Bollino «Conviene». Il volantino stampa 9,31 al kg."
ipercoop24,Ipercoop,Frutta,Mele Melannurca campana I.G.P.,al kg,1,al kg,2.48,2.480,2026-09-24,2026-10-07,Bollino «Conviene».
ipercoop24,Ipercoop,Frutta,Mele SweeTango – Fior Fiore,850 g,0.85,al kg,1.78,2.094,2026-09-24,2026-10-07,"Con meno del 70% di residui di pesticidi rispetto ai limiti di legge. Il volantino stampa 2,09 al kg."
ipercoop24,Ipercoop,Frutta,Pere Santa Maria,al kg,1,al kg,2.28,2.280,2026-09-24,2026-10-07,Bollino «Conviene».
ipercoop24,Ipercoop,Frutta,Uva bianca senza semi – Fior Fiore,1 kg,1,al kg,3.28,3.280,2026-09-24,2026-10-07,Bollino «Conviene».
ipercoop24,Ipercoop,Gamberi,"Gamberi argentini Grand Krust, surgelati",400 g,0.4,al kg,6.90,17.250,2026-09-24,2026-10-07,"Bollino «Conviene». Il volantino stampa 17,25 al kg."
ipercoop24,Ipercoop,Gelato,"Gelato Cornetto Soft – Algida, 4 pezzi, formati vari",324 g (cookies & chocolate),0.324,al kg,2.79,8.611,2026-09-24,2026-10-07,"Solo per i soci Coop. Il conto è sul formato cookies & chocolate da 324 g. Il volantino stampa 8,61 al kg."
ipercoop24,Ipercoop,Grana,"Grana Padano D.O.P. – Virgilio, fresco",700 g,0.7,al kg,10.90,15.571,2026-09-24,2026-10-07,"Bollino «Conviene». Il volantino stampa 15,57 al kg."
ipercoop24,Ipercoop,Latte,Latte UHT Alta Digeribilità – Candia,1 litro,1,al litro,1.19,1.190,2026-09-24,2026-10-07,Bollino «Conviene».
ipercoop24,Ipercoop,Latte,Latte UHT parzialmente scremato – Arborea,1 litro,1,al litro,1.39,1.390,2026-09-24,2026-10-07,"Prezzo di una confezione sola. Comprandone due 1,94 (0,97 l'una), tre 2,49 (0,83 l'una). Dal quarto pezzo in poi si paga il prezzo più basso."
ipercoop24,Ipercoop,Lavastoviglie,"Detersivo per lavastoviglie 5 in 1 – Pril, caps","1,004 kg, 54 lavaggi",54,a lavaggio,10.90,0.202,2026-09-24,2026-10-07,"Solo per i soci Coop. Il volantino stampa 10,86 al kg."
ipercoop24,Ipercoop,Lavastoviglie,"Detersivo per lavastoviglie gel All in One – Pril, limone","1,872 litri, 2 × 52 lavaggi",104,a lavaggio,9.95,0.096,2026-09-24,2026-10-07,"Bollino «Conviene». Il volantino stampa 5,32 al litro."
ipercoop24,Ipercoop,Lavatrice,Detersivo liquido per lavatrice classico – Dash,"3,105 litri, 3 × 23 lavaggi",69,a lavaggio,11.85,0.172,2026-09-24,2026-10-07,"Sconto del 50%: prima 23,70. Offerta limitata. Il volantino stampa 3,82 al litro."
ipercoop24,Ipercoop,Lavatrice,Detersivo per lavatrice in polvere Dash+ Power,"4,15 kg, 83 misurini",83,a lavaggio,16.74,0.202,2026-09-24,2026-10-07,"Sconto del 50%: prima 33,48, cioè 8,07 al kg. Offerta limitata. Il volantino stampa 4,03 al kg."
ipercoop24,Ipercoop,Lavatrice,Detersivo per lavatrice liquido concentrato Pods – Dash,"1,086 kg, 60 lavaggi",60,a lavaggio,13.65,0.228,2026-09-24,2026-10-07,"Sconto del 40%: prima 22,75, cioè 20,95 al kg. Offerta limitata. Il volantino stampa 12,57 al kg."
ipercoop24,Ipercoop,Lavatrice,"Detersivo per lavatrice – Coccolino, tipi vari","2 × 1,48 litri, 74 lavaggi",74,a lavaggio,11.90,0.161,2026-09-24,2026-10-07,"Bollino «Conviene». Il volantino stampa 4,02 al litro."
ipercoop24,Ipercoop,Manzo,Macinato di bovino adulto razza piemontese – Fior Fiore,400 g,0.4,al kg,6.38,15.950,2026-09-24,2026-10-07,"Sconto soci del 20%: senza tessera 7,98, cioè 19,95 al kg. Il volantino stampa 15,95 al kg."
ipercoop24,Ipercoop,Marmellata,Composta di frutta zero zuccheri – Zuegg,230 g,0.23,al kg,2.39,10.391,2026-09-24,2026-10-07,"Solo per i soci Coop. Il volantino stampa 10,39 al kg."
ipercoop24,Ipercoop,Merendine,"Choco Wafer – Milka, gusti vari",180 g,0.18,al kg,1.99,11.056,2026-09-24,2026-10-07,"Bollino «Conviene». Il volantino stampa 11,06 al kg."
ipercoop24,Ipercoop,Merendine,Croissant classico – Melegatti,240 g,0.24,al kg,0.99,4.125,2026-09-24,2026-10-07,"Bollino «Conviene». Il volantino stampa 4,13 al kg."
ipercoop24,Ipercoop,Merendine,"Dessert Cake Pops – Bontà Divina, limone o cacao",84 g (3 × 28 g),0.084,al kg,1.99,23.690,2026-09-24,2026-10-07,"Bollino «Conviene». Il conto è sui 3 × 28 g scritti sulla confezione: il volantino stampa 23,27 al kg."
ipercoop24,Ipercoop,Merendine,"Pandorì classico o farcito – Bauli, formati vari",150 g (classico),0.15,al kg,1.79,11.933,2026-09-24,2026-10-07,"Bollino «Conviene». Il conto è sul formato classico da 150 g. Il volantino stampa 11,93 al kg."
ipercoop24,Ipercoop,Merendine,Sfogliatella riccia,54 g,0.054,al kg,0.45,8.333,2026-09-24,2026-10-07,"Bollino «Conviene». Il volantino stampa 8,33 al kg."
ipercoop24,Ipercoop,Merendine,Sogno al cioccolato e albicocca,90 g,0.09,al kg,0.85,9.444,2026-09-24,2026-10-07,"Bollino «Conviene». Il volantino stampa 9,44 al kg."
ipercoop24,Ipercoop,Merluzzo,Filetto di baccalà bagnato,al kg,1,al kg,19.42,19.420,2026-09-24,2026-10-07,"Sconto soci del 25%: senza tessera 25,90 al kg. È già bagnato, pronto da cucinare."
ipercoop24,Ipercoop,Mozzarella,Burrata di bufala – Garofalo,125 g,0.125,al kg,1.49,11.920,2026-09-24,2026-10-07,"Bollino «Conviene». È burrata, non mozzarella. Il volantino stampa 11,92 al kg."
ipercoop24,Ipercoop,Mozzarella,Mozzarella Latte Fieno – Brimi,3 × 100 g,0.3,al kg,4.29,14.300,2026-09-24,2026-10-07,"Prezzo di una confezione sola (14,30 al kg). Comprandone due 6,00 (3,00 l'una), tre 7,71 (2,57 l'una, cioè 8,57 al kg). Dal quarto pezzo in poi si paga il prezzo più basso."
ipercoop24,Ipercoop,Mozzarella,Mozzarella di bufala campana D.O.P.,500 g,0.5,al kg,5.99,11.980,2026-09-24,2026-10-07,"Bollino «Conviene». Il volantino stampa 11,98 al kg."
ipercoop24,Ipercoop,Mozzarella,Mozzarella di bufala campana D.O.P. – Sorì,300 g (3 × 100 g),0.3,al kg,3.49,11.633,2026-09-24,2026-10-07,"Bollino «Conviene». Il volantino stampa 11,63 al kg."
ipercoop24,Ipercoop,Mozzarella,Mozzarella fior di latte – Vallelata,375 g (3 × 125 g),0.375,al kg,3.09,8.240,2026-09-24,2026-10-07,"Bollino «Conviene». Il volantino stampa 8,24 al kg."
ipercoop24,Ipercoop,Mozzarella,"Mozzarella – Gioiella, 100% latte italiano",500 g,0.5,al kg,3.99,7.980,2026-09-24,2026-10-07,"Sconto del 30%: prima 5,79, cioè 11,58 al kg. Il volantino stampa 7,98 al kg."
ipercoop24,Ipercoop,Olio d'oliva,Olio extra vergine di oliva Classico – Zucchi,2 × 1 litro (1+1),2,al litro,9.90,4.950,2026-09-24,2026-10-07,"È un 1+1: si pagano 9,90 e se ne portano via due. Una bottiglia sola costa 9,90. Il volantino stampa 4,95 al litro."
ipercoop24,Ipercoop,Olio d'oliva,Olio extra vergine di oliva grezzo naturale Il Casolare – Farchioni,1 litro,1,al litro,8.19,8.190,2026-09-24,2026-10-07,Solo per i soci Coop.
ipercoop24,Ipercoop,Panati,"Croccole di merluzzo – Capitan Findus, 2 pezzi",216 g,0.216,al kg,2.79,12.917,2026-09-24,2026-10-07,"Solo per i soci Coop. Sono impanate, non filetto nudo. Il volantino stampa 12,92 al kg."
ipercoop24,Ipercoop,Panati,"Fiori di merluzzo d'Alaska – Capitan Findus, 10 pezzi",500 g,0.5,al kg,7.69,15.380,2026-09-24,2026-10-07,"Solo per i soci Coop. Il volantino stampa 15,38 al kg."
ipercoop24,Ipercoop,Pancetta,"Guanciale stagionato – Gardani, 2 fette",200 g,0.2,al kg,3.13,15.650,2026-09-24,2026-10-07,"Sconto soci del 30%: senza tessera 4,49, cioè 22,45 al kg. È guanciale, non pancetta. Il volantino stampa 15,65 al kg."
ipercoop24,Ipercoop,Pancetta,"Pancetta a cubetti – Tulip, dolce o affumicata",100 g,0.1,al kg,1.13,11.300,2026-09-24,2026-10-07,"Sconto del 40%: prima 1,89, cioè 18,90 al kg. Il volantino stampa 11,30 al kg."
ipercoop24,Ipercoop,Pane,"Filone Pan Premium, fibre mais e sesamo",300 g,0.3,al kg,1.99,6.633,2026-09-24,2026-10-07,"Bollino «Conviene». Il volantino stampa 6,63 al kg."
ipercoop24,Ipercoop,Pane,Mini pinsa Alimenta,300 g,0.3,al kg,2.39,7.967,2026-09-24,2026-10-07,"Bollino «Conviene». Il volantino stampa 7,97 al kg."
ipercoop24,Ipercoop,Pane,Piadina Sfogliatissima all'olio – Loriana,2 × 350 g (1+1),0.7,al kg,2.59,3.700,2026-09-24,2026-10-07,"È un 1+1: si pagano 2,59 e se ne portano via due. Una confezione sola costa 2,59. Il volantino stampa 3,70 al kg."
ipercoop24,Ipercoop,Pane,"Pinsa romana – Di Marco, multicereali",230 g,0.23,al kg,1.95,8.478,2026-09-24,2026-10-07,"Bollino «Conviene». Il volantino stampa 8,48 al kg."
ipercoop24,Ipercoop,Pane,Puccia salentina,230 g,0.23,al kg,1.10,4.783,2026-09-24,2026-10-07,"Bollino «Conviene». Il volantino stampa 4,78 al kg."
ipercoop24,Ipercoop,Pasta,"Pasta all'uovo La Pasta di Camerino, formati vari",250 g,0.25,al kg,1.32,5.280,2026-09-24,2026-10-07,"Sconto soci del 30%: senza tessera 1,89, cioè 7,56 al kg. Il volantino stampa 5,28 al kg."
ipercoop24,Ipercoop,Pasta,"Pasta di semola – Casa Milo, formati vari",500 g,0.5,al kg,0.98,1.960,2026-09-24,2026-10-07,"Sconto del 30%: prima 1,40, cioè 2,80 al kg. Il volantino stampa 1,96 al kg."
ipercoop24,Ipercoop,Pasta,"Pasta di semola – Voiello, formati vari",500 g,0.5,al kg,0.89,1.780,2026-09-24,2026-10-07,"Solo per i soci Coop. Il volantino stampa 1,78 al kg."
ipercoop24,Ipercoop,Pasta,"Ravioli ripieni Gusto e Benessere – Casa Buratti, gusti vari",250 g,0.25,al kg,1.99,7.960,2026-09-24,2026-10-07,"Solo per i soci Coop. È pasta fresca ripiena. Il volantino stampa 7,96 al kg."
ipercoop24,Ipercoop,Pasta,"Ravioli ripieni – Casa Buratti, gusti vari",250 g,0.25,al kg,2.27,9.080,2026-09-24,2026-10-07,"Sconto del 30%: prima 3,25, cioè 13,00 al kg. È pasta fresca ripiena. Il volantino stampa 9,08 al kg."
ipercoop24,Ipercoop,Pasta,"Spätzle Valsugana Sapori, verdi o tricolore",500 g,0.5,al kg,2.93,5.860,2026-09-24,2026-10-07,"Sconto soci del 30%: senza tessera 4,19, cioè 8,38 al kg. È pasta fresca. Il volantino stampa 5,86 al kg."
ipercoop24,Ipercoop,Pasta,Tortellini – Gastronomia Piccinini,250 g,0.25,al kg,3.63,14.520,2026-09-24,2026-10-07,"Sconto del 30%: prima 5,19, cioè 20,76 al kg. È pasta fresca ripiena. Il volantino stampa 14,52 al kg."
ipercoop24,Ipercoop,Patate,"Le Patatine Original – McCain, surgelate","1,04 kg",1.04,al kg,2.29,2.202,2026-09-24,2026-10-07,"Solo per i soci Coop. Sono patatine fritte surgelate, non patate fresche. Il volantino stampa 2,20 al kg."
ipercoop24,Ipercoop,Pesce,Branzino allevato – Cromaris,al kg,1,al kg,12.67,12.670,2026-09-24,2026-10-07,"Sconto soci del 25%: senza tessera 16,90 al kg."
ipercoop24,Ipercoop,Pizza,"Pizza Ristorante – Cameo, gusti e formati vari",320 g (al salame),0.32,al kg,2.39,7.469,2026-09-24,2026-10-07,"Bollino «Conviene». Il conto è sul formato al salame da 320 g. Il volantino stampa 7,47 al kg."
ipercoop24,Ipercoop,Pollo,Bocconcini di petto di pollo – SQ Coop,400 g,0.4,al kg,3.96,9.900,2026-09-24,2026-10-07,"Sconto soci del 25%: senza tessera 5,28, cioè 13,20 al kg. Il volantino stampa 9,90 al kg."
ipercoop24,Ipercoop,Pollo,Petto di pollo a fette – AIA,al kg,1,al kg,11.06,11.060,2026-09-24,2026-10-07,"Sconto del 30%: prima 15,81 al kg."
ipercoop24,Ipercoop,Pomodoro,"Passata di pomodoro bio – Masseria Mosti, bottiglia",680 g,0.68,al kg,1.88,2.765,2026-09-24,2026-10-07,"Sconto del 30%: prima 2,69, cioè 3,96 al kg. Il volantino stampa 2,76 al kg."
ipercoop24,Ipercoop,Pomodoro,Passata rustica – Cirio,2 × 680 g (1+1),1.36,al kg,1.69,1.243,2026-09-24,2026-10-07,"È un 1+1: si pagano 1,69 e se ne portano via due. Una confezione sola costa 2,49. Il volantino stampa 1,25 al kg."
ipercoop24,Ipercoop,Pomodoro,Passata siciliana con Piccadilly – Agromonte,660 g,0.66,al kg,0.99,1.500,2026-09-24,2026-10-07,"Sconto del 50%: prima 1,99. Il volantino stampa 1,50 al kg."
ipercoop24,Ipercoop,Pomodoro,"Polpa di pomodoro bio – Masseria Mosti, bottiglia",500 g,0.5,al kg,1.88,3.760,2026-09-24,2026-10-07,"Sconto del 30%: prima 2,69, cioè 5,38 al kg. Il volantino stampa 3,76 al kg."
ipercoop24,Ipercoop,Preparati,Hamburger di chianina – Linea You&Meat,200 g,0.2,al kg,4.49,22.450,2026-09-24,2026-10-07,"Bollino «Conviene». Il volantino stampa 22,45 al kg. Ci sono anche altri tipi allo stesso prezzo."
ipercoop24,Ipercoop,Preparati,Hamburgerini di scottona – Fior Fiore,240 g,0.24,al kg,6.28,26.167,2026-09-24,2026-10-07,"Prezzo di una confezione sola (26,17 al kg). Comprandone due 10,04 (5,02 l'una), tre 13,17 (4,39 l'una, cioè 18,29 al kg). Dal quarto pezzo in poi si paga il prezzo più basso; massimo 12 pezzi per scontrino."
ipercoop24,Ipercoop,Preparati,Linea Bombette pugliesi – Zì Marì,280 g,0.28,al kg,4.49,16.036,2026-09-24,2026-10-07,"Bollino «Conviene». Sono involtini di suino da cuocere. Il volantino stampa 16,04 al kg."
ipercoop24,Ipercoop,Preparati,"Linea Bon Roll di tacchino – AIA, vari gusti",680 g,0.68,al kg,6.99,10.279,2026-09-24,2026-10-07,"Bollino «Conviene». Il volantino stampa 10,28 al kg."
ipercoop24,Ipercoop,Preparati,"Linea Fidatissimi – Amadori, tipi e formati vari",600 g (cotoletta),0.6,al kg,5.57,9.283,2026-09-24,2026-10-07,"Sconto soci del 40%: 7,43 con lo sconto del 20% per tutti (12,38 al kg), 9,29 senza sconti (15,49 al kg). Il conto è sulla cotoletta da 600 g. Il volantino stampa 9,28 al kg col prezzo soci."
ipercoop24,Ipercoop,Preparati,"Linea Mini Spiedini – Martini, tipi vari",300 g (di suino),0.3,al kg,3.71,12.367,2026-09-24,2026-10-07,"Sconto soci del 30%: senza tessera 5,30, cioè 17,67 al kg. Il conto è sul formato di suino da 300 g. Il volantino stampa 12,37 al kg."
ipercoop24,Ipercoop,Preparati,Mini rollé di pollo – Fileni,600 g,0.6,al kg,6.99,11.650,2026-09-24,2026-10-07,"Bollino «Conviene». Sono di pollo con suino e tacchino. Il volantino stampa 11,65 al kg."
ipercoop24,Ipercoop,Prosciutto,"Capocollo di Calabria, al banco",all'etto (100 g),0.1,al kg,2.19,21.900,2026-09-24,2026-10-07,"Bollino «Conviene». È capocollo, non prosciutto. Il volantino stampa 21,90 al kg."
ipercoop24,Ipercoop,Prosciutto,Filetto lucano – Lucana Salumi,80 g,0.08,al kg,2.15,26.875,2026-09-24,2026-10-07,"Sconto del 20%: prima 2,69, cioè 33,63 al kg. È lonza di suino stagionata. Il volantino stampa 26,88 al kg."
ipercoop24,Ipercoop,Prosciutto,"Prosciutto Toscano D.O.P., stagionatura 16 mesi",100 g,0.1,al kg,3.49,34.900,2026-09-24,2026-10-07,"Sconto del 30%: prima 4,99, cioè 49,90 al kg. Il volantino stampa 34,90 al kg."
ipercoop24,Ipercoop,Prosciutto,"Prosciutto cotto alta qualità Riccafetta – Raspini, al banco",all'etto (100 g),0.1,al kg,1.39,13.900,2026-09-24,2026-10-07,"Bollino «Conviene». Il volantino stampa 13,90 al kg."
ipercoop24,Ipercoop,Prosciutto,"Prosciutto di Carpegna D.O.P. – Beretta, stagionatura 20 mesi",85 g,0.085,al kg,3.59,42.235,2026-09-24,2026-10-07,"Sconto del 40%: prima 5,99, cioè 70,47 al kg. Il volantino stampa 42,24 al kg."
ipercoop24,Ipercoop,Prosciutto,"Prosciutto di Parma D.O.P., stagionatura 16 mesi, al banco",all'etto (100 g),0.1,al kg,2.59,25.900,2026-09-24,2026-10-07,"Bollino «Conviene». Il volantino stampa 25,90 al kg."
ipercoop24,Ipercoop,Prosciutto,Speck – Coop,100 g,0.1,al kg,1.69,16.900,2026-09-24,2026-10-07,"È speck, cioè prosciutto crudo affumicato. Il volantino stampa 16,90 al kg."
ipercoop24,Ipercoop,Ricotta,Ricotta – Granarolo,450 g,0.45,al kg,1.50,3.333,2026-09-24,2026-10-07,"Sconto del 50%: prima 3,00. Il volantino stampa 3,33 al kg."
ipercoop24,Ipercoop,Riso,Riso Carnaroli – Gallo,1 kg,1,al kg,2.79,2.790,2026-09-24,2026-10-07,Bollino «Conviene».
ipercoop24,Ipercoop,Salame,"'Nduja calabrese piccante – Madeo, in sac à poche",200 g,0.2,al kg,4.63,23.150,2026-09-24,2026-10-07,"Sconto del 20%: prima 5,79, cioè 28,95 al kg. È salame spalmabile piccante. Il volantino stampa 23,15 al kg."
ipercoop24,Ipercoop,Salame,"Salame Milano, al banco",all'etto (100 g),0.1,al kg,1.59,15.900,2026-09-24,2026-10-07,"Bollino «Conviene». Il volantino stampa 15,90 al kg."
ipercoop24,Ipercoop,Salame,"Salame Napoli, al banco",all'etto (100 g),0.1,al kg,1.29,12.900,2026-09-24,2026-10-07,"Bollino «Conviene». Il volantino stampa 12,90 al kg."
ipercoop24,Ipercoop,Salmone affumicato,"Trancio di salmone affumicato a caldo – Mowi, gusti vari",125 g,0.125,al kg,5.19,41.520,2026-09-24,2026-10-07,"Sconto del 20%: prima 6,49, cioè 51,92 al kg. È affumicato, non salmone fresco. Il volantino stampa 41,52 al kg."
ipercoop24,Ipercoop,Salsiccia,Salsiccia lucanica dolce o piccante,90 g,0.09,al kg,2.15,23.889,2026-09-24,2026-10-07,"Sconto soci del 20%: senza tessera 2,69, cioè 29,89 al kg. È salsiccia stagionata da affettare, non da cuocere. Il volantino stampa 23,89 al kg."
ipercoop24,Ipercoop,Shampoo,Shampoo antiforfora – Clear,225 ml,0.225,al litro,1.99,8.844,2026-09-24,2026-10-07,"Bollino «Conviene». Il volantino stampa 8,84 al litro."
ipercoop24,Ipercoop,Shampoo,"Shampoo secco – Bellery, tipi vari",200 ml,0.2,al litro,3.79,18.950,2026-09-24,2026-10-07,"Sconto soci del 20%: senza tessera 4,74, cioè 23,70 al litro. È uno shampoo secco spray, si usa a spruzzi fra un lavaggio e l'altro: al litro costa molto più di uno shampoo normale. Il volantino stampa 18,95 al litro."
ipercoop24,Ipercoop,Spalmabili,Light – Philadelphia,210 g,0.21,al kg,1.99,9.476,2026-09-24,2026-10-07,"Solo per i soci Coop. Il volantino stampa 9,48 al kg."
ipercoop24,Ipercoop,Tonno,"Filetto di tonno in olio Il Tonnotto, vaso di vetro, gusto delicato",415 g,0.415,al kg,4.95,11.928,2026-09-24,2026-10-07,"Sconto del 50%: prima 9,90. Il conto è sul peso del vaso, come fa il volantino (11,93 al kg): il peso sgocciolato non è stampato, quindi al chilo di tonno costa di più."
ipercoop24,Ipercoop,Tonno,Tonno pescato a canna all'olio di oliva – Rio Mare,960 g (12 × 80 g),0.96,al kg,12.90,13.438,2026-09-24,2026-10-07,"Bollino «Conviene». Il conto è sul peso della scatola, come fa il volantino (13,44 al kg): sgocciolato il tonno è meno, quindi al chilo costa di più."
ipercoop24,Ipercoop,Uova,Uova da galline allevate a terra – Naturelle,6 pezzi,6,all'uovo,1.95,0.325,2026-09-24,2026-10-07,"Sconto soci del 30%: senza tessera 2,79."
ipercoop24,Ipercoop,Verdura,Pomodoro rosso a grappolo,al kg,1,al kg,2.48,2.480,2026-09-24,2026-10-07,Bollino «Conviene».
ipercoop24,Ipercoop,Verdura,Zucca tonda Orto Qui,al kg,1,al kg,1.28,1.280,2026-09-24,2026-10-07,Bollino «Conviene».
ipercoop24,Ipercoop,Verdure surgelate,Buon Minestrone – Orogel,750 g,0.75,al kg,1.54,2.053,2026-09-24,2026-10-07,"Sconto del 50%: prima 3,09, cioè 4,12 al kg. Il volantino stampa 2,05 al kg."
ipercoop24,Ipercoop,Verdure surgelate,Friarielli Cubello – Orogel,600 g,0.6,al kg,2.49,4.150,2026-09-24,2026-10-07,"Bollino «Conviene». Il volantino stampa 4,15 al kg."
ipercoop24,Ipercoop,Verdure surgelate,Pisellini Primavera – Findus,700 g,0.7,al kg,3.59,5.129,2026-09-24,2026-10-07,"Bollino «Conviene». Il volantino stampa 5,13 al kg."
ipercoop24,Ipercoop,Verdure surgelate,Spinaci Primavera – Findus,800 g,0.8,al kg,2.49,3.113,2026-09-24,2026-10-07,"Bollino «Conviene». Il volantino stampa 3,11 al kg."
ipercoop24,Ipercoop,Vino,Chianti D.O.C.G. Leonardo,750 ml,0.75,al litro,3.87,5.160,2026-09-24,2026-10-07,"Sconto del 40%: prima 6,45, cioè 8,60 al litro. Il volantino stampa 5,16 al litro."
ipercoop24,Ipercoop,Vino,Chianti Rosé Loggia del Sole,750 ml,0.75,al litro,2.95,3.933,2026-09-24,2026-10-07,"Sconto del 50%: prima 5,90, cioè 7,87 al litro. Il volantino stampa 3,93 al litro."
ipercoop24,Ipercoop,Vino,"Fira I.G.T. – Sartori, bianco o rosso Verona",750 ml,0.75,al litro,3.99,5.320,2026-09-24,2026-10-07,"Bollino «Conviene». Il volantino stampa 5,32 al litro."
ipercoop24,Ipercoop,Vino,Freschello Rosso,750 ml,0.75,al litro,1.59,2.120,2026-09-24,2026-10-07,"Solo per i soci Coop. Il volantino stampa 2,12 al litro."
ipercoop24,Ipercoop,Vino,Gutturnio frizzante D.O.C. rosso Podere Cantagallo – Cantina Valtidone,2 × 750 ml (1+1),1.5,al litro,5.49,3.660,2026-09-24,2026-10-07,"È un 1+1: si pagano 5,49 e se ne portano via due. Una bottiglia sola costa 5,49. Il volantino stampa 3,66 al litro."
ipercoop24,Ipercoop,Vino,Montepulciano D.O.C. Vecchia Cantina,750 ml,0.75,al litro,3.95,5.267,2026-09-24,2026-10-07,"Sconto del 40%: prima 6,59, cioè 8,79 al litro. Il volantino stampa 5,27 al litro."
ipercoop24,Ipercoop,Vino,Negroamaro Rosato I.G.T. Marmorelle,750 ml,0.75,al litro,5.25,7.000,2026-09-24,2026-10-07,"Sconto soci del 40%: senza tessera 8,75, cioè 11,67 al litro. Il volantino stampa 7,00 al litro."
ipercoop24,Ipercoop,Vino,Prosecco Treviso D.O.C. – Maschio,750 ml,0.75,al litro,4.13,5.507,2026-09-24,2026-10-07,"Sconto soci del 30%: senza tessera 5,90, cioè 7,87 al litro. Il volantino stampa 5,51 al litro."
ipercoop24,Ipercoop,Vino,Refosco D.O.C. Tenimenti Civa,750 ml,0.75,al litro,6.49,8.653,2026-09-24,2026-10-07,"Bollino «Conviene». Il volantino stampa 8,65 al litro."
ipercoop24,Ipercoop,Vino,Soave D.O.C. – Pasqua,750 ml,0.75,al litro,2.75,3.667,2026-09-24,2026-10-07,"Sconto del 40%: prima 4,59, cioè 6,12 al litro. Il volantino stampa 3,67 al litro."
ipercoop24,Ipercoop,Vino,Vermentino I.G.T. Toscana Calaforte – Frescobaldi,750 ml,0.75,al litro,5.99,7.987,2026-09-24,2026-10-07,"Sconto del 25%: prima 7,99, cioè 10,66 al litro. Il volantino stampa 7,99 al litro."
ipercoop24,Ipercoop,Vitello,Fettine scelte di vitello,al kg,1,al kg,21.58,21.580,2026-09-24,2026-10-07,"Sconto del 20%: prima 26,98 al kg."
ipercoop24,Ipercoop,Würstel,Würstel Wudy Cocktail – AIA,350 g,0.35,al kg,2.99,8.543,2026-09-24,2026-10-07,"Sono würstel di pollo e tacchino. Prezzo di una confezione sola (8,54 al kg). Comprandone due 4,18 (2,09 l'una), tre 5,37 (1,79 l'una, cioè 5,11 al kg)."
ipercoop24,Ipercoop,Yogurt,"Yogurt intero – Müller, gusti vari",250 g (2 × 125 g),0.25,al kg,0.86,3.440,2026-09-24,2026-10-07,"Sconto del 40%: prima 1,44, cioè 5,76 al kg. Il volantino stampa 3,44 al kg."
lidl24,Lidl,Acqua,Acqua minerale naturale – Levissima,"6x1,5 litri",9,al litro,1.99,0.221,2026-09-24,2026-09-27,"Vendita alla confezione: un pezzo da solo non in promo costa 0,49."
lidl24,Lidl,Acqua,Acqua minerale naturale – Sant'Anna,"24x0,5 litri",12,al litro,3.99,0.333,2026-09-24,2026-09-30,
lidl24,Lidl,Affettati,Affettato di petto di tacchino o di pollo – Idee Gustose,140 g,0.14,al kg,1.79,12.786,2026-09-24,2026-09-30,Senza glutine. Stesso prezzo anche nella versione pollo.
lidl24,Lidl,Ammorbidente,"Ammorbidente concentrato Fresco mattino o Vaniglia, 86 lavaggi – Fabuloso","1,9 litri",1.9,a lavaggio,2.99,1.574,2026-09-24,2026-09-30,
lidl24,Lidl,Ammorbidente,"Ammorbidente diluito classico, 50 lavaggi – Felce Azzurra",2 litri,2,a lavaggio,2.69,1.345,2026-09-24,2026-09-30,
lidl24,Lidl,Bibite,Bevanda alla frutta tropicale o multivitaminico – Pfanner,"1,5 litri",1.5,al litro,1.39,0.927,2026-09-24,2026-09-30,
lidl24,Lidl,Bibite,SanThè alla pesca o al limone – Sant'Anna,4x200 ml,0.8,al litro,1.19,1.487,2026-09-24,2026-09-30,
lidl24,Lidl,Bibite,"Zero – Coca-Cola, senza zuccheri caffeina e calorie","0,5 litri",0.5,al litro,0.75,1.500,2026-09-24,2026-09-30,
lidl24,Lidl,Birra,"Birra 4,7% Vol. – Peroni","0,5 litri",0.5,al litro,0.79,1.580,2026-09-24,2026-09-30,
lidl24,Lidl,Biscotti,"Biscotti I Puffi al latte, miele e cereali – Delser",350 g,0.35,al kg,2.19,6.257,2026-09-24,2026-09-30,
lidl24,Lidl,Biscotti,"Gran Merenda, biscotto frollino senza latte e senza uova – Crich",500 g,0.5,al kg,1.99,3.980,2026-09-24,2026-09-30,
lidl24,Lidl,Biscotti,Occhi di bue di pasta frolla XXL – Sondey,400 g,0.4,al kg,2.39,5.975,2026-09-24,2026-09-30,"Formato XXL, 100 g in più: il formato base (300 g) costa 7,97 al kg, questo 5,98."
lidl24,Lidl,Burro,Burro XXL – Milbona,1000 g,1,al kg,5.49,5.490,2026-09-24,2026-09-30,"Formato convenienza: il formato base (500 g) costa 7,38 al kg, questo 5,49."
lidl24,Lidl,Caffè,Caffè macinato Crema e Gusto – Lavazza,4x250 g,1,al kg,10.99,10.990,2026-09-24,2026-09-30,
lidl24,Lidl,Calamari,"Anelli di totano gigante del Pacifico, al naturale",250 g,0.25,al kg,3.49,13.960,2026-09-24,2026-09-30,
lidl24,Lidl,Cereali,Farro soffiato bio al cioccolato – Crownfield,150 g,0.15,al kg,1.39,9.267,2026-09-24,2026-09-30,"Prima 1,79. Farro 100% italiano."
lidl24,Lidl,Cereali,Farro soffiato bio al miele – Crownfield,150 g,0.15,al kg,1.49,9.933,2026-09-24,2026-09-30,"Prima 1,89. Farro 100% italiano."
lidl24,Lidl,Cioccolato,Cioccolato al latte con nocciole tritate – Fin Carré,100 g,0.1,al kg,0.79,7.900,2026-09-24,2026-09-30,"Prima 0,99."
lidl24,Lidl,Conserve,Peperoncini verdi sottaceto – Sol&Mar,"130 g, sgocciolati",0.13,al kg,2.49,19.154,2026-09-24,2026-09-30,
lidl24,Lidl,Creme,"Crema spalmabile Choco&Jam, diversi gusti – Mister Choc",200 g,0.2,al kg,1.99,9.950,2026-09-24,2026-09-30,
lidl24,Lidl,Creme,Crema spalmabile al pistacchio XXL – Deluxe,350 g,0.35,al kg,4.49,12.829,2026-09-24,2026-09-30,"Formato convenienza: il formato base (190 g) costa 2,99, cioè 15,74 al kg; questo 12,83 al kg."
lidl24,Lidl,Dentifricio,"Dentifricio Sensation White, Max White o Max Fresh – Colgate",75 ml,0.075,al litro,2.19,29.200,2026-09-24,2026-09-30,"Prima 2,99."
lidl24,Lidl,Formaggio,Mascarpone e Gorgonzola – Italiamo,200 g,0.2,al kg,1.89,9.450,2026-09-24,2026-09-30,"Con Lidl Plus. Senza tessera 2,49. È un mix di mascarpone e gorgonzola, non un formaggio unico."
lidl24,Lidl,Formaggio,Provolone Valpadana DOP dolce – Italiamo,300 g,0.3,al kg,2.19,7.300,2026-09-24,2026-09-27,"Prima 3,19."
lidl24,Lidl,Formaggio,Scamorza dolce senza lattosio – Latteria,100 g,0.1,al kg,1.19,11.900,2026-09-24,2026-09-30,
lidl24,Lidl,Frutta,Mele Gala IGP Trentino/Alto Adige,2 kg,2,al kg,2.19,1.095,2026-09-24,2026-09-30,"Prima 2,99."
lidl24,Lidl,Frutta,Prugne,1 kg,1,al kg,1.49,1.490,2026-09-24,2026-09-27,"Con Lidl Plus. Senza tessera 1,99."
lidl24,Lidl,Frutta,"Uva bianca, cassetta 2 kg",2 kg,2,al kg,2.99,1.495,2026-09-24,2026-09-30,
lidl24,Lidl,Grana,Grana Padano DOP Riserva grattugiato – Deluxe,90 g,0.09,al kg,1.29,14.333,2026-09-24,2026-09-30,"Con Lidl Plus. Senza tessera 1,65. Stagionato oltre 20 mesi."
lidl24,Lidl,Latte,Latte parzialmente scremato senza lattosio – Latteria Free From,6x1 litro,6,al litro,5.59,0.932,2026-09-24,2026-09-30,"Formato convenienza: il formato base costa 1,09 al litro, questo 0,93."
lidl24,Lidl,Lavastoviglie,"Gel Ultimate, 2x50 lavaggi – Finish","2x900 ml, 100 lavaggi",100,a lavaggio,9.89,0.099,2026-09-24,2026-09-30,
lidl24,Lidl,Lavatrice,Detersivo lavatrice in polvere – Omino Bianco,"3,85 kg, 70 lavaggi",70,a lavaggio,7.99,0.114,2026-09-24,2026-09-30,
lidl24,Lidl,Lavatrice,"Detersivo liquido igienizzante, 44 lavaggi – Omino Bianco","3x1,76 litri, 44 lavaggi",44,a lavaggio,9.79,0.222,2026-09-24,2026-09-30,
lidl24,Lidl,Lavatrice,"Detersivo liquido nero, 54+4 lavaggi – Perlana","2,9 litri, 58 lavaggi",58,a lavaggio,6.99,0.121,2026-09-24,2026-09-30,
lidl24,Lidl,Lavatrice,"Power Caps, 70 lavaggi – Dixan",70 lavaggi,70,a lavaggio,11.49,0.164,2026-09-24,2026-09-30,
lidl24,Lidl,Manzo,Macinato di bovino adulto,500 g,0.5,al kg,4.99,9.980,2026-09-24,2026-09-30,"Con Lidl Plus. Senza tessera 5,99, cioè 11,98 al kg. Allevato in Italia."
lidl24,Lidl,Manzo,Tartare di bovino adulto scottona,200 g,0.2,al kg,3.59,17.950,2026-09-24,2026-09-30,"Prima 4,59."
lidl24,Lidl,Marmellata,"Confetture Extra, gelsi neri e fichi bianchi – Agrisicilia",340 g,0.34,al kg,2.49,7.324,2026-09-24,2026-09-30,"C'è anche il gusto fragola, 360 g, stesso prezzo, cioè 6,92 al kg."
lidl24,Lidl,Panati,Anelli di totano in pastella con aglio e prezzemolo – Sol&Mar,500 g,0.5,al kg,2.79,5.580,2026-09-24,2026-09-30,"In pastella, surgelati."
lidl24,Lidl,Pane,Pan bauletto integrale XXL – Certossa,600 g,0.6,al kg,1.19,1.983,2026-09-24,2026-09-30,"Formato convenienza: il formato base (400 g) costa 0,89, cioè 2,23 al kg; questo 1,98 al kg."
lidl24,Lidl,Pasta,"Pasta trafilata al bronzo IGP, linguine/spaghetti/rigatoni/fusilli/penne – Italiamo",500 g,0.5,al kg,0.99,1.980,2026-09-24,2026-09-30,
lidl24,Lidl,Pasta,Tortellini al prosciutto crudo – Fini,450 g,0.45,al kg,1.99,4.422,2026-09-24,2026-09-30,
lidl24,Lidl,Pesce,Filetto di branzino – Gastronomia di Mare,230 g,0.23,al kg,4.19,18.217,2026-09-24,2026-09-30,"Prima 5,39."
lidl24,Lidl,Pesce,Trancio di pesce spada – Mare Gioioso,170 g,0.17,al kg,3.49,20.529,2026-09-24,2026-09-30,"Con Lidl Plus. Senza tessera 4,49."
lidl24,Lidl,Pizza,Pizza Margherita – Italiamo,390 g,0.39,al kg,1.99,5.103,2026-09-24,2026-09-30,"Con Lidl Plus. Senza tessera 2,49."
lidl24,Lidl,Pollo,Fusi di pollo,800 g,0.8,al kg,2.99,3.738,2026-09-24,2026-09-30,"Con Lidl Plus. Senza tessera 3,89."
lidl24,Lidl,Pollo,Sovracosce di pollo,1000 g,1,al kg,3.39,3.390,2026-09-24,2026-09-30,"Con Lidl Plus. Senza tessera 4,49."
lidl24,Lidl,Preparati,Cotoletta croccante di pollo,220 g,0.22,al kg,1.99,9.045,2026-09-24,2026-09-30,"Panata, non petto puro."
lidl24,Lidl,Preparati,Gran burger di pollo XXL con panatura croccante,560 g,0.56,al kg,4.49,8.018,2026-09-24,2026-09-30,"Panato, non petto puro."
lidl24,Lidl,Preparati,Hamburger di bovino di razza Piemontese,200 g,0.2,al kg,2.99,14.950,2026-09-24,2026-09-30,"Prima 3,49."
lidl24,Lidl,Preparati,Polpettine di tacchino con suino,360 g,0.36,al kg,2.79,7.750,2026-09-24,2026-09-30,"Contengono anche suino, non solo tacchino."
lidl24,Lidl,Preparati,Spiedini piccanti di pollo e suino,500 g,0.5,al kg,4.79,9.580,2026-09-24,2026-09-30,"È misto pollo e suino, non solo suino."
lidl24,Lidl,Prosciutto,Prosciutto crudo nazionale – Deluxe,90 g,0.09,al kg,2.39,26.556,2026-09-24,2026-09-30,"Con Lidl Plus. Senza tessera 3,09. Stagionatura minima 24 mesi."
lidl24,Lidl,Salame,Chorizo affettato – Sol&Mar,100 g,0.1,al kg,1.49,14.900,2026-09-24,2026-09-30,"È chorizo, salsiccia spagnola piccante di carne suina."
lidl24,Lidl,Salame,Salametto Cacciatore DOP – Italiamo,160 g,0.16,al kg,2.69,16.812,2026-09-24,2026-09-30,
lidl24,Lidl,Salame,Snack di salame spagnolo essiccato Fuet o Chorizo – Sol&Mar,80 g,0.08,al kg,1.39,17.375,2026-09-24,2026-09-30,"È salame secco spagnolo, fuet o chorizo."
lidl24,Lidl,Salsiccia,Tris di salsicce di suino,650 g,0.65,al kg,4.99,7.677,2026-09-24,2026-09-30,
lidl24,Lidl,Shampoo,Shampoo o Balsamo Ultra Dolce – Garnier,"400 ml, formato balsamo",0.4,al litro,3.59,8.975,2026-09-24,2026-09-30,"Lo shampoo, formato 600 ml, costa lo stesso 3,59 (5,98 al litro); qui è il formato balsamo, 400 ml, più caro al litro (8,98)."
lidl24,Lidl,Spalmabili,Philadelphia,2x62 g,0.124,al kg,1.19,9.597,2026-09-24,2026-09-30,"Prima 1,49."
lidl24,Lidl,Suino,Braciole di suino,700 g,0.7,al kg,3.69,5.271,2026-09-24,2026-09-30,"Prima 4,69."
lidl24,Lidl,Tonno,Tonno all'olio di oliva 3+1 – Puerto Dorado,"4x160 g, sgocciolati 425 g",0.4254,al kg,4.05,9.520,2026-09-24,2026-09-30,"Con Lidl Plus. Senza tessera 5,40. Offerta 3+1: un pezzo da solo costa 6,33. Il volantino conta il prezzo sul peso sgocciolato."
lidl24,Lidl,Tonno,Tonno all'olio di oliva – Nostromo,"4x104 g, sgocciolati 416 g",0.416,al kg,5.99,14.399,2026-09-24,2026-09-30,
lidl24,Lidl,Verdura,Pomodori Grappolo sfusi,al kg,1,al kg,2.49,2.490,2026-09-24,2026-09-30,"Con Lidl Plus. Senza tessera 3,49."
lidl24,Lidl,Verdura,Pomodori ciliegino Pachino IGP,300 g,0.3,al kg,1.49,4.967,2026-09-24,2026-09-30,
lidl24,Lidl,Verdura,Zucca Hokkaido,al kg,1,al kg,1.49,1.490,2026-09-24,2026-09-27,"Con Lidl Plus. Senza tessera 1,99."
lidl24,Lidl,Verdura,Zucchine sfuse,al kg,1,al kg,1.79,1.790,2026-09-24,2026-09-30,"Con Lidl Plus. Senza tessera 2,49."
lidl24,Lidl,Verdure surgelate,Minestrone leggero – Freshona,700 g,0.7,al kg,1.05,1.500,2026-09-24,2026-09-30,"Prima 1,29."
lidl24,Lidl,Verdure surgelate,Piselli finissimi – Freshona,450 g,0.45,al kg,0.75,1.667,2026-09-24,2026-09-27,"Prima 0,99."
lidl24,Lidl,Vino,Chiaravita Cerasuolo d'Abruzzo DOC,"0,75 litri",0.75,al litro,1.59,2.120,2026-09-24,2026-09-30,"Con Lidl Plus. Senza tessera 1,99."
lidl24,Lidl,Vino,Corte Aurelio Nero d'Avola Sicilia DOC,"0,75 litri",0.75,al litro,1.79,2.387,2026-09-24,2026-09-30,"Prima 2,29."
lidl24,Lidl,Vino,Custoza DOC,"0,75 litri",0.75,al litro,1.69,2.253,2026-09-24,2026-09-30,"Con Lidl Plus. Senza tessera 1,99."
lidl24,Lidl,Vino,Salice Salentino DOC,"0,75 litri",0.75,al litro,1.99,2.653,2026-09-24,2026-09-30,"Prima 2,49."
lidl24,Lidl,Yogurt,Yogurt fior di latte o alla vaniglia senza lattosio – Latteria,150 g,0.15,al kg,0.79,5.267,2026-09-24,2026-09-30,
lidlfv24,Lidl,Frutta,Mele Golden,al kg,1,al kg,0.98,0.980,2026-09-24,2026-09-30,
lidlfv24,Lidl,Verdura,Aglio,200 g confezione,0.2,al kg,0.98,4.900,2026-09-24,2026-09-30,"Il volantino stampa 4,90 al kg."
lidlfv24,Lidl,Verdura,Cavolo cappuccio,al kg,1,al kg,0.98,0.980,2026-09-24,2026-09-30,
lidlfv24,Lidl,Verdura,Cavolo rosso,al kg,1,al kg,0.98,0.980,2026-09-24,2026-09-30,
lidlfv24,Lidl,Verdura,Funghi Champignon,500 g confezione,0.5,al kg,1.49,2.980,2026-09-24,2026-09-27,"−25%, prima 1,99. Il volantino stampa 2,98 al kg. Valido dal 24 al 27 settembre."
lidlfv24,Lidl,Verdura,Rape rosse precotte,500 g confezione,0.5,al kg,0.98,1.960,2026-09-24,2026-09-30,"Precotte, non crude. Il volantino stampa 1,96 al kg."
mercato17,Mercatò,Frutta,Fichi d'India dell'Etna DOP – Saper di Sapori,800 g,0.8,al kg,1.99,2.487,2026-09-24,2026-09-30,"Origine Italia. Valido dal 24 al 30 settembre, non per tutto il volantino."
mercato17,Mercatò,Frutta,Kiwi Hayward – Zespri Green,al kg,1,al kg,4.99,4.990,2026-09-24,2026-09-30,"Valido dal 24 al 30 settembre, non per tutto il volantino."
mercato17,Mercatò,Frutta,Mele Golden Delicious – Melinda,al kg,1,al kg,1.69,1.690,2026-09-24,2026-09-30,"Origine Italia. Valido dal 24 al 30 settembre, non per tutto il volantino."
mercato17,Mercatò,Patate,Patate per tutti gli usi – Natura Chiama Selex,"1,5 kg",1.5,al kg,1.75,1.167,2026-09-24,2026-09-30,"Valido dal 24 al 30 settembre, non per tutto il volantino."
mercato17,Mercatò,Verdura,Pomodori cuore di bue,al kg,1,al kg,2.49,2.490,2026-09-24,2026-09-30,"Origine Italia. Valido dal 24 al 30 settembre, non per tutto il volantino."
pam24,Pam,Acqua,"Acqua naturale Ecogreen – San Benedetto, fardello",12 litri (6 × 2 litri),12,al litro,2.00,0.167,2026-09-24,2026-10-07,"Il prezzo è a fardello: 0,33 a bottiglia. Il volantino stampa 0,16 al litro."
pam24,Pam,Affettati,Fesa di tacchino arrosto,all'etto,0.1,al kg,1.49,14.900,2026-09-24,2026-10-07,"Al banco. Prima 1,89."
pam24,Pam,Ammorbidente,Ammorbidente concentrato – Tesori d'Oriente,"760 ml, 38 lavaggi",38,a lavaggio,1.79,0.047,2026-09-24,2026-10-07,
pam24,Pam,Asciugatutto,"Asciugatutto Fiocco, 3 veli, 75 strappi",3 maxi rotoli,3,al rotolo,2.00,0.667,2026-09-24,2026-10-07,
pam24,Pam,Asciugatutto,"Asciugatutto decorato – Arkalia, 3 veli",2 rotoli,2,al rotolo,1.49,0.745,2026-09-24,2026-10-07,
pam24,Pam,Bagnoschiuma,"Bagnoschiuma – Neutroderma, assortito",500 ml,0.5,al litro,1.00,2.000,2026-09-24,2026-10-07,
pam24,Pam,Bagnoschiuma,Docciaschiuma – Vidal,250 ml,0.25,al litro,1.00,4.000,2026-09-24,2026-10-07,
pam24,Pam,Bagnoschiuma,"Sapone liquido – Arkalia, assortito",500 ml,0.5,al litro,1.29,2.580,2026-09-24,2026-10-07,
pam24,Pam,Bibite,"Energy drink – Red Bull, gusti vari",250 ml,0.25,al litro,1.00,4.000,2026-09-24,2026-10-07,"Il volantino stampa 4,00 al litro."
pam24,Pam,Bibite,"Nettari di frutta – Pam, gusti vari",1 litro,1,al litro,1.19,1.190,2026-09-24,2026-10-07,
pam24,Pam,Bibite,"Regular o zero – Coca-Cola, bi-pack","3 litri (2 × 1,5 litri)",3,al litro,2.99,0.997,2026-09-24,2026-10-07,"Solo con l'app Pam Perte Plus. Il volantino stampa 1,00 al litro."
pam24,Pam,Bibite,"Succo di frutta «Optimum» – Yoga, gusti vari","1,2 litri (6 × 200 ml)",1.2,al litro,2.00,1.667,2026-09-24,2026-10-07,"Solo con l'app Pam Perte Plus. Il volantino stampa 1,67 al litro."
pam24,Pam,Bibite,"«Succoso» Zero – San Benedetto, gusti vari",900 ml,0.9,al litro,1.00,1.111,2026-09-24,2026-10-07,"Solo con l'app Pam Perte Plus. Il volantino stampa 1,11 al litro."
pam24,Pam,Birra,"Birra non filtrata – Ichnusa, lattina",440 ml,0.44,al litro,1.00,2.273,2026-09-24,2026-10-07,"Il volantino stampa 2,27 al litro."
pam24,Pam,Birra,Birra – Peroni,660 ml,0.66,al litro,1.00,1.515,2026-09-24,2026-10-07,"Il volantino stampa 1,51 al litro."
pam24,Pam,Biscotti,Biscotti Digestive classici – Gullón,400 g,0.4,al kg,1.00,2.500,2026-09-24,2026-10-07,"Il volantino stampa 2,50 al kg."
pam24,Pam,Biscotti,Biscotti Fagottini o Saracene – Balocco,700 g,0.7,al kg,2.69,3.843,2026-09-24,2026-10-07,"Il volantino stampa 3,84 al kg."
pam24,Pam,Biscotti,"Biscotti «Cookies» – Griesson, assortiti",150 g,0.15,al kg,1.00,6.667,2026-09-24,2026-10-07,"Solo con l'app Pam Perte Plus. Il volantino stampa 6,67 al kg."
pam24,Pam,Biscotti,"Biscotti «Oro» – Saiwa, confezione da un chilo",1 kg,1,al kg,3.00,3.000,2026-09-24,2026-10-07,
pam24,Pam,Biscotti,"Biscotti: grottoli con gocce di cioccolato – Divella, ottimini integrali, grano saraceno",350 g,0.35,al kg,1.00,2.857,2026-09-24,2026-10-07,"Formati da 350 o 400 g allo stesso prezzo: il conto è sul più piccolo (2,86 al kg)."
pam24,Pam,Biscotti,Frollini latte e miele – Pam,380 g,0.38,al kg,1.00,2.632,2026-09-24,2026-10-07,"Il volantino stampa 2,63 al kg."
pam24,Pam,Biscotti,Pavesini classici,200 g,0.2,al kg,1.99,9.950,2026-09-24,2026-10-07,"Il volantino stampa 9,95 al kg."
pam24,Pam,Biscotti,"Ringo tubo – Pavesi, vaniglia o cacao",165 g,0.165,al kg,1.00,6.061,2026-09-24,2026-10-07,"Il volantino stampa 6,06 al kg."
pam24,Pam,Biscotti,"Wafer – Pam, assortiti",175 g,0.175,al kg,0.99,5.657,2026-09-24,2026-10-07,"Il volantino stampa 5,66 al kg."
pam24,Pam,Bresaola,Bresaola della Valtellina IGP,all'etto,0.1,al kg,3.49,34.900,2026-09-24,2026-10-07,Al banco.
pam24,Pam,Burro,Burro senza lattosio – Latteria Soresina,125 g,0.125,al kg,1.00,8.000,2026-09-24,2026-10-07,"Solo con l'app Pam Perte Plus. Il volantino stampa 8,00 al kg."
pam24,Pam,Caffè,"Caffè in capsule gran crema o espresso – Pam, compatibili Nescafé Dolce Gusto","40 capsule, 300 g",0.3,al kg,6.99,23.300,2026-09-24,2026-10-07,"0,18 a capsula. Il volantino stampa 23,30 al kg."
pam24,Pam,Caffè,Caffè macinato «Intermezzo» – Segafredo,500 g (2 × 250 g),0.5,al kg,4.99,9.980,2026-09-24,2026-10-07,"Solo con l'app Pam Perte Plus. Il volantino stampa 9,98 al kg."
pam24,Pam,Carta igienica,Carta igienica «Cartacamomilla» maxi – Regina,6 rotoli maxi,6,al rotolo,4.49,0.748,2026-09-24,2026-10-07,Solo con l'app Pam Perte Plus. Sulla confezione c'è scritto che 6 maxi valgono 12 rotoli normali: il conto è sui 6 rotoli veri.
pam24,Pam,Carta igienica,"Carta igienica – Arkalia, 2 veli",4 rotoli,4,al rotolo,1.00,0.250,2026-09-24,2026-10-07,
pam24,Pam,Cereali,Cereali Choko Crock o Anellini al miele – Pam,375 g,0.375,al kg,1.99,5.307,2026-09-24,2026-10-07,"Il volantino stampa 5,31 al kg."
pam24,Pam,Cereali,"Muesli – Pam, gusti vari",375 g,0.375,al kg,2.00,5.333,2026-09-24,2026-10-07,"Il volantino stampa 5,33 al kg."
pam24,Pam,Conserve,Cetrioli Gurken in agrodolce – Tesori dell'Arca,360 g (sgocc.),0.36,al kg,2.00,5.556,2026-09-24,2026-10-07,"Solo con l'app Pam Perte Plus. Vasetto da 670 g, 360 sgocciolati: il conto è sullo sgocciolato, come fa il volantino (5,55 al kg)."
pam24,Pam,Conserve,"Filetti di sgombro in olio di girasole – Pam, vaso di vetro",250 g,0.25,al kg,3.00,12.000,2026-09-24,2026-10-07,"Il conto è sul peso del vaso, come fa il volantino (12,00 al kg): il peso sgocciolato non è stampato."
pam24,Pam,Conserve,Funghi trifolati sottolio – Pam,185 g,0.185,al kg,1.00,5.405,2026-09-24,2026-10-07,"Il volantino stampa 5,40 al kg."
pam24,Pam,Dentifricio,"Dentifricio – AZ, assortito",65 ml,0.065,al litro,1.00,15.385,2026-09-24,2026-10-07,Solo con l'app Pam Perte Plus.
pam24,Pam,Farina,Farina di avena integrale macinata a pietra – Almaverde Bio,500 g,0.5,al kg,2.00,4.000,2026-09-24,2026-10-07,"Solo con l'app Pam Perte Plus. Il volantino stampa 4,00 al kg."
pam24,Pam,Formaggio,Emmental,all'etto,0.1,al kg,0.99,9.900,2026-09-24,2026-10-07,Al banco. «Prezzi bassi sempre».
pam24,Pam,Formaggio,"Fette Original – Leerdammer, maxi formato",260 g,0.26,al kg,2.99,11.500,2026-09-24,2026-10-07,"Solo con l'app Pam Perte Plus. Il volantino stampa 11,50 al kg."
pam24,Pam,Formaggio,Fettine classiche – Kraft,175 g,0.175,al kg,1.00,5.714,2026-09-24,2026-10-07,"Solo con l'app Pam Perte Plus. Sono formaggio fuso a fette. Il volantino stampa 5,71 al kg."
pam24,Pam,Formaggio,Formaggio fresco primo sale,all'etto,0.1,al kg,0.99,9.900,2026-09-24,2026-10-07,Al banco. «Prezzi bassi sempre».
pam24,Pam,Formaggio,Gorgonzola DOP dolce – Tesori dell'Arca,all'etto,0.1,al kg,0.99,9.900,2026-09-24,2026-10-07,Al banco. «Prezzi bassi sempre».
pam24,Pam,Formaggio,Stracchino cremoso – Tesori dell'Arca,100 g,0.1,al kg,1.00,10.000,2026-09-24,2026-10-07,"Il volantino stampa 10,00 al kg."
pam24,Pam,Frutta,"Arance, rete da 1,5 kg","1,5 kg",1.5,al kg,1.99,1.327,2026-09-24,2026-10-07,"Il volantino stampa 1,33 al kg."
pam24,Pam,Frutta,Banane sfuse,al kg,1,al kg,0.99,0.990,2026-09-24,2026-10-07,«Prezzi bassi sempre».
pam24,Pam,Frutta,Frutti di bosco surgelati – Tesori dell'Arca,300 g,0.3,al kg,2.00,6.667,2026-09-24,2026-10-07,"Surgelati, non freschi. Il volantino stampa 6,67 al kg."
pam24,Pam,Frutta,"Mele Gala, sacco da 1,5 kg","1,5 kg",1.5,al kg,1.49,0.993,2026-09-24,2026-10-07,"«Prezzi bassi sempre». Il volantino stampa 0,99 al kg."
pam24,Pam,Gamberi,"Code di mazzancolle – Tesori dell'Arca, pronte da cuocere",250 g,0.25,al kg,8.90,35.600,2026-09-24,2026-09-30,"Vale solo dal 24 al 30 settembre, non per tutto il volantino. Il volantino stampa 35,60 al kg."
pam24,Pam,Grana,"Parmigiano Reggiano DOP 24 mesi, pezzi da un chilo circa",all'etto,0.1,al kg,1.99,19.900,2026-09-24,2026-10-07,Al banco.
pam24,Pam,Grana,Parmigiano Reggiano DOP grattugiato – Pam,100 g,0.1,al kg,2.29,22.900,2026-09-24,2026-10-07,"Il volantino stampa 22,90 al kg."
pam24,Pam,Latte,Latte UHT parzialmente scremato – Arborea,1 litro,1,al litro,1.00,1.000,2026-09-24,2026-10-07,
pam24,Pam,Lavastoviglie,"Detersivo per lavastoviglie – Pril, tabs o gel",24 tabs,24,a lavaggio,3.99,0.166,2026-09-24,2026-10-07,"Stesso prezzo per le 24 tabs «Tutto in 1» o il gel da 30 lavaggi: il conto è sulle tabs, che sono di meno."
pam24,Pam,Lavatrice,"Detersivo liquido per lavatrice – Spuma di Sciampagna, Marsiglia o Fresco Puro",36 lavaggi,36,a lavaggio,2.99,0.083,2026-09-24,2026-10-07,"Solo con l'app Pam Perte Plus. Il volantino stampa 0,09 a lavaggio."
pam24,Pam,Manzo,"Macinato sceltissimo di bovino adulto, vaschetta da 400 g circa",all'etto,0.1,al kg,1.29,12.900,2026-09-24,2026-10-07,"12,90 al kg."
pam24,Pam,Marmellata,"Confettura extra – Zuegg, gusti vari",320 g,0.32,al kg,2.00,6.250,2026-09-24,2026-10-07,"Formati da 320 o 330 g allo stesso prezzo: il conto è sul più piccolo (6,25 al kg)."
pam24,Pam,Merendine,"Croissant classico – Bauli, 5 pezzi",200 g,0.2,al kg,1.00,5.000,2026-09-24,2026-10-07,"Il volantino stampa 5,00 al kg."
pam24,Pam,Merendine,Pan Goccioli – Mulino Bianco,336 g,0.336,al kg,2.00,5.952,2026-09-24,2026-10-07,"Il volantino stampa 5,95 al kg."
pam24,Pam,Merluzzo,Cuori di merluzzo sudafricano – Pam,300 g,0.3,al kg,3.99,13.300,2026-09-24,2026-10-07,"Il volantino stampa 13,30 al kg."
pam24,Pam,Mozzarella,Ciliegine di mozzarella – Pam,150 g,0.15,al kg,1.49,9.933,2026-09-24,2026-10-07,"Il volantino stampa 9,93 al kg."
pam24,Pam,Mozzarella,Mozzarella fiordilatte – Tesori dell'Arca,375 g (3 × 125 g),0.375,al kg,3.00,8.000,2026-09-24,2026-10-07,"Il volantino stampa 8,00 al kg."
pam24,Pam,Panati,"2 Croccole di merluzzo – Findus, le originali o agli spinaci",200 g (agli spinaci),0.2,al kg,3.00,15.000,2026-09-24,2026-10-07,"Formati da 216 g (originali) o 200 g (agli spinaci) allo stesso prezzo: il conto è sul più piccolo (15,00 al kg)."
pam24,Pam,Pancetta,"Pancetta a cubetti – Negroni, dolce o affumicata",300 g (4 × 75 g),0.3,al kg,3.00,10.000,2026-09-24,2026-10-07,"Solo con l'app Pam Perte Plus. Il volantino stampa 10,00 al kg."
pam24,Pam,Pane,Bibanesi gli originali con olio extra vergine di oliva,400 g,0.4,al kg,3.00,7.500,2026-09-24,2026-10-07,"Il volantino stampa 7,50 al kg."
pam24,Pam,Pane,Gallette proteiche – Fiorentini,120 g,0.12,al kg,2.00,16.667,2026-09-24,2026-10-07,"Il volantino stampa 16,67 al kg."
pam24,Pam,Pane,Pane a fette integrale – Pam,400 g,0.4,al kg,1.00,2.500,2026-09-24,2026-10-07,"Solo con l'app Pam Perte Plus. Il volantino stampa 2,50 al kg."
pam24,Pam,Pane,"Panini per hamburger – Pam, maxi hamburger o hot dog",250 g,0.25,al kg,0.89,3.560,2026-09-24,2026-10-07,"Formati da 250 o 300 g allo stesso prezzo: il conto è sul più piccolo (3,56 al kg)."
pam24,Pam,Pane,Piadina integrale – Pam,300 g,0.3,al kg,1.59,5.300,2026-09-24,2026-10-07,"Il volantino stampa 5,30 al kg."
pam24,Pam,Pane,"Sfoglie – Pam, alle olive o classiche",150 g,0.15,al kg,1.00,6.667,2026-09-24,2026-10-07,"Solo con l'app Pam Perte Plus. Il volantino stampa 6,67 al kg."
pam24,Pam,Pane,Tuc – Saiwa,150 g (2 × 75 g),0.15,al kg,1.00,6.667,2026-09-24,2026-10-07,"Il volantino stampa 6,67 al kg."
pam24,Pam,Pasta,Lasagne all'uovo – Tesori dell'Arca,250 g,0.25,al kg,1.29,5.160,2026-09-24,2026-10-07,"Il volantino stampa 5,16 al kg."
pam24,Pam,Pasta,"Pasta di semola – Barilla, formati classici",500 g,0.5,al kg,0.59,1.180,2026-09-24,2026-10-07,"Sconto del 40%: prima 0,99. Il volantino stampa 1,18 al kg."
pam24,Pam,Pasta,"Pasta fresca ripiena «Sfogliagrezza» – Giovanni Rana, gusti vari",250 g,0.25,al kg,2.49,9.960,2026-09-24,2026-10-07,"Solo con l'app Pam Perte Plus. Il volantino stampa 9,96 al kg."
pam24,Pam,Pesce,Lupini,all'etto,0.1,al kg,0.69,6.900,2026-09-24,2026-09-30,"Vale solo dal 24 al 30 settembre, non per tutto il volantino. Molluschi italiani."
pam24,Pam,Pesce,Ricciola,all'etto,0.1,al kg,1.99,19.900,2026-09-24,2026-09-30,"Vale solo dal 24 al 30 settembre, non per tutto il volantino."
pam24,Pam,Pesce,Trota salmonata – Tesori dell'Arca,all'etto,0.1,al kg,0.99,9.900,2026-09-24,2026-09-30,"Vale solo dal 24 al 30 settembre, non per tutto il volantino. 9,90 al kg. Pesce allevato in Italia."
pam24,Pam,Pizza,4 mini pizze margherita – Pam,320 g (4 × 80 g),0.32,al kg,2.39,7.469,2026-09-24,2026-10-07,"Il volantino stampa 7,47 al kg."
pam24,Pam,Pizza,"Pizza Ristorante – Cameo, gusti e formati vari",320 g (al salame),0.32,al kg,2.00,6.250,2026-09-24,2026-10-07,Solo con l'app Pam Perte Plus. Il volantino non stampa il peso: il conto è sul formato al salame da 320 g. I gusti più leggeri al chilo costano di più.
pam24,Pam,Pollo,"Petto di pollo a fette – AIA, vaschetta da 700 g circa",all'etto,0.1,al kg,0.99,9.900,2026-09-24,2026-10-07,"«Prezzi bassi sempre»: 9,90 al kg."
pam24,Pam,Pomodoro,Passata di pomodoro – Mutti,700 g,0.7,al kg,1.00,1.429,2026-09-24,2026-10-07,"Il volantino stampa 1,43 al kg."
pam24,Pam,Preparati,Bastoncini di pollo – Valserena,500 g,0.5,al kg,3.69,7.380,2026-09-24,2026-10-07,"Il volantino stampa 7,38 al kg."
pam24,Pam,Preparati,Gran Dorate alla viennese – AIA,300 g,0.3,al kg,3.59,11.967,2026-09-24,2026-10-07,"Cotolette di pollo impanate. Il volantino stampa 11,97 al kg."
pam24,Pam,Preparati,Maxi hamburger di scottona skin – Tesori dell'Arca,200 g,0.2,al kg,3.90,19.500,2026-09-24,2026-10-07,"Il volantino stampa 19,50 al kg."
pam24,Pam,Preparati,Nuggets di pollo «Panatine» – Rovagnati,144 g,0.144,al kg,2.00,13.889,2026-09-24,2026-10-07,"Il volantino stampa 13,89 al kg."
pam24,Pam,Preparati,Nuggets di pollo – Pam,300 g,0.3,al kg,2.69,8.967,2026-09-24,2026-10-07,"Il volantino stampa 8,97 al kg."
pam24,Pam,Prosciutto,Prosciutto cotto o crudo affettato «I Firmati» – Rovagnati,90 g,0.09,al kg,2.39,26.556,2026-09-24,2026-10-07,"Sconto del 40%: prima 3,99. Vaschette da 90 o 100 g allo stesso prezzo: il conto è sulla più piccola (26,55 al kg)."
pam24,Pam,Prosciutto,Prosciutto cotto «Granbiscotto» – Rovagnati,all'etto,0.1,al kg,2.59,25.900,2026-09-24,2026-10-07,"Al banco. Prima 3,19."
pam24,Pam,Prosciutto,Prosciutto di Parma DOP stagionato 18 mesi,all'etto,0.1,al kg,2.79,27.900,2026-09-24,2026-10-07,"Al banco. Prima 3,59."
pam24,Pam,Ricotta,Ricotta fresca – Tesori dell'Arca,250 g,0.25,al kg,1.00,4.000,2026-09-24,2026-10-07,"Il volantino stampa 4,00 al kg."
pam24,Pam,Riso,Riso «Chicchiricchi» Gran Risparmio – Gallo,850 g,0.85,al kg,1.49,1.753,2026-09-24,2026-10-07,"Solo con l'app Pam Perte Plus. Il volantino stampa 1,75 al kg."
pam24,Pam,Riso,"Riso «Rapid» – Pam, tipi vari",250 g,0.25,al kg,1.00,4.000,2026-09-24,2026-10-07,"Riso a cottura rapida (basmati, nero integrale...). Il volantino stampa 4,00 al kg."
pam24,Pam,Salame,Salame Milano o ungherese affettato – Pam,110 g,0.11,al kg,1.69,15.364,2026-09-24,2026-10-07,"Il volantino stampa 15,36 al kg."
pam24,Pam,Salmone affumicato,Salmone affumicato norvegese – Pam,150 g,0.15,al kg,4.50,30.000,2026-09-24,2026-10-07,"Il volantino stampa 30,00 al kg."
pam24,Pam,Shampoo,"Shampoo o balsamo «Ultra Dolce» – Garnier, assortito",200 ml,0.2,al litro,2.00,10.000,2026-09-24,2026-10-07,Solo con l'app Pam Perte Plus. Flaconi da 200 o 250 ml allo stesso prezzo: il conto è sul più piccolo.
pam24,Pam,Spalmabili,Crescenza «Certosa» – Galbani,165 g,0.165,al kg,1.49,9.030,2026-09-24,2026-10-07,"Il volantino stampa 9,03 al kg."
pam24,Pam,Spalmabili,Robiola – Osella,200 g (2 × 100 g),0.2,al kg,2.00,10.000,2026-09-24,2026-10-07,"Solo con l'app Pam Perte Plus. Il volantino stampa 10,00 al kg."
pam24,Pam,Sughi,"Pesto fresco alla genovese «Viva la Mamma» – Beretta, con o senza aglio",90 g,0.09,al kg,1.00,11.111,2026-09-24,2026-10-07,"Il volantino stampa 11,11 al kg."
pam24,Pam,Sughi,"Sughi pronti – Pam, assortiti (amatriciana, ragù alla bolognese...)",200 g,0.2,al kg,1.00,5.000,2026-09-24,2026-10-07,"Formati da 200 o 350 g allo stesso prezzo: il conto è sul più piccolo (5,00 al kg)."
pam24,Pam,Suino,Filetto di suino,all'etto,0.1,al kg,0.99,9.900,2026-09-24,2026-10-07,"«Prezzi bassi sempre»: 9,90 al kg."
pam24,Pam,Suino,"Lonza di suino, trancio da un chilo circa",all'etto,0.1,al kg,0.69,6.900,2026-09-24,2026-10-07,"Confezione risparmio: 6,90 al kg. Prima 0,86 all'etto."
pam24,Pam,Tonno,"Filetti di tonno in olio di oliva – Pam, vaso di vetro",130 g,0.13,al kg,2.00,15.385,2026-09-24,2026-10-07,"Solo con l'app Pam Perte Plus. Il conto è sul peso del vaso, come fa il volantino (15,38 al kg): il peso sgocciolato non è stampato, quindi al chilo di tonno costa di più."
pam24,Pam,Tonno,Tonno pinne gialle all'olio di oliva – Pam,560 g (8 × 70 g),0.56,al kg,5.99,10.696,2026-09-24,2026-10-07,"0,75 a lattina. Il conto è sul peso delle scatolette, come fa il volantino (10,70 al kg): sgocciolato il tonno è meno, quindi al chilo costa di più."
pam24,Pam,Uova,Uova da galline allevate a terra – Semplici e Buoni,6 uova,6,all'uovo,2.00,0.333,2026-09-24,2026-10-07,Da allevamento senza uso di antibiotici.
pam24,Pam,Verdura,Cetrioli lunghi,350 g,0.35,al kg,0.99,2.829,2026-09-24,2026-10-07,"«Prezzi bassi sempre». Il volantino stampa 2,83 al kg."
pam24,Pam,Verdura,Zucca Butternut,al kg,1,al kg,0.99,0.990,2026-09-24,2026-10-07,«Prezzi bassi sempre».
pam24,Pam,Verdure surgelate,Contorno «Verdure tricolore» – Orogel,450 g,0.45,al kg,1.69,3.756,2026-09-24,2026-10-07,"Il volantino stampa 3,76 al kg."
pam24,Pam,Verdure surgelate,Minestrone Tradizione – Findus,1 kg,1,al kg,2.99,2.990,2026-09-24,2026-10-07,
pam24,Pam,Verdure surgelate,Piselli finissimi – Pam,450 g,0.45,al kg,1.29,2.867,2026-09-24,2026-10-07,"Il volantino stampa 2,87 al kg."
pam24,Pam,Verdure surgelate,Spinaci in foglia a cubetti – Pam,1 kg,1,al kg,2.00,2.000,2026-09-24,2026-10-07,
pam24,Pam,Verdure surgelate,Taccole o fagiolini e patate «Natura in padella» – Bonduelle,450 g,0.45,al kg,1.00,2.222,2026-09-24,2026-10-07,"Solo con l'app Pam Perte Plus. Il volantino stampa 2,22 al kg."
pam24,Pam,Vino,Prosecco DOC extra dry Le Calleselle,750 ml,0.75,al litro,3.00,4.000,2026-09-24,2026-10-07,"Il volantino stampa 4,00 al litro."
pam24,Pam,Vino,Valpolicella Ripasso DOC La Poesia degli Alberi,750 ml,0.75,al litro,5.74,7.653,2026-09-24,2026-10-07,"Sconto del 25%: prima 7,65."
pam24,Pam,Vino,Vermentino Terre Siciliane IGT Colle del Sole,750 ml,0.75,al litro,1.99,2.653,2026-09-24,2026-10-07,"Il volantino stampa 2,65 al litro."
pam24,Pam,Vino,"Vini Crifo: Nero di Troia Puglia IGP, Malvasia bianca o rosato Castel del Monte DOP",750 ml,0.75,al litro,3.00,4.000,2026-09-24,2026-10-07,"Solo con l'app Pam Perte Plus. Il volantino stampa 4,00 al litro."
pam24,Pam,Vino,"Vino in brik – Pam, bianco, rosso o rosato",1 litro,1,al litro,1.00,1.000,2026-09-24,2026-10-07,Solo con l'app Pam Perte Plus.
pam24,Pam,Yogurt,Kefir bianco senza lattosio +a-,480 g,0.48,al kg,0.99,2.062,2026-09-24,2026-10-07,"È kefir, latte fermentato da bere. Il volantino stampa 2,06 al kg."
pam24,Pam,Yogurt,Kefir multifrutti senza lattosio +a-,480 g,0.48,al kg,1.19,2.479,2026-09-24,2026-10-07,"È kefir, latte fermentato da bere. Il volantino stampa 2,48 al kg."
pam24,Pam,Yogurt,"Yogurt cremoso intero – Vipiteno, gusti vari",500 g,0.5,al kg,1.00,2.000,2026-09-24,2026-10-07,"Il volantino stampa 2,00 al kg."
pam24,Pam,Yogurt,"Yogurt cremoso – Müller, gusti vari",250 g (2 × 125 g),0.25,al kg,0.95,3.800,2026-09-24,2026-10-07,"Il volantino stampa 3,80 al kg."
pam24,Pam,Yogurt,"Yogurt greco +a-, gusti vari",150 g,0.15,al kg,0.89,5.933,2026-09-24,2026-10-07,"Linea nuova di Pam. Il volantino stampa 5,93 al kg."
pam24,Pam,Yogurt,Yogurt greco bianco 0% senza lattosio +a-,500 g,0.5,al kg,2.59,5.180,2026-09-24,2026-10-07,"Linea nuova di Pam. Il volantino stampa 5,18 al kg."
pamextra24,Pam,Acqua,Acqua effervescente naturale – Lete,"9 litri (6 × 1,5 litri)",9,al litro,2.16,0.240,2026-09-24,2026-10-07,"Solo con l'app Pam Perte Plus. 0,36 a bottiglia. Il volantino stampa 0,24 al litro."
pamextra24,Pam,Acqua,Acqua minerale – Lete,3 litri (6 × 500 ml),3,al litro,1.29,0.430,2026-09-24,2026-10-07,"Solo con l'app Pam Perte Plus. Il volantino stampa 0,43 al litro."
pamextra24,Pam,Ammorbidente,Ammorbidente diluito Mon Amour,"3 litri, 60 lavaggi",60,a lavaggio,3.49,0.058,2026-09-24,2026-10-07,
pamextra24,Pam,Asciugatutto,"Asciugatutto maxi rotolo – Arkalia, 2 veli, 300 strappi",1 maxi rotolo,1,al rotolo,2.00,2.000,2026-09-24,2026-10-07,"Un rotolo solo ma grande (300 strappi): contato come un rotolo, al rotolo sembra caro più di quanto sia."
pamextra24,Pam,Asciugatutto,"Bobina «Mega» – Famy, 700 strappi",1 bobina,1,al rotolo,3.99,3.990,2026-09-24,2026-10-07,"Una bobina sola ma enorme (700 strappi): contata come un rotolo, al rotolo sembra cara più di quanto sia."
pamextra24,Pam,Asciugatutto,"Carta cucina «Regina di Cuori», 3 veli",3 rotoli,3,al rotolo,2.79,0.930,2026-09-24,2026-10-07,
pamextra24,Pam,Bagnoschiuma,"Bagnoschiuma – Nivea, varie profumazioni",650 ml,0.65,al litro,3.29,5.062,2026-09-24,2026-10-07,Solo con l'app Pam Perte Plus.
pamextra24,Pam,Bibite,"Bibite – San Benedetto, gusti vari","1,5 litri",1.5,al litro,0.79,0.527,2026-09-24,2026-10-07,"Solo con l'app Pam Perte Plus. Il volantino stampa 0,53 al litro."
pamextra24,Pam,Bibite,"Gatorade, gusti vari",500 ml,0.5,al litro,0.85,1.700,2026-09-24,2026-10-07,"Il volantino stampa 1,70 al litro."
pamextra24,Pam,Bibite,"Succhi di frutta – Pam, gusti vari",600 ml (3 × 200 ml),0.6,al litro,0.99,1.650,2026-09-24,2026-10-07,"Il volantino stampa 1,65 al litro."
pamextra24,Pam,Bibite,"Thè – Beltè, limone o pesca","1,5 litri",1.5,al litro,0.69,0.460,2026-09-24,2026-10-07,"Solo con l'app Pam Perte Plus. È tè freddo. Il volantino stampa 0,46 al litro."
pamextra24,Pam,Birra,"Birra 0.0 – Heineken, lattina",330 ml,0.33,al litro,0.99,3.000,2026-09-24,2026-10-07,"Solo con l'app Pam Perte Plus. Analcolica. Il volantino stampa 3,00 al litro."
pamextra24,Pam,Birra,"Birra 6 Luppoli – Poretti, doppio malto rossa",990 ml (3 × 330 ml),0.99,al litro,2.69,2.717,2026-09-24,2026-10-07,"Il volantino stampa 2,72 al litro."
pamextra24,Pam,Birra,"Birra 9 Luppoli – Poretti, IPA",990 ml (3 × 330 ml),0.99,al litro,3.29,3.323,2026-09-24,2026-10-07,"Il volantino stampa 3,32 al litro."
pamextra24,Pam,Birra,Birra Extra o Cero – Corona,330 ml,0.33,al litro,1.19,3.606,2026-09-24,2026-10-07,"Il volantino stampa 3,61 al litro."
pamextra24,Pam,Birra,"Birra Strong Ale – Ceres, lattina",500 ml,0.5,al litro,1.79,3.580,2026-09-24,2026-10-07,"Solo con l'app Pam Perte Plus. Il volantino stampa 3,58 al litro."
pamextra24,Pam,Birra,Birra Super – Tennent's,825 ml (3 × 275 ml),0.825,al litro,3.79,4.594,2026-09-24,2026-10-07,"Solo con l'app Pam Perte Plus. Il volantino stampa 4,62 al litro."
pamextra24,Pam,Birra,Birra analcolica – Tourtel,990 ml (3 × 330 ml),0.99,al litro,2.29,2.313,2026-09-24,2026-10-07,"Il volantino stampa 2,31 al litro."
pamextra24,Pam,Birra,Birra «Cristalli di sale» – Messina,500 ml,0.5,al litro,1.39,2.780,2026-09-24,2026-10-07,"Il volantino stampa 2,78 al litro."
pamextra24,Pam,Birra,Birra «Kronen» – Forst,660 ml,0.66,al litro,1.29,1.955,2026-09-24,2026-10-07,"Il volantino stampa 1,95 al litro."
pamextra24,Pam,Birra,Birra «Weiss» – Franziskaner,500 ml,0.5,al litro,1.39,2.780,2026-09-24,2026-10-07,"Solo con l'app Pam Perte Plus. Il volantino stampa 2,78 al litro."
pamextra24,Pam,Birra,"Birra – Heineken, lattina",500 ml,0.5,al litro,1.09,2.180,2026-09-24,2026-10-07,"Solo con l'app Pam Perte Plus. Il volantino stampa 2,18 al litro."
pamextra24,Pam,Birra,"Birra – Peroni, lattine",660 ml (2 × 330 ml),0.66,al litro,1.39,2.106,2026-09-24,2026-10-07,"Il volantino stampa 2,11 al litro."
pamextra24,Pam,Birra,Birra – Tuborg,660 ml,0.66,al litro,0.99,1.500,2026-09-24,2026-10-07,"Il volantino stampa 1,50 al litro."
pamextra24,Pam,Biscotti,"Biscotti Pan di Stelle – Mulino Bianco, Abbracci o Nascondini",330 g,0.33,al kg,2.00,6.061,2026-09-24,2026-10-07,"Formati da 330 o 350 g allo stesso prezzo: il conto è sul più piccolo (6,06 al kg)."
pamextra24,Pam,Biscotti,"Biscotti «Krumiri» – Bistefani, classici o gocce di cioccolato",290 g,0.29,al kg,2.00,6.897,2026-09-24,2026-10-07,"Solo con l'app Pam Perte Plus. Il volantino stampa 6,90 al kg."
pamextra24,Pam,Biscotti,"Biscotti «È il Novellino» – Campiello, senza zuccheri aggiunti o senza latte e uova",350 g,0.35,al kg,1.00,2.857,2026-09-24,2026-10-07,"Il volantino stampa 2,86 al kg."
pamextra24,Pam,Biscotti,"Bocconcini di sfoglia ripieni Millevoglie – Matilde Vicenzi, assortiti",90 g,0.09,al kg,1.00,11.111,2026-09-24,2026-10-07,"Formati da 90 o 100 g allo stesso prezzo: il conto è sul più piccolo (11,11 al kg)."
pamextra24,Pam,Biscotti,"Frollini Oro – Saiwa, grano fondente o Cruscoro",300 g,0.3,al kg,1.99,6.633,2026-09-24,2026-10-07,"Solo con l'app Pam Perte Plus. Formati da 300 o 400 g allo stesso prezzo: il conto è sul più piccolo (6,63 al kg)."
pamextra24,Pam,Biscotti,Frollini «Ancora uno» con cioccolato in pezzi – Tre Marie,360 g,0.36,al kg,2.00,5.556,2026-09-24,2026-10-07,"Solo con l'app Pam Perte Plus. Il volantino stampa 5,55 al kg."
pamextra24,Pam,Biscotti,"Wafer – Loacker, vaniglia, napolitaner o cremkakao",175 g,0.175,al kg,1.69,9.657,2026-09-24,2026-10-07,"Il volantino stampa 9,66 al kg."
pamextra24,Pam,Burro,Burro – Parmareggio,200 g,0.2,al kg,2.19,10.950,2026-09-24,2026-10-07,"Il volantino stampa 10,95 al kg."
pamextra24,Pam,Caffè,"Caffè in capsule – Starbucks, compatibili Nespresso, gusti vari","10 capsule, 55 g",0.055,al kg,3.00,54.545,2026-09-24,2026-10-07,"Confezioni da 55 o 57 g allo stesso prezzo: il conto è sulla più leggera (54,55 al kg)."
pamextra24,Pam,Caffè,"Caffè in cialde – Palombini, classico o decaffeinato","18 cialde, 126 g",0.126,al kg,3.00,23.810,2026-09-24,2026-10-07,"Solo con l'app Pam Perte Plus. Il volantino stampa 23,81 al kg."
pamextra24,Pam,Caffè,"Caffè in grani Vivace Tradizionale – Pellini, classico",1 kg,1,al kg,14.90,14.900,2026-09-24,2026-10-07,Solo con l'app Pam Perte Plus.
pamextra24,Pam,Calamari,Seppioline pulite 20/40 Marinai,800 g,0.8,al kg,9.69,12.112,2026-09-24,2026-10-07,"Solo con l'app Pam Perte Plus. Il volantino stampa 12,11 al kg."
pamextra24,Pam,Carta igienica,"Carta igienica Flutech Infiore, 3 veli",6 rotoli,6,al rotolo,2.99,0.498,2026-09-24,2026-10-07,Solo con l'app Pam Perte Plus.
pamextra24,Pam,Cereali,Cereali Nesquik – Nestlé,375 g,0.375,al kg,2.49,6.640,2026-09-24,2026-10-07,"Solo con l'app Pam Perte Plus. Il volantino stampa 6,64 al kg."
pamextra24,Pam,Cioccolato,"Tavoletta di cioccolato – Novi, al latte o fondente",100 g,0.1,al kg,1.69,16.900,2026-09-24,2026-10-07,"Solo con l'app Pam Perte Plus. Il volantino stampa 16,90 al kg."
pamextra24,Pam,Creme,Crema spalmabile CremaNovi 45% nocciole,350 g,0.35,al kg,6.79,19.400,2026-09-24,2026-10-07,"Il volantino stampa 19,40 al kg."
pamextra24,Pam,Creme,Crema spalmabile bicolore – Pam,400 g,0.4,al kg,2.00,5.000,2026-09-24,2026-10-07,"Il volantino stampa 5,00 al kg."
pamextra24,Pam,Dentifricio,Dentifricio Total Original – Colgate,75 ml,0.075,al litro,2.00,26.667,2026-09-24,2026-10-07,Solo con l'app Pam Perte Plus.
pamextra24,Pam,Dentifricio,"Dentifricio menta fresca – Aquafresh, doppio formato",150 ml (2 × 75 ml),0.15,al litro,1.99,13.267,2026-09-24,2026-10-07,
pamextra24,Pam,Dentifricio,Dentifricio «3D White» – AZ,50 ml,0.05,al litro,2.00,40.000,2026-09-24,2026-10-07,
pamextra24,Pam,Farina,Farina d'America Manitoba tipo 0 – Molino Spadoni,1 kg,1,al kg,1.49,1.490,2026-09-24,2026-10-07,
pamextra24,Pam,Formaggio,Bella Lodi classico stagionato 18 mesi,all'etto,0.1,al kg,1.29,12.900,2026-09-24,2026-10-07,"Al banco. È un formaggio duro da grattugiare, ma non è Grana Padano né Parmigiano."
pamextra24,Pam,Formaggio,Caciotta vaccina,all'etto,0.1,al kg,1.19,11.900,2026-09-24,2026-10-07,Al banco.
pamextra24,Pam,Formaggio,Formaggio «Le Brie» – Président,200 g,0.2,al kg,2.99,14.950,2026-09-24,2026-10-07,"Il volantino stampa 14,95 al kg."
pamextra24,Pam,Formaggio,Grattugiato fresco di pecorino – Biraghi,60 g,0.06,al kg,1.39,23.167,2026-09-24,2026-10-07,"Solo con l'app Pam Perte Plus. Il volantino stampa 23,17 al kg."
pamextra24,Pam,Formaggio,Mini Babybel Original,100 g (5 × 20 g),0.1,al kg,2.19,21.900,2026-09-24,2026-10-07,"Solo con l'app Pam Perte Plus. Il volantino stampa «al kg 2,19», ma è un errore di stampa: 100 g a 2,19 sono 21,90 al kg."
pamextra24,Pam,Formaggio,"Provolone Valpadana DOP a fette – Pam, dolce o piccante",150 g,0.15,al kg,2.29,15.267,2026-09-24,2026-10-07,"Solo con l'app Pam Perte Plus. Il volantino stampa 15,27 al kg."
pamextra24,Pam,Formaggio,Sottilette «Le Originali» classiche,200 g,0.2,al kg,1.79,8.950,2026-09-24,2026-10-07,"Il volantino stampa 8,95 al kg."
pamextra24,Pam,Formaggio,Stracchino – Nonno Nanni,100 g,0.1,al kg,1.49,14.900,2026-09-24,2026-10-07,"Il volantino stampa 14,90 al kg."
pamextra24,Pam,Formaggio,Tomino piemontese bianco o con speck,200 g,0.2,al kg,3.49,17.450,2026-09-24,2026-10-07,"Vaschette da 200 o 220 g allo stesso prezzo: il conto è sulla più piccola (17,45 al kg)."
pamextra24,Pam,Gamberi,Code di gambero argentino sgusciato e devenato – Tesori dell'Arca,250 g,0.25,al kg,7.49,29.960,2026-09-24,2026-10-07,"Solo con l'app Pam Perte Plus. Il volantino stampa 29,96 al kg."
pamextra24,Pam,Gelato,"Gelato sandwich bianco e cacao 100% vegetale – Valsoia, 8 pezzi",320 g,0.32,al kg,3.99,12.469,2026-09-24,2026-10-07,"Solo con l'app Pam Perte Plus. Il volantino stampa 12,47 al kg."
pamextra24,Pam,Gelato,"Mini cono panna e cioccolato – Pam, 8 pezzi",400 g,0.4,al kg,2.89,7.225,2026-09-24,2026-10-07,"Solo con l'app Pam Perte Plus. Il volantino stampa 7,22 al kg."
pamextra24,Pam,Grana,«Biraghini» Gran Biraghi,400 g,0.4,al kg,7.49,18.725,2026-09-24,2026-10-07,"Il volantino stampa 18,72 al kg."
pamextra24,Pam,Latte,Latte UHT alta digeribilità senza lattosio – Latte Reggiano,1 litro,1,al litro,0.99,0.990,2026-09-24,2026-10-07,
pamextra24,Pam,Lavatrice,Detersivo liquido per lavatrice Soft,"2,25 litri, 50 lavaggi",50,a lavaggio,2.50,0.050,2026-09-24,2026-10-07,Solo con l'app Pam Perte Plus.
pamextra24,Pam,Lavatrice,"Detersivo per capi delicati – Spuma di Sciampagna, nero e delicati",30 lavaggi,30,a lavaggio,2.99,0.100,2026-09-24,2026-10-07,Solo con l'app Pam Perte Plus.
pamextra24,Pam,Lavatrice,Detersivo per lavatrice – Coccolino,37 lavaggi,37,a lavaggio,5.99,0.162,2026-09-24,2026-10-07,
pamextra24,Pam,Merendine,"Choco Brownie – Milka, Cookies o Chocowafer",150 g,0.15,al kg,2.00,13.333,2026-09-24,2026-10-07,"Solo con l'app Pam Perte Plus. Formati da 150 a 184 g allo stesso prezzo: il conto è sul più piccolo (13,33 al kg)."
pamextra24,Pam,Merendine,Croissant tradizionali o farciti – Ore Liete,200 g,0.2,al kg,1.00,5.000,2026-09-24,2026-10-07,"Formati da 200 o 240 g allo stesso prezzo: il conto è sul più piccolo (5,00 al kg)."
pamextra24,Pam,Merendine,Pain au chocolat,80 g,0.08,al kg,0.99,12.375,2026-09-24,2026-10-07,"Il volantino stampa 12,38 al kg."
pamextra24,Pam,Merendine,"Snack Nesquik – Nestlé, cacao o latte",130 g (5 × 26 g),0.13,al kg,1.25,9.615,2026-09-24,2026-10-07,"Solo con l'app Pam Perte Plus. Il volantino stampa 9,62 al kg."
pamextra24,Pam,Merendine,"Torta Roll Midi, cacao o nocciola",250 g,0.25,al kg,1.00,4.000,2026-09-24,2026-10-07,"Solo con l'app Pam Perte Plus. Il volantino stampa 4,00 al kg."
pamextra24,Pam,Miele,"Miele millefiori armonioso – Pam, squeezer",250 g,0.25,al kg,2.00,8.000,2026-09-24,2026-10-07,"Il volantino stampa 8,00 al kg."
pamextra24,Pam,Mortadella,"Mortadella affettata – Felsineo, bipack",200 g (2 × 100 g),0.2,al kg,3.00,15.000,2026-09-24,2026-10-07,"Sconto del 30%: prima 4,29. Il volantino stampa 15,00 al kg."
pamextra24,Pam,Mozzarella,"Mozzarella – Nonno Nanni, formato convenienza",375 g (3 × 125 g),0.375,al kg,3.19,8.507,2026-09-24,2026-10-07,"Il volantino stampa 8,51 al kg."
pamextra24,Pam,Olio d'oliva,Olio extra vergine di oliva 100% italiano – Clemente,1 litro,1,al litro,5.99,5.990,2026-09-24,2026-10-07,Solo con l'app Pam Perte Plus.
pamextra24,Pam,Olio d'oliva,Olio extra vergine di oliva Il Frantolio – Carapelli,750 ml,0.75,al litro,3.99,5.320,2026-09-24,2026-10-07,"Il volantino stampa 5,32 al litro."
pamextra24,Pam,Panati,4 Fiori di merluzzo – Findus,300 g,0.3,al kg,7.49,24.967,2026-09-24,2026-10-07,"Il volantino stampa 24,96 al kg."
pamextra24,Pam,Panati,Cotolette di merluzzo – Pam,400 g,0.4,al kg,4.39,10.975,2026-09-24,2026-10-07,"Solo con l'app Pam Perte Plus. Il volantino stampa 10,97 al kg."
pamextra24,Pam,Panati,Filetti di platessa alla mugnaia – Pam,250 g,0.25,al kg,3.89,15.560,2026-09-24,2026-10-07,"Solo con l'app Pam Perte Plus. Surgelati e già conditi. Il volantino stampa 15,56 al kg."
pamextra24,Pam,Pancetta,"Guanciale al pepe a fette, vaschetta da 200 g circa",all'etto,0.1,al kg,1.43,14.300,2026-09-24,2026-10-07,"Sconto del 20%: prima 1,79 all'etto. Carne italiana."
pamextra24,Pam,Pancetta,Pancetta affumicata,all'etto,0.1,al kg,1.49,14.900,2026-09-24,2026-10-07,Al banco. Carne italiana.
pamextra24,Pam,Pane,Focaccina ai semi di zucca e grani antichi,65 g,0.065,al kg,0.89,13.692,2026-09-24,2026-10-07,"Il volantino stampa 13,69 al kg."
pamextra24,Pam,Pane,La Pinsa di Bugli,230 g,0.23,al kg,2.99,13.000,2026-09-24,2026-10-07,"È una base per pinsa, da farcire. Il volantino stampa 13,00 al kg."
pamextra24,Pam,Pasta,Gnocchetti o gnocchi di patate – Giovanni Rana,500 g,0.5,al kg,2.29,4.580,2026-09-24,2026-10-07,"Solo con l'app Pam Perte Plus. Il volantino stampa 4,58 al kg."
pamextra24,Pam,Pasta,"Pasta di semola integrale – La Molisana, formati vari",500 g,0.5,al kg,1.00,2.000,2026-09-24,2026-10-07,"Il volantino stampa 2,00 al kg."
pamextra24,Pam,Pasta,"Pastine all'uovo «Emiliane» – Barilla, formati vari",275 g,0.275,al kg,0.75,2.727,2026-09-24,2026-10-07,"Solo con l'app Pam Perte Plus. Il volantino stampa 2,73 al kg."
pamextra24,Pam,Pesce,Vongole del Pacifico sgusciate cotte – Lopesce,200 g,0.2,al kg,2.79,13.950,2026-09-24,2026-10-07,"Solo con l'app Pam Perte Plus. Surgelate. Il volantino stampa 13,95 al kg."
pamextra24,Pam,Pizza,Pizza bufala e pomodorini – Tesori dell'Arca,380 g,0.38,al kg,3.89,10.237,2026-09-24,2026-10-07,"Solo con l'app Pam Perte Plus. Il volantino stampa 10,24 al kg."
pamextra24,Pam,Pizza,"Pizza gourmet salsiccia e funghi, trancio da 150 g circa",150 g circa,0.15,al kg,2.50,16.667,2026-09-24,2026-10-07,"Prezzo al pezzo. È un trancio fresco del banco, non surgelato. Il peso è indicativo. Sulla pala intera sconto del 30%."
pamextra24,Pam,Pizza,"Pizza margherita Bella Napoli – Buitoni, 2 pizze",650 g,0.65,al kg,4.49,6.908,2026-09-24,2026-10-07,"Solo con l'app Pam Perte Plus. Il volantino stampa 6,91 al kg."
pamextra24,Pam,Pizza,Pizza tonno e cipolla rossa o salame piccante – Tesori dell'Arca,340 g,0.34,al kg,3.69,10.853,2026-09-24,2026-10-07,"Solo con l'app Pam Perte Plus. Il volantino stampa 10,85 al kg."
pamextra24,Pam,Pizza,Pizza würstel e patatine – Pam,400 g,0.4,al kg,2.95,7.375,2026-09-24,2026-10-07,"Solo con l'app Pam Perte Plus. Il volantino stampa 7,37 al kg."
pamextra24,Pam,Pomodoro,Pomodoro datterino intero in succo di pomodoro – Tesori dell'Arca,360 g,0.36,al kg,1.00,2.778,2026-09-24,2026-10-07,"Solo con l'app Pam Perte Plus. Il volantino stampa 2,78 al kg."
pamextra24,Pam,Pomodoro,Salsa di pomodoro ciliegino o datterino – Tesori dell'Arca,330 g,0.33,al kg,1.00,3.030,2026-09-24,2026-10-07,"Il volantino stampa 3,03 al kg."
pamextra24,Pam,Pomodoro,«Polpa finissima» – Cirio,"1,2 kg (3 × 400 g)",1.2,al kg,2.00,1.667,2026-09-24,2026-10-07,"Il volantino stampa 1,67 al kg."
pamextra24,Pam,Preparati,Cotoletta di pollo sottile – Amadori,300 g,0.3,al kg,2.99,9.967,2026-09-24,2026-10-07,"Il volantino stampa 9,97 al kg."
pamextra24,Pam,Preparati,Hamburger di tacchino – Amadori,320 g,0.32,al kg,3.15,9.844,2026-09-24,2026-10-07,"Il volantino stampa 9,84 al kg."
pamextra24,Pam,Preparati,Le Tenerelle di pollo Qualità 10+ – Amadori,300 g,0.3,al kg,3.69,12.300,2026-09-24,2026-10-07,"Il volantino stampa 12,30 al kg."
pamextra24,Pam,Preparati,Ortaiola con spinaci – Amadori,300 g,0.3,al kg,2.49,8.300,2026-09-24,2026-10-07,"Solo con l'app Pam Perte Plus. Cotolette di pollo con spinaci. Il volantino stampa 8,30 al kg."
pamextra24,Pam,Prosciutto,"Il Cotto di Parma – Parmacotto, affettato",100 g,0.1,al kg,3.49,34.900,2026-09-24,2026-10-07,"Sconto del 30%: prima 4,99."
pamextra24,Pam,Ricotta,Ricottine fresche – Vallelata,200 g (2 × 100 g),0.2,al kg,1.39,6.950,2026-09-24,2026-10-07,"Il volantino stampa 6,95 al kg."
pamextra24,Pam,Riso,Riso Basmati – Curtiriso,1 kg,1,al kg,2.99,2.990,2026-09-24,2026-10-07,
pamextra24,Pam,Salame,"Salame Filzetta, da 400 g circa",all'etto,0.1,al kg,1.39,13.900,2026-09-24,2026-10-07,Al banco.
pamextra24,Pam,Salame,Salame Strolghino – Fratelli Boschi,230 g,0.23,al kg,3.84,16.696,2026-09-24,2026-10-07,"Sconto del 30%: prima 5,49. Il volantino stampa 16,70 al kg."
pamextra24,Pam,Salame,Spianata calabra piccante,all'etto,0.1,al kg,1.79,17.900,2026-09-24,2026-10-07,Al banco.
pamextra24,Pam,Salmone affumicato,Salmone norvegese affumicato – KV Nordic,50 g,0.05,al kg,2.99,59.800,2026-09-24,2026-10-07,"Solo con l'app Pam Perte Plus. Il volantino stampa 59,80 al kg."
pamextra24,Pam,Salmone affumicato,Salmone scozzese affumicato – Tesori dell'Arca,100 g,0.1,al kg,5.90,59.000,2026-09-24,2026-10-07,"Il volantino stampa 59,00 al kg."
pamextra24,Pam,Shampoo,"Shampoo o balsamo – Sunsilk, assortiti",200 ml,0.2,al litro,2.09,10.450,2026-09-24,2026-10-07,Solo con l'app Pam Perte Plus. Flaconi da 250 o 200 ml allo stesso prezzo: il conto è sul più piccolo.
pamextra24,Pam,Shampoo,Shampoo – Vidal,250 ml,0.25,al litro,1.00,4.000,2026-09-24,2026-10-07,Solo con l'app Pam Perte Plus.
pamextra24,Pam,Spalmabili,Formaggio fresco Original – Philadelphia,250 g,0.25,al kg,2.69,10.760,2026-09-24,2026-10-07,"Il volantino stampa 10,76 al kg."
pamextra24,Pam,Sughi,"Pesti – Rio Mare, gusti vari",130 g,0.13,al kg,2.00,15.385,2026-09-24,2026-10-07,"Il volantino stampa 15,38 al kg."
pamextra24,Pam,Tonno,"Filetti di tonno all'olio di oliva – Rio Mare, vaso di vetro",180 g,0.18,al kg,3.99,22.167,2026-09-24,2026-10-07,"Il conto è sul peso del vaso, come fa il volantino (22,17 al kg): il peso sgocciolato non è stampato, quindi al chilo di tonno costa di più."
pamextra24,Pam,Tonno,Tonno «Filo d'olio» all'olio di oliva – Rio Mare,260 g (4 × 65 g),0.26,al kg,4.99,19.192,2026-09-24,2026-10-07,"Solo con l'app Pam Perte Plus. Il conto è sul peso delle scatolette, come fa il volantino (19,19 al kg)."
pamextra24,Pam,Tè,"Tisana – Tesori dell'Arca, gusti vari, 20 filtri",36 g,0.036,al kg,1.89,52.500,2026-09-24,2026-10-07,"Il volantino stampa 52,50 al kg."
pamextra24,Pam,Tè,"Tè Ati classico, 25 filtri",38 g,0.038,al kg,1.39,36.579,2026-09-24,2026-10-07,"Solo con l'app Pam Perte Plus. Il volantino stampa 36,58 al kg."
pamextra24,Pam,Uova,"Uova medie Aequilibrium – AIA, alla vitamina E",10 uova,10,all'uovo,3.99,0.399,2026-09-24,2026-10-07,Da galline allevate a terra senza uso di antibiotici.
pamextra24,Pam,Verdure surgelate,Caponata di verdure «Gusto ricco» – Orogel,250 g,0.25,al kg,2.19,8.760,2026-09-24,2026-10-07,"Solo con l'app Pam Perte Plus. Il volantino stampa 8,76 al kg."
pamextra24,Pam,Verdure surgelate,Fagiolini fini – Pam,1 kg,1,al kg,2.99,2.990,2026-09-24,2026-10-07,Solo con l'app Pam Perte Plus.
pamextra24,Pam,Verdure surgelate,"Piselli novelli – Findus, maxi formato",1 kg,1,al kg,4.69,4.690,2026-09-24,2026-10-07,
pamextra24,Pam,Vino,Morellino di Scansano DOCG Cantina Vignaioli,750 ml,0.75,al litro,5.99,7.987,2026-09-24,2026-10-07,"Solo con l'app Pam Perte Plus. Il volantino stampa 7,99 al litro."
pamextra24,Pam,Vino,"Passerina Volpe – Cantina Tollo, biologico",750 ml,0.75,al litro,4.50,6.000,2026-09-24,2026-10-07,"Il volantino stampa 6,00 al litro."
pamextra24,Pam,Vino,Primitivo di Manduria Stilio Mottura,750 ml,0.75,al litro,9.95,13.267,2026-09-24,2026-10-07,"Solo con l'app Pam Perte Plus. Il volantino stampa 13,27 al litro."
pamextra24,Pam,Vino,Spumante Prosecco DOC extra dry – Astoria,750 ml,0.75,al litro,4.99,6.653,2026-09-24,2026-10-07,"Solo con l'app Pam Perte Plus. Il volantino stampa 6,65 al litro."
pamextra24,Pam,Vino,"Vino bianco o rosso – Tavernello, brik",750 ml (3 × 250 ml),0.75,al litro,1.69,2.253,2026-09-24,2026-10-07,"Solo con l'app Pam Perte Plus. Il volantino stampa 2,25 al litro."
pamextra24,Pam,Würstel,Würstel «Gli Originali» di pollo – Wüber,100 g,0.1,al kg,0.59,5.900,2026-09-24,2026-10-07,"Solo con l'app Pam Perte Plus. Il volantino stampa 5,90 al kg."
pamextra24,Pam,Yogurt,"Yogurt cremoso magro o intero – Müller, gusti vari, formato risparmio",1 kg (8 × 125 g),1,al kg,3.39,3.390,2026-09-24,2026-10-07,
pamextra24,Pam,Yogurt,"Yogurt vegetale Yosoi – Valsoia, gusti vari",250 g (2 × 125 g),0.25,al kg,1.29,5.160,2026-09-24,2026-10-07,"Solo con l'app Pam Perte Plus. È vegetale, di soia. Il volantino stampa 5,16 al kg."
penny24,Penny,Acqua,"Acqua effervescente naturale – Lete, conf. 6 pezzi","9 litri (6 × 1,5 l)",9,al litro,1.98,0.220,2026-09-24,2026-10-07,"−29%, prima 2,82."
penny24,Penny,Affettati,Petto di pollo arrosto Aequilibrium a fette – Aia,145 g,0.145,al kg,1.99,13.724,2026-09-24,2026-10-07,Quantità limitata.
penny24,Penny,Ammorbidente,"Ammorbidente XXL gelsomino, 86 lavaggi – Fabuloso",86 lavaggi,86,a lavaggio,2.99,0.035,2026-09-24,2026-10-07,Quantità limitata.
penny24,Penny,Asciugatutto,Asciugoni – Regina,6 rotoli,6,al rotolo,5.99,0.998,2026-09-24,2026-10-07,Quantità limitata.
penny24,Penny,Asciugatutto,"Bobina multiuso 2 veli, 400 strappi – Penny",1 rotolo,1,al rotolo,1.79,1.790,2026-09-24,2026-10-07,"−21%, prima 2,29."
penny24,Penny,Bagnoschiuma,Bagnoschiuma XXL pelli sensibili – Palmolive,1 litro,1,al litro,2.99,2.990,2026-09-24,2026-10-07,Quantità limitata.
penny24,Penny,Bibite,Cola – Funny Drink,"1,5 litri",1.5,al litro,0.65,0.433,2026-09-24,2026-10-07,"−17%, prima 0,79."
penny24,Penny,Bibite,"Estathé limone e pesca, conf. 3 pezzi",600 ml (3 × 200 ml),0.6,al litro,1.69,2.817,2026-09-24,2026-10-07,"Prima 1,89."
penny24,Penny,Bibite,Fanta,"1,5 litri",1.5,al litro,1.19,0.793,2026-09-24,2026-10-07,"−25%, prima 1,59."
penny24,Penny,Bibite,"Lattine, conf. 6 pezzi – Coca-Cola","1,98 litri (6 × 33 cl)",1.98,al litro,3.49,1.763,2026-09-24,2026-10-07,Quantità limitata.
penny24,Penny,Birra,Birra Hell – Franziskaner,50 cl,0.5,al litro,1.25,2.500,2026-09-24,2026-10-07,"−16%, prima 1,49."
penny24,Penny,Birra,Birra Strong Ale – Ceres,"35,5 cl",0.355,al litro,1.49,4.197,2026-09-24,2026-10-07,"−16%, prima 1,79."
penny24,Penny,Birra,"Birra Super – Tennent's, conf. 12 pezzi","4,26 litri (12 × 35,5 cl)",4.26,al litro,15.99,3.754,2026-09-24,2026-10-07,Quantità limitata.
penny24,Penny,Birra,Birra in lattina – Peroni,50 cl,0.5,al litro,0.79,1.580,2026-09-24,2026-10-07,Quantità limitata.
penny24,Penny,Birra,Birra – Moretti,50 cl,0.5,al litro,0.85,1.700,2026-09-24,2026-10-07,"Prima 0,95."
penny24,Penny,Biscotti,Gocciole – Pavesi,500 g,0.5,al kg,2.29,4.580,2026-09-24,2026-10-07,"−23%, prima 2,99."
penny24,Penny,Biscotti,Pavesini,200 g,0.2,al kg,1.99,9.950,2026-09-24,2026-10-07,"Prima 2,29."
penny24,Penny,Biscotti,"Ringo feat Gocciole – Pavesi, conf. 6 pezzi",165 g,0.165,al kg,2.29,13.879,2026-09-24,2026-10-07,Quantità limitata.
penny24,Penny,Bresaola,Bresaola a fette – Citterio,160 g (2 × 80 g),0.16,al kg,5.99,37.438,2026-09-24,2026-10-07,Quantità limitata.
penny24,Penny,Caffè,"Caffè Crema e Gusto Forte – Lavazza, conf. 4 pezzi",1 kg (4 × 250 g),1,al kg,12.49,12.490,2026-09-24,2026-10-07,Quantità limitata.
penny24,Penny,Calamari,Anelli e ciuffi di calamari indopacifici,400 g,0.4,al kg,3.49,8.725,2026-09-24,2026-10-07,"−20%, prima 4,39. Surgelati."
penny24,Penny,Carta igienica,Carta igienica Rotoloni – Regina,8 rotoli,8,al rotolo,5.45,0.681,2026-09-24,2026-10-07,Miglior prezzo dell'anno. Quantità limitata.
penny24,Penny,Cereali,"Granola con crusca, mandorle e semi – Welless",350 g,0.35,al kg,1.59,4.543,2026-09-24,2026-10-07,"−20%, prima 1,99."
penny24,Penny,Cioccolato,"Kit Kat Mini, conf. 18 pezzi",301 g,0.301,al kg,3.79,12.591,2026-09-24,2026-10-07,"−15%, prima 4,49."
penny24,Penny,Cioccolato,M&M's peanut,250 g,0.25,al kg,2.69,10.760,2026-09-24,2026-10-07,"−16%, prima 3,09."
penny24,Penny,Cioccolato,"Minis, conf. 20 pezzi",400 g,0.4,al kg,3.79,9.475,2026-09-24,2026-10-07,"Mini barrette assortite (Twix, Bounty, Mars, Snickers). Quantità limitata."
penny24,Penny,Cioccolato,Riso soffiato al cioccolato – Nippon,200 g,0.2,al kg,1.39,6.950,2026-09-24,2026-10-07,"−22%, prima 1,79."
penny24,Penny,Cioccolato,Tavoletta di cioccolato Perù 75% cacao – Le Specialità Cuor di Terra,100 g,0.1,al kg,1.59,15.900,2026-09-24,2026-10-07,"−23%, prima 2,09."
penny24,Penny,Cioccolato,Tavoletta di cioccolato al latte o fondente – Novi,100 g,0.1,al kg,1.49,14.900,2026-09-24,2026-10-07,"−21%, prima 1,89."
penny24,Penny,Cioccolato,Tavoletta di cioccolato mandorlata – Milka,100 g,0.1,al kg,1.59,15.900,2026-09-24,2026-10-07,Quantità limitata.
penny24,Penny,Cioccolato,"Tavoletta di cioccolato, gusti assortiti – Chocolà",200 g,0.2,al kg,2.39,11.950,2026-09-24,2026-10-07,"−20%, prima 2,99."
penny24,Penny,Cioccolato,"Tavoletta di cioccolato, gusti assortiti – Ritter Sport",100 g,0.1,al kg,1.99,19.900,2026-09-24,2026-10-07,"−20%, prima 2,49."
penny24,Penny,Conserve,Cetriolini all'aceto di vino – Ortomio,300 g,0.3,al kg,1.39,4.633,2026-09-24,2026-10-07,"−17%, prima 1,69."
penny24,Penny,Conserve,Filetti di salmone all'olio di oliva o al naturale – Gran Mare,150 g,0.15,al kg,2.49,16.600,2026-09-24,2026-10-07,"−21%, prima 3,19. Salmone in scatola."
penny24,Penny,Conserve,Insalata di mare con verdure – Momenti di Mare,350 g,0.35,al kg,2.89,8.257,2026-09-24,2026-10-07,"−17%, prima 3,49."
penny24,Penny,Creme,Nutella,750 g,0.75,al kg,5.99,7.987,2026-09-24,2026-10-07,Quantità limitata.
penny24,Penny,Dentifricio,"Dentifricio White Now – Mentadent, conf. 2 pezzi",150 ml (2 × 75 ml),0.15,al litro,3.99,26.600,2026-09-24,2026-10-07,Nella stessa offerta anche 2+2 spazzolini. Quantità limitata.
penny24,Penny,Formaggio,Cremosissimo – Bergader,300 g,0.3,al kg,2.99,9.967,2026-09-24,2026-10-07,"−16%, prima 3,59."
penny24,Penny,Formaggio,Formaggio grattugiato Gran Biraghi – Biraghi,200 g,0.2,al kg,3.49,17.450,2026-09-24,2026-10-07,"È formaggio grattugiato, non Grana né Parmigiano. Quantità limitata."
penny24,Penny,Formaggio,Gorgonzola dolce DOP – ValBontà,300 g,0.3,al kg,2.25,7.500,2026-09-24,2026-10-07,"−16%, prima 2,69."
penny24,Penny,Formaggio,Leerdammer Original,250 g,0.25,al kg,2.89,11.560,2026-09-24,2026-10-07,Quantità limitata.
penny24,Penny,Formaggio,Pecorino sardo maturo DOP – Le Specialità Cuor di Terra,250 g,0.25,al kg,3.69,14.760,2026-09-24,2026-10-07,"−15%, prima 4,35."
penny24,Penny,Formaggio,Provola dolce o scamorza affumicata a fette – ValBontà,140 g,0.14,al kg,1.15,8.214,2026-09-24,2026-10-07,"−17%, prima 1,39."
penny24,Penny,Frutta,Arance Navel,al kg,1,al kg,1.69,1.690,2026-09-24,2026-10-07,
penny24,Penny,Frutta,Mango,380 g,0.38,al kg,1.29,3.395,2026-09-24,2026-10-07,
penny24,Penny,Frutta,Mele Golden – Natura è,al kg,1,al kg,1.49,1.490,2026-09-24,2026-10-07,Coltivate in Italia.
penny24,Penny,Frutta,Noci,al kg,1,al kg,3.99,3.990,2026-09-24,2026-10-07,Frutta secca.
penny24,Penny,Frutta,Uva bianca,al kg,1,al kg,1.99,1.990,2026-09-24,2026-10-07,Coltivata in Italia.
penny24,Penny,Gelato,"Cucciolone – Algida, conf. 6 pezzi",480 g,0.48,al kg,3.99,8.312,2026-09-24,2026-10-07,"−20%, prima 4,99."
penny24,Penny,Gelato,"Stecchi cacao – Le Gelizie, conf. 8 pezzi",440 g,0.44,al kg,2.49,5.659,2026-09-24,2026-10-07,"−21%, prima 3,19. Solo con la PENNY Card, senza tessera 3,19."
penny24,Penny,Grana,Grana Padano DOP stagionato 16 mesi – ValBontà,al kg,1,al kg,14.79,14.790,2026-09-24,2026-10-07,"−15%, prima 1,75 all'etto."
penny24,Penny,Insalata,Cuori di iceberg,200 g,0.2,al kg,0.79,3.950,2026-09-24,2026-10-07,
penny24,Penny,Latte,Latte alta digeribilità senza lattosio – Zymil,1 litro,1,al litro,1.49,1.490,2026-09-24,2026-10-07,"−21%, prima 1,89."
penny24,Penny,Lavastoviglie,"Powerball Quantum, 56 tabs – Finish",56 tabs,56,a lavaggio,9.90,0.177,2026-09-24,2026-10-07,Quantità limitata.
penny24,Penny,Lavastoviglie,"Ultimate Gel, conf. 3 pezzi, 90 lavaggi – Finish",90 lavaggi,90,a lavaggio,10.90,0.121,2026-09-24,2026-10-07,Quantità limitata.
penny24,Penny,Lavatrice,"Detersivo capi delicati XXL, 54+4 lavaggi – Perlana",58 lavaggi,58,a lavaggio,7.99,0.138,2026-09-24,2026-10-07,Quantità limitata.
penny24,Penny,Lavatrice,"Detersivo lavatrice in polvere, 71 lavaggi – Dash",71 lavaggi,71,a lavaggio,14.99,0.211,2026-09-24,2026-10-07,Quantità limitata.
penny24,Penny,Lavatrice,"Detersivo lavatrice liquido classico o salvacolore, 60 lavaggi – Dash",60 lavaggi,60,a lavaggio,11.99,0.200,2026-09-24,2026-10-07,Quantità limitata.
penny24,Penny,Lavatrice,"Detersivo liquido lavatrice muschio bianco, 3 × 46 lavaggi (138) – Chanteclair",138 lavaggi,138,a lavaggio,9.79,0.071,2026-09-24,2026-10-07,Quantità limitata.
penny24,Penny,Legumi,"Piselli finissimi – Bonduelle, conf. 3 pezzi",420 g (3 × 140 g),0.42,al kg,1.99,4.738,2026-09-24,2026-10-07,"−33%, prima 2,99."
penny24,Penny,Manzo,Bistecca di reale di Angus irlandese,200 g,0.2,al kg,3.99,19.950,2026-09-24,2026-10-07,"−20%, prima 4,99. Vale solo nei negozi che hanno il prodotto: per la limitata area vendita non tutti ce l'hanno."
penny24,Penny,Merendine,Croissant vuoto,57 g,0.057,al kg,0.49,8.596,2026-09-24,2026-10-07,"−16%, prima 0,59. Vale solo nei negozi con il reparto pane."
penny24,Penny,Merendine,"Fisarmoniche al cioccolato – Mulino Bianco, conf. 8 pezzi",264 g,0.264,al kg,2.19,8.295,2026-09-24,2026-10-07,Quantità limitata.
penny24,Penny,Merendine,"Kinder Pan e Cioc, conf. 10 pezzi",290 g,0.29,al kg,2.45,8.448,2026-09-24,2026-10-07,"−15%, prima 2,89."
penny24,Penny,Merendine,"Kinder Paradiso, conf. 4 pezzi",116 g (4 × 29 g),0.116,al kg,2.29,19.741,2026-09-24,2026-10-07,Quantità limitata.
penny24,Penny,Merendine,"Nastrine – Mulino Bianco, conf. 6 pezzi",240 g,0.24,al kg,1.99,8.292,2026-09-24,2026-10-07,Quantità limitata.
penny24,Penny,Merendine,"Pan di Stelle – Mulino Bianco, conf. 8 pezzi",280 g,0.28,al kg,2.29,8.179,2026-09-24,2026-10-07,"Sono le merendine, non i biscotti. Quantità limitata."
penny24,Penny,Mozzarella,Ciliegine di mozzarella – Sapor di Cascina,150 g,0.15,al kg,1.19,7.933,2026-09-24,2026-10-07,"Prima 1,39."
penny24,Penny,Mozzarella,"Mozzarella Santa Lucia – Galbani, conf. 3 pezzi",300 g (3 × 100 g),0.3,al kg,2.49,8.300,2026-09-24,2026-10-07,"−21%, prima 3,19. Solo con la PENNY Card, senza tessera 3,19."
penny24,Penny,Olio d'oliva,Olio L'Extra vergine d'oliva – Costa d'Oro,1 litro,1,al litro,4.99,4.990,2026-09-24,2026-10-07,Quantità limitata.
penny24,Penny,Olio d'oliva,Olio extravergine di oliva classico premi&spremi – Monini,450 ml,0.45,al litro,3.99,8.867,2026-09-24,2026-10-07,Quantità limitata.
penny24,Penny,Panati,"Bastoncini, 16 pezzi – Findus",400 g,0.4,al kg,3.49,8.725,2026-09-24,2026-10-07,"−27%, prima 4,79."
penny24,Penny,Panati,Merluzzo gratinato rosmarino e limone – Frosta,360 g,0.36,al kg,3.69,10.250,2026-09-24,2026-10-07,Quantità limitata.
penny24,Penny,Pancetta,Francobolli di guanciale – Sapor di Cascina,100 g,0.1,al kg,1.59,15.900,2026-09-24,2026-10-07,"−20%, prima 1,99."
penny24,Penny,Pancetta,Pancetta nazionale al pepe nero – Le Specialità Cuor di Terra,100 g,0.1,al kg,2.19,21.900,2026-09-24,2026-10-07,"−21%, prima 2,79. Solo con la PENNY Card, senza tessera 2,79."
penny24,Penny,Pane,Bretzel,95 g,0.095,al kg,0.39,4.105,2026-09-24,2026-10-07,"−20%, prima 0,49. Vale solo nei negozi con il reparto pane."
penny24,Penny,Pane,Fette biscottate integrali – Mulino Bianco,630 g,0.63,al kg,2.19,3.476,2026-09-24,2026-10-07,"Prima 2,49. Sono fette biscottate."
penny24,Penny,Pane,Focaccina classica o con olive,200 g,0.2,al kg,1.29,6.450,2026-09-24,2026-10-07,"−23%, prima 1,69. Vale solo nei negozi con il reparto pane."
penny24,Penny,Pane,Panino stella,70 g,0.07,al kg,0.20,2.857,2026-09-24,2026-10-07,"−20%, prima 0,25. Vale solo nei negozi con il reparto pane."
penny24,Penny,Pane,Piadina Romagnola IGP alla riminese – Le Specialità Cuor di Terra,360 g,0.36,al kg,0.99,2.750,2026-09-24,2026-10-07,"−16%, prima 1,19."
penny24,Penny,Pasta,Cappelletti alla carne – Fior di Pasta,250 g,0.25,al kg,0.99,3.960,2026-09-24,2026-10-07,"−16%, prima 1,19."
penny24,Penny,Pasta,Gnocchi alla sorrentina – Gli Allegri Sapori,550 g,0.55,al kg,1.59,2.891,2026-09-24,2026-10-07,"−20%, prima 1,99. Piatto pronto surgelato."
penny24,Penny,Pasta,Lasagne zucchine e provola o zucca e salsiccia – Rana,350 g,0.35,al kg,3.29,9.400,2026-09-24,2026-10-07,È un piatto pronto. Quantità limitata.
penny24,Penny,Pasta,Ravioli maremmani con ricotta e spinaci – Le Specialità Cuor di Terra,250 g,0.25,al kg,1.49,5.960,2026-09-24,2026-10-07,"−16%, prima 1,79."
penny24,Penny,Pasta,"Spaghettoni quadrati, mezzi rigatoni o pennoni rigati – De Cecco",500 g,0.5,al kg,0.79,1.580,2026-09-24,2026-10-07,Quantità limitata.
penny24,Penny,Patate,Crocchette di patate XXL – Penny,1 kg,1,al kg,1.99,1.990,2026-09-24,2026-10-07,"−23%, prima 2,59. Sono crocchette surgelate, non patate fresche."
penny24,Penny,Pesce,Bocconcini di polpo – Momenti di Mare,130 g,0.13,al kg,3.39,26.077,2026-09-24,2026-10-07,"−17%, prima 3,99. Polpo pronto in vaschetta."
penny24,Penny,Pizza,Pizza 26x38 Margherita – Italpizza,485 g,0.485,al kg,2.69,5.546,2026-09-24,2026-10-07,"−29%, prima 3,79. Surgelata."
penny24,Penny,Pizza,Pizza bufala Numero Uno – Italpizza,435 g,0.435,al kg,3.69,8.483,2026-09-24,2026-10-07,Surgelata. Quantità limitata.
penny24,Penny,Pollo,Fettine sottili di petto di pollo – La Filiera in Tavola,al kg,1,al kg,9.99,9.990,2026-09-24,2026-10-07,"−16%, prima 11,99 al kg. Vale solo nei negozi che hanno il prodotto: per la limitata area vendita non tutti ce l'hanno."
penny24,Penny,Pomodoro,Passata di pomodoro – Pomì,1 kg,1,al kg,0.89,0.890,2026-09-24,2026-10-07,"Prima 0,99."
penny24,Penny,Pomodoro,"Polpa di pomodoro, 3 pezzi – Mutti","1,8 kg (3 × 600 g)",1.8,al kg,3.50,1.944,2026-09-24,2026-10-07,"−41%, prima 5,97. Vale solo comprandone 3 (più ne prendi): una sola costa 1,99."
penny24,Penny,Pomodoro,Salsa di pomodoro ciliegino – Le Specialità Cuor di Terra,330 g,0.33,al kg,0.79,2.394,2026-09-24,2026-10-07,"−20%, prima 0,99. Solo con la PENNY Card, senza tessera 0,99."
penny24,Penny,Preparati,"Hamburger di pollo – Sapor di Cascina, conf. 4 pezzi",400 g (4 × 100 g),0.4,al kg,2.99,7.475,2026-09-24,2026-10-07,"−18%, prima 3,69. Vale solo nei negozi che hanno il prodotto: per la limitata area vendita non tutti ce l'hanno."
penny24,Penny,Preparati,Spinacina Grancroccante – Aia,300 g,0.3,al kg,3.59,11.967,2026-09-24,2026-10-07,Cotoletta impanata con spinaci. Quantità limitata. Vale solo nei negozi che hanno il prodotto: per la limitata area vendita non tutti ce l'hanno.
penny24,Penny,Preparati,Sticks di pollo croccanti – Gli Allegri Sapori,300 g,0.3,al kg,2.39,7.967,2026-09-24,2026-10-07,"−20%, prima 2,99. Surgelati."
penny24,Penny,Preparati,Stinco di suino – Gli Allegri Sapori,650 g,0.65,al kg,3.49,5.369,2026-09-24,2026-10-07,"−15%, prima 3,89. Già cotto."
penny24,Penny,Prosciutto,Prosciutto cotto Alta Qualità a fette – Rovagnati,110 g,0.11,al kg,1.99,18.091,2026-09-24,2026-10-07,"−33%, prima 2,99. Solo con la PENNY Card, senza tessera 2,99."
penny24,Penny,Prosciutto,"Prosciutto cotto scelto, trancio",400 g,0.4,al kg,2.69,6.725,2026-09-24,2026-10-07,"−18%, prima 3,29."
penny24,Penny,Ricotta,Ricotta – Sapor di Cascina,250 g,0.25,al kg,0.59,2.360,2026-09-24,2026-10-07,"−21%, prima 0,75."
penny24,Penny,Riso,Riso Carnaroli – Penny,1 kg,1,al kg,2.29,2.290,2026-09-24,2026-10-07,"−23%, prima 2,99. Solo con la PENNY Card, senza tessera 2,99."
penny24,Penny,Riso,Risotti chicchi grossi – Scotti,1 kg,1,al kg,1.89,1.890,2026-09-24,2026-10-07,Quantità limitata.
penny24,Penny,Salame,"Salame Milano, campagnolo o ungherese a fette – Sapor di Cascina",150 g,0.15,al kg,1.39,9.267,2026-09-24,2026-10-07,
penny24,Penny,Salame,Ventricina a fette – Le Specialità Cuor di Terra,120 g,0.12,al kg,1.99,16.583,2026-09-24,2026-10-07,"−16%, prima 2,39."
penny24,Penny,Salmone affumicato,Salmone norvegese affumicato a fette – Gran Mare,150 g,0.15,al kg,3.39,22.600,2026-09-24,2026-10-07,"−15%, prima 3,99."
penny24,Penny,Salsiccia,Salsiccia toscana – Sapor di Cascina,450 g,0.45,al kg,2.99,6.644,2026-09-24,2026-10-07,"−21%, prima 3,79. Vale solo nei negozi che hanno il prodotto: per la limitata area vendita non tutti ce l'hanno."
penny24,Penny,Shampoo,"Shampoo o balsamo, fragranze assortite – Elvive",250 ml,0.25,al litro,2.99,11.960,2026-09-24,2026-10-07,"Prima 3,99."
penny24,Penny,Spalmabili,Formaggini Crema Bel Paese – Galbani,175 g,0.175,al kg,1.19,6.800,2026-09-24,2026-10-07,"Prima 1,39."
penny24,Penny,Sughi,"Gran Ragù classico o extra gusto – Star, conf. 2 pezzi",360 g (2 × 180 g),0.36,al kg,2.29,6.361,2026-09-24,2026-10-07,"−17%, prima 2,79."
penny24,Penny,Sughi,Sugo al basilico – Barilla,400 g,0.4,al kg,1.75,4.375,2026-09-24,2026-10-07,"−20%, prima 2,19."
penny24,Penny,Sughi,Sugo all'amatriciana o al tonno – Fior di Pasta,400 g,0.4,al kg,1.19,2.975,2026-09-24,2026-10-07,"−20%, prima 1,49. Solo con la PENNY Card, senza tessera 1,49."
penny24,Penny,Suino,Braciole di suino – Sapor di Cascina,al kg,1,al kg,6.49,6.490,2026-09-24,2026-10-07,"−18%, prima 7,99 al kg. Vale solo nei negozi che hanno il prodotto: per la limitata area vendita non tutti ce l'hanno."
penny24,Penny,Tonno,Filetto di tonno pinne gialle – Gran Mare,250 g,0.25,al kg,2.99,11.960,2026-09-24,2026-10-07,"−21%, prima 3,79. Surgelato."
penny24,Penny,Tonno,"Tonno al naturale – Gran Mare, conf. 3 pezzi",240 g (3 × 80 g),0.24,al kg,1.59,6.625,2026-09-24,2026-10-07,"−20%, prima 1,99. È al naturale, non all'olio. Solo con la PENNY Card, senza tessera 1,99."
penny24,Penny,Tonno,"Tonno leggero con un filo d'olio – Welless, conf. 6 pezzi",360 g (6 × 60 g),0.36,al kg,4.49,12.472,2026-09-24,2026-10-07,Quantità limitata.
penny24,Penny,Verdura,Broccoli,500 g,0.5,al kg,1.99,3.980,2026-09-24,2026-10-07,
penny24,Penny,Verdura,Cavolfiore,al kg,1,al kg,1.99,1.990,2026-09-24,2026-10-07,
penny24,Penny,Verdura,Pomodoro ciliegino – Natura è,500 g,0.5,al kg,1.99,3.980,2026-09-24,2026-10-07,
penny24,Penny,Verdura,Spinaci – Natura è,500 g,0.5,al kg,1.49,2.980,2026-09-24,2026-10-07,"Spinaci freschi in busta, coltivati in Italia."
penny24,Penny,Verdure surgelate,Cimette di rapa – Ortomio,450 g,0.45,al kg,2.39,5.311,2026-09-24,2026-10-07,"−20%, prima 2,99."
penny24,Penny,Verdure surgelate,Cuori di carciofo a spicchi – Ortomio,300 g,0.3,al kg,1.39,4.633,2026-09-24,2026-10-07,"−22%, prima 1,79."
penny24,Penny,Verdure surgelate,Minestrone Tradizione – Findus,700 g,0.7,al kg,1.99,2.843,2026-09-24,2026-10-07,"−28%, prima 2,79. Solo con la PENNY Card, senza tessera 2,79."
penny24,Penny,Vino,Chardonnay bianco,75 cl,0.75,al litro,1.69,2.253,2026-09-24,2026-10-07,"−15%, prima 1,99."
penny24,Penny,Vino,Lambrusco Reggiano amabile frizzante DOC,75 cl,0.75,al litro,1.69,2.253,2026-09-24,2026-10-07,"−15%, prima 1,99."
penny24,Penny,Vino,Prosecco Millesimato Asolo DOCG,75 cl,0.75,al litro,4.39,5.853,2026-09-24,2026-10-07,"−20%, prima 5,49."
penny24,Penny,Vino,Salice Salentino DOC,75 cl,0.75,al litro,1.99,2.653,2026-09-24,2026-10-07,"−20%, prima 2,49. Solo con la PENNY Card, senza tessera 2,49."
penny24,Penny,Vino,"Spumante Ribolla Gialla, 3 bottiglie","2,25 litri (3 × 75 cl, 2+1)",2.25,al litro,7.78,3.458,2026-09-24,2026-10-07,"Vale solo comprandone 3 (2+1 gratis): una sola costa 3,89."
penny24,Penny,Würstel,"Würstel Servelade – Sapor di Cascina, conf. 8 pezzi",800 g,0.8,al kg,3.99,4.987,2026-09-24,2026-10-07,"−16%, prima 4,79."
penny24,Penny,Yogurt,Kefir al mirtillo – Activia,280 g,0.28,al kg,0.99,3.536,2026-09-24,2026-10-07,È kefir da bere. Quantità limitata.
penny24,Penny,Yogurt,"Yogurt Mix, gusti assortiti – Müller",150 g,0.15,al kg,0.99,6.600,2026-09-24,2026-10-07,"−16%, prima 1,19. Solo con la PENNY Card, senza tessera 1,19."
penny24,Penny,Yogurt,"Yogurt intero alla frutta, gusti assortiti – Sapor di Cascina, conf. 8 pezzi",1 kg (8 × 125 g),1,al kg,2.29,2.290,2026-09-24,2026-10-07,"−16%, prima 2,75."
penny24,Penny,Yogurt,"Yogurt, gusti assortiti – Activia, conf. 4 pezzi",500 g (4 × 125 g),0.5,al kg,2.29,4.580,2026-09-24,2026-10-07,Quantità limitata.
eurospin24,Eurospin,Frutta,Avocado,200 g,0.2,al kg,0.99,4.950,2026-09-25,2026-09-27,"«Doppio weekend di follia», valido solo da venerdì 25 a domenica 27 settembre."
eurospin24,Eurospin,Manzo,Macinato sceltissimo di bovino adulto,al kg,1,al kg,12.99,12.990,2026-09-25,2026-09-27,"«Doppio weekend di follia», valido solo da venerdì 25 a domenica 27 settembre."
eurospin24,Eurospin,Mozzarella,"Mozzarella di Bufala Campana DOP, 3x100 g",300 g,0.3,al kg,2.49,8.300,2026-09-25,2026-09-27,"Prima 3,59. «Doppio weekend di follia», valido solo da venerdì 25 a domenica 27 settembre."
eurospin24,Eurospin,Pomodoro,Passata densa di pomodoro,700 g,0.7,al kg,0.79,1.129,2026-09-25,2026-09-27,"Prima 1,19. «Doppio weekend di follia», valido solo da venerdì 25 a domenica 27 settembre."
eurospin24,Eurospin,Ricotta,Mascarpone Cremoso,250 g,0.25,al kg,1.09,4.360,2026-09-25,2026-09-27,"Prima 1,69. «Doppio weekend di follia», valido solo da venerdì 25 a domenica 27 settembre."
eurospin24,Eurospin,Tonno,"Tonno all'olio vegetale, 4x80 g",320 g,0.32,al kg,2.19,6.844,2026-09-25,2026-09-27,"Prima 3,39. «Doppio weekend di follia», valido solo da venerdì 25 a domenica 27 settembre."
penny24,Penny,Acqua,"Acqua naturale – Sant'Anna, conf. 6 pezzi",12 litri (6 × 2 l),12,al litro,2.34,0.195,2026-09-25,2026-09-26,"−40%, prima 3,90. Solo con la PENNY Card, senza tessera 3,90. Solo venerdì 25 e sabato 26 settembre."
penny24,Penny,Bagnoschiuma,"Detergente intimo, fragranze assortite – Chilly",300 ml,0.3,al litro,3.49,11.633,2026-09-25,2026-09-26,"−28%, prima 4,89. Solo venerdì 25 e sabato 26 settembre."
penny24,Penny,Formaggio,Formaggio Gran Biraghi latte italiano – Biraghi,700 g,0.7,al kg,8.49,12.129,2026-09-25,2026-09-26,"−15%, prima 9,99. Formaggio duro tipo grana, non Grana Padano. Solo venerdì 25 e sabato 26 settembre."
penny24,Penny,Frutta,Limoni,1 kg,1,al kg,1.99,1.990,2026-09-25,2026-09-26,Solo venerdì 25 e sabato 26 settembre.
penny24,Penny,Olio di semi,Olio per friggere – Friol,2 litri,2,al litro,4.49,2.245,2026-09-25,2026-09-26,"−25%, prima 5,99. Solo venerdì 25 e sabato 26 settembre."
penny24,Penny,Salsiccia,"Salsiccia di pollo, tacchino e suino – Sapor di Cascina",450 g,0.45,al kg,1.99,4.422,2026-09-25,2026-09-26,"−33%, prima 2,99. Solo venerdì 25 e sabato 26 settembre."
aldi28,Aldi,Acqua,Acqua naturale Ecogreen – San Benedetto,"1,5 l",1.5,al litro,0.29,0.193,2026-09-28,2026-10-04,"−36%, prima 0,46."
aldi28,Aldi,Affettati,"Petto di pollo 10+, confezione doppia – Amadori",200 g (2 × 100 g),0.2,al kg,2.99,14.950,2026-09-28,2026-10-04,"Petto di pollo cotto al forno, a fette. Quantità limitata."
aldi28,Aldi,Asciugatutto,Asciugatutto Double Booster – Buffalo,2 rotoli (2 × 300 strappi),2,al rotolo,3.99,1.995,2026-09-28,2026-10-04,Quantità limitata.
aldi28,Aldi,Bibite,Aloe Vera drink al mango – Rio d'Oro,500 ml,0.5,al litro,0.99,1.980,2026-09-28,2026-10-04,Quantità limitata.
aldi28,Aldi,Bibite,"Bevanda alla frutta Zero ace, multifrutti o arancia rossa, conf. 2 pezzi – Derby Blue",600 ml (2 × 300 ml),0.6,al litro,1.00,1.667,2026-09-28,2026-10-04,Quantità limitata.
aldi28,Aldi,Bibite,"Monster Energy, gusti vari",500 ml,0.5,al litro,1.09,2.180,2026-09-28,2026-10-04,Quantità limitata.
aldi28,Aldi,Bibite,Original Taste – Coca-Cola,"1,75 l",1.75,al litro,1.49,0.851,2026-09-28,2026-10-04,Quantità limitata.
aldi28,Aldi,Birra,"Birra Strong 7,2% vol. – Bergkönig",500 ml,0.5,al litro,0.69,1.380,2026-09-28,2026-10-04,"−18%, prima 0,85."
aldi28,Aldi,Birra,Birra Super 9% vol. – Tennent's,440 ml,0.44,al litro,1.49,3.386,2026-09-28,2026-10-04,Quantità limitata.
aldi28,Aldi,Birra,"Gran Riserva bianca, doppio malto o rossa – Peroni",330 ml,0.33,al litro,0.99,3.000,2026-09-28,2026-10-04,Quantità limitata.
aldi28,Aldi,Biscotti,Biscotti Pan di Stelle – Mulino Bianco,700 g,0.7,al kg,2.99,4.271,2026-09-28,2026-10-04,"−25%, prima 3,99."
aldi28,Aldi,Biscotti,Biscotti ai cereali – Buon'Ora,250 g,0.25,al kg,0.89,3.560,2026-09-28,2026-10-04,"Prezzo fisso Aldi («dal nostro assortimento»), non un'offerta a tempo."
aldi28,Aldi,Biscotti,Biscotti riso e cornflakes o frutta – Gran Cereale,230 g,0.23,al kg,1.39,6.043,2026-09-28,2026-10-04,"Stesso prezzo per riso e cornflakes da 250 g: il conto è sulla frutta da 230 g, la confezione più piccola. Quantità limitata."
aldi28,Aldi,Biscotti,Biscotto proteico vegano gocce di cioccolato o doppio cioccolato – Multinorm,80 g,0.08,al kg,1.99,24.875,2026-09-28,2026-10-04,"Prezzo fisso Aldi («dal nostro assortimento»), non un'offerta a tempo."
aldi28,Aldi,Biscotti,Pastefrolle – Balocco,1 kg,1,al kg,2.69,2.690,2026-09-28,2026-10-04,Quantità limitata.
aldi28,Aldi,Bresaola,Bresaola punta d'anca – Il Tagliere del Re,80 g,0.08,al kg,1.99,24.875,2026-09-28,2026-10-04,"−24%, prima 2,65."
aldi28,Aldi,Caffè,Caffè Granaroma in grani – Caffè Vergnano 1882,1 kg,1,al kg,14.99,14.990,2026-09-28,2026-10-04,Quantità limitata.
aldi28,Aldi,Caffè,"Caffè classico – Splendid, conf. 4 pezzi",900 g (4 × 225 g),0.9,al kg,8.99,9.989,2026-09-28,2026-10-04,
aldi28,Aldi,Carta igienica,Carta igienica 3 veli – Kokett,10 rotoli,10,al rotolo,3.49,0.349,2026-09-28,2026-10-04,"Prezzo fisso Aldi («dal nostro assortimento»), non un'offerta a tempo."
aldi28,Aldi,Cereali,Extra Granola frutta e frutta secca – Kellogg's,375 g,0.375,al kg,2.79,7.440,2026-09-28,2026-10-04,Quantità limitata.
aldi28,Aldi,Cereali,Fiocchi di avena integrali bio – Fiorentini,350 g,0.35,al kg,0.99,2.829,2026-09-28,2026-10-04,Quantità limitata.
aldi28,Aldi,Cioccolato,Cioccolato al latte con nocciole intere – Choceur,100 g,0.1,al kg,1.35,13.500,2026-09-28,2026-10-04,"Prezzo fisso Aldi («dal nostro assortimento»), non un'offerta a tempo."
aldi28,Aldi,Cioccolato,Classico – Twix,500 g,0.5,al kg,4.49,8.980,2026-09-28,2026-10-04,Barrette di cioccolato. Quantità limitata.
aldi28,Aldi,Conserve,Cetrioli a fette per sandwich o per burger – American,"670 g, sgocciolato 360 g",0.36,al kg,1.69,4.694,2026-09-28,2026-10-04,Prezzo calcolato sul peso sgocciolato. Quantità limitata.
aldi28,Aldi,Conserve,Filetti di alici «le dolci» o «le marinate» – Mangiar Bene Rizzoli,60 g,0.06,al kg,2.79,46.500,2026-09-28,2026-10-04,"Stesso prezzo per «le dolci» da 70 g: il conto è sulle marinate da 60 g, la confezione più piccola. Nel banco frigo. Quantità limitata."
aldi28,Aldi,Conserve,"Filetti di sgombro all'olio, al naturale o piccanti – Delicius","125 g, sgocciolato 90 g",0.09,al kg,1.89,21.000,2026-09-28,2026-10-04,Prezzo calcolato sul peso sgocciolato. Quantità limitata.
aldi28,Aldi,Conserve,Insalata di mare – Almare Seafood,200 g,0.2,al kg,2.49,12.450,2026-09-28,2026-10-04,"Prezzo fisso Aldi («dal nostro assortimento»), non un'offerta a tempo."
aldi28,Aldi,Formaggio,Feta bio DOP – Bio Natura,200 g,0.2,al kg,2.49,12.450,2026-09-28,2026-10-04,Quantità limitata.
aldi28,Aldi,Formaggio,Formaggio italiano grattugiato – Granarolo,90 g,0.09,al kg,1.19,13.222,2026-09-28,2026-10-04,Quantità limitata.
aldi28,Aldi,Formaggio,Gouda bio a fette – Gut Bio,200 g,0.2,al kg,2.29,11.450,2026-09-28,2026-10-04,Quantità limitata.
aldi28,Aldi,Formaggio,Mini Crunchy – Leerdammer,150 g,0.15,al kg,1.99,13.267,2026-09-28,2026-10-04,Quantità limitata.
aldi28,Aldi,Formaggio,Scamorza affumicata – Milsani,300 g,0.3,al kg,1.99,6.633,2026-09-28,2026-10-04,"−13%, prima 2,29."
aldi28,Aldi,Formaggio,Spicchio Gran Biraghi – Biraghi,700 g,0.7,al kg,8.49,12.129,2026-09-28,2026-10-04,Quantità limitata.
aldi28,Aldi,Frutta,Mele Golden – I Colori del Sapore,al kg,1,al kg,0.99,0.990,2026-09-28,2026-10-04,"−50%, prima 1,99 al kg. Coltivate in Italia."
aldi28,Aldi,Frutta,Susine October Sun – I Colori del Sapore,al kg,1,al kg,1.99,1.990,2026-09-28,2026-10-04,"−33%, prima 2,99 al kg. Coltivate in Italia."
aldi28,Aldi,Frutta,Uva bianca senza semi – I Colori del Sapore,500 g,0.5,al kg,0.99,1.980,2026-09-28,2026-10-04,"−44%, prima 1,79. Coltivata in Italia."
aldi28,Aldi,Grana,"Grana Padano DOP a cubetti, stagionato 9 mesi – Primis",300 g,0.3,al kg,3.99,13.300,2026-09-28,2026-10-04,"−14%, prima 4,69."
aldi28,Aldi,Latte,Latte parzialmente scremato – Parmalat,1 l,1,al litro,0.89,0.890,2026-09-28,2026-10-04,Quantità limitata.
aldi28,Aldi,Lavastoviglie,Tabs lavastoviglie All in One Extra – Pril,76 pezzi,76,a lavaggio,9.79,0.129,2026-09-28,2026-10-04,Quantità limitata.
aldi28,Aldi,Lavatrice,"Detersivo lavatrice liquido muschio bianco, 60 lavaggi – Omino Bianco","2,4 litri",60,a lavaggio,4.79,0.080,2026-09-28,2026-10-04,Quantità limitata.
aldi28,Aldi,Legumi,Ceci in confezione mini – King's Crown,390 g (3 × 130 g),0.39,al kg,1.19,3.051,2026-09-28,2026-10-04,Prezzo calcolato sul peso sgocciolato. Quantità limitata.
aldi28,Aldi,Legumi,Ceci o fagioli rossi bio,"350 g, sgocciolato 220 g",0.22,al kg,0.99,4.500,2026-09-28,2026-10-04,"Prezzo calcolato sul peso sgocciolato; i ceci sgocciolati pesano un po' di più, qui il conto è sul peso più basso. Quantità limitata."
aldi28,Aldi,Legumi,"Edamame già pronti, cotti al vapore – Le Gusto",250 g,0.25,al kg,1.69,6.760,2026-09-28,2026-10-04,Quantità limitata.
aldi28,Aldi,Legumi,Lenticchie – Valfrutta,"570 g, sgocciolato 380 g",0.38,al kg,1.29,3.395,2026-09-28,2026-10-04,Prezzo calcolato sul peso sgocciolato. Quantità limitata.
aldi28,Aldi,Manzo,Roastbeef di bovino – Il Podere,300 g,0.3,al kg,5.49,18.300,2026-09-28,2026-10-04,"−15%, prima 6,49. È carne cruda da cuocere."
aldi28,Aldi,Marmellata,Confettura Zero zuccheri aggiunti fragole e fragoline di bosco – Zuegg,220 g,0.22,al kg,1.99,9.045,2026-09-28,2026-10-04,"−20%, prima 2,49."
aldi28,Aldi,Merendine,Brioss latte e cacao – Kinder,280 g,0.28,al kg,2.49,8.893,2026-09-28,2026-10-04,Quantità limitata.
aldi28,Aldi,Merendine,Croissant alla crema – Buon'Ora,500 g,0.5,al kg,1.79,3.580,2026-09-28,2026-10-04,"−18%, prima 2,19."
aldi28,Aldi,Merendine,Fiesta – Ferrero,360 g,0.36,al kg,2.99,8.306,2026-09-28,2026-10-04,"−18%, prima 3,69."
aldi28,Aldi,Merendine,Millefoglie snack nocciola o pistacchio – Matilde Vicenzi,125 g,0.125,al kg,1.19,9.520,2026-09-28,2026-10-04,Quantità limitata.
aldi28,Aldi,Merendine,Mini Tresor – Pan del Dì,20 g,0.02,al kg,0.39,19.500,2026-09-28,2026-10-04,Dal reparto panetteria. Quantità limitata.
aldi28,Aldi,Merendine,Nutella B-ready – Ferrero,132 g,0.132,al kg,1.99,15.076,2026-09-28,2026-10-04,"−20%, prima 2,49."
aldi28,Aldi,Merendine,Pandorì ripieno al latte – Bauli,178 g,0.178,al kg,1.99,11.180,2026-09-28,2026-10-04,Quantità limitata.
aldi28,Aldi,Merendine,Tartelle Cuor di Mela – Mulino Bianco,288 g,0.288,al kg,1.99,6.910,2026-09-28,2026-10-04,Quantità limitata.
aldi28,Aldi,Merluzzo,Bistecca di merluzzo grigliata al rosmarino e al limone – Frosta,250 g,0.25,al kg,3.59,14.360,2026-09-28,2026-10-04,"Surgelata, già grigliata. Quantità limitata."
aldi28,Aldi,Mortadella,"Mortadella Bologna IGP con pistacchio, confezione doppia – Regione che vai",300 g (2 × 150 g),0.3,al kg,2.69,8.967,2026-09-28,2026-10-04,"Confezione doppia: quella normale costa 1,55 per 150 g. Quantità limitata."
aldi28,Aldi,Mozzarella,Trecce di mozzarella – Regione che vai,200 g (2 × 100 g),0.2,al kg,1.69,8.450,2026-09-28,2026-10-04,Prezzo calcolato sul peso sgocciolato. Latte italiano. Quantità limitata.
aldi28,Aldi,Olio d'oliva,Olio extravergine di oliva Classico – Monini,1 l,1,al litro,5.99,5.990,2026-09-28,2026-10-04,"−31%, prima 8,79."
aldi28,Aldi,Pane,Cracker Protein-G – Galbusera,200 g,0.2,al kg,1.99,9.950,2026-09-28,2026-10-04,Quantità limitata.
aldi28,Aldi,Pane,Cracker Semplicissimi riso nero e semi di lino – Doria,245 g,0.245,al kg,1.69,6.898,2026-09-28,2026-10-04,Quantità limitata.
aldi28,Aldi,Pane,Crostini gusto mediterraneo – Panealba,100 g,0.1,al kg,0.79,7.900,2026-09-28,2026-10-04,Quantità limitata.
aldi28,Aldi,Pane,Cuor di Pane – Mulino Bianco,325 g,0.325,al kg,1.89,5.815,2026-09-28,2026-10-04,Pane in cassetta. Quantità limitata.
aldi28,Aldi,Pane,Gallette Veggie Mix – Fiorentini,120 g,0.12,al kg,1.49,12.417,2026-09-28,2026-10-04,Gallette di riso con verdure. Quantità limitata.
aldi28,Aldi,Pane,Grissini Rubatà – Derby,450 g,0.45,al kg,1.99,4.422,2026-09-28,2026-10-04,Quantità limitata.
aldi28,Aldi,Pane,Grissini rustici – La Cesta,300 g,0.3,al kg,1.19,3.967,2026-09-28,2026-10-04,Quantità limitata.
aldi28,Aldi,Pane,Pane ai 4 cereali affettato – La Cesta,500 g,0.5,al kg,1.65,3.300,2026-09-28,2026-10-04,"Prezzo fisso Aldi («dal nostro assortimento»), non un'offerta a tempo."
aldi28,Aldi,Pane,Pane proteico – Happy Harvest,250 g,0.25,al kg,1.59,6.360,2026-09-28,2026-10-04,
aldi28,Aldi,Pane,Piadina integrale – La Cesta,300 g,0.3,al kg,0.89,2.967,2026-09-28,2026-10-04,"Prezzo fisso Aldi («dal nostro assortimento»), non un'offerta a tempo."
aldi28,Aldi,Pane,Taralli classici – La Cesta,500 g,0.5,al kg,1.59,3.180,2026-09-28,2026-10-04,"Sono taralli. Prezzo fisso Aldi («dal nostro assortimento»), non un'offerta a tempo."
aldi28,Aldi,Patate,Patate gialle della Sila IGP – Regione che vai,"1,5 kg",1.5,al kg,1.99,1.327,2026-09-28,2026-10-04,"−33%, prima 2,99. Coltivate in Italia."
aldi28,Aldi,Patate,Patatine fritte – All Seasons,"2,5 kg",2.5,al kg,3.35,1.340,2026-09-28,2026-10-04,"Surgelate. Prezzo fisso Aldi («dal nostro assortimento»), non un'offerta a tempo."
aldi28,Aldi,Pesce,Trancio di pesce spada – Fiorital,170 g,0.17,al kg,3.49,20.529,2026-09-28,2026-10-04,"−22%, prima 4,49. Nel banco frigo."
aldi28,Aldi,Pizza,Pizza Margherita «La Bomba» con cornicione ripieno – Italpizza,440 g,0.44,al kg,2.99,6.795,2026-09-28,2026-10-04,Surgelata. Quantità limitata.
aldi28,Aldi,Pollo,Fusi di pollo – Il Podere,850 g,0.85,al kg,2.99,3.518,2026-09-28,2026-10-04,"−28%, prima 4,19. Carne italiana."
aldi28,Aldi,Pollo,Pollo in parti – Il Podere,al kg,1,al kg,3.99,3.990,2026-09-28,2026-10-04,Quantità limitata. Carne italiana.
aldi28,Aldi,Preparati,Cotolette di pollo XXL – Il Podere,800 g,0.8,al kg,2.99,3.738,2026-09-28,2026-10-04,"Confezione grande: quella normale costa 1,99 per 440 g. Quantità limitata. Carne italiana."
aldi28,Aldi,Preparati,Hamburger di equino – Il Podere,200 g (2 × 100 g),0.2,al kg,2.19,10.950,2026-09-28,2026-10-04,"−20%, prima 2,75."
aldi28,Aldi,Preparati,Polpette di suino – Il Podere,320 g,0.32,al kg,3.59,11.219,2026-09-28,2026-10-04,"Prezzo fisso Aldi («dal nostro assortimento»), non un'offerta a tempo."
aldi28,Aldi,Preparati,"Polpette di tacchino, pollo e suino XXL – Il Podere",360 g,0.36,al kg,2.49,6.917,2026-09-28,2026-10-04,"Confezione grande: quella normale costa 1,89 per 240 g. Quantità limitata. Carne italiana."
aldi28,Aldi,Preparati,Rollè di suino ripieno – Il Podere,700 g,0.7,al kg,3.99,5.700,2026-09-28,2026-10-04,"−38%, prima 6,49."
aldi28,Aldi,Prosciutto,Prosciutto cotto Alta Qualità – Negroni,120 g,0.12,al kg,1.99,16.583,2026-09-28,2026-10-04,Quantità limitata.
aldi28,Aldi,Prosciutto,"Prosciutto crudo, stagionatura minima 11 mesi – Il Tagliere del Re",150 g,0.15,al kg,1.99,13.267,2026-09-28,2026-10-04,"−27%, prima 2,75."
aldi28,Aldi,Prosciutto,"Speck delle Alpi, confezione doppia – Il Tagliere del Re",200 g (2 × 100 g),0.2,al kg,2.99,14.950,2026-09-28,2026-10-04,Quantità limitata.
aldi28,Aldi,Ricotta,Mascarpone – Bonlà,250 g,0.25,al kg,1.29,5.160,2026-09-28,2026-10-04,"−21%, prima 1,65. Latte italiano."
aldi28,Aldi,Ricotta,Ricottina al limone – Regione che vai,180 g,0.18,al kg,1.99,11.056,2026-09-28,2026-10-04,"Ricotta al limone, non semplice. Nel banco frigo. Quantità limitata."
aldi28,Aldi,Riso,Riso Arborio – I Colori del Sapore,1 kg,1,al kg,1.79,1.790,2026-09-28,2026-10-04,"−28%, prima 2,49. Riso italiano."
aldi28,Aldi,Riso,Risotto alla milanese o ai funghi porcini – Knorr,175 g,0.175,al kg,1.39,7.943,2026-09-28,2026-10-04,È un preparato per risotto. Quantità limitata.
aldi28,Aldi,Salame,Luganega stagionata – Salumificio Val Rendena,80 g,0.08,al kg,2.29,28.625,2026-09-28,2026-10-04,Quantità limitata.
aldi28,Aldi,Salmone affumicato,Salmone norvegese affumicato a fetta lunga – Gourmet,100 g,0.1,al kg,3.99,39.900,2026-09-28,2026-10-04,Quantità limitata.
aldi28,Aldi,Shampoo,"Shampoo, varianti diverse – Lacura",500 ml,0.5,al litro,1.99,3.980,2026-09-28,2026-10-04,"Prezzo fisso Aldi («dal nostro assortimento»), non un'offerta a tempo."
aldi28,Aldi,Sughi,"Pesto, gusti vari – Tigullio",185 g,0.185,al kg,1.89,10.216,2026-09-28,2026-10-04,Quantità limitata.
aldi28,Aldi,Suino,Braciole di lombo di suino – Il Podere,700 g,0.7,al kg,3.99,5.700,2026-09-28,2026-10-04,"−14%, prima 4,69. Carne italiana."
aldi28,Aldi,Tonno,"Tonno in olio d'oliva pescato a canna, conf. 4 pezzi – Rio Mare",320 g (4 × 80 g),0.32,al kg,5.39,16.844,2026-09-28,2026-10-04,Una lattina gratis: 4 al prezzo di 3. Peso non sgocciolato. Quantità limitata.
aldi28,Aldi,Verdura,Carote – I Colori del Sapore,1 kg,1,al kg,0.79,0.790,2026-09-28,2026-10-04,"−33%, prima 1,19. Coltivate in Italia."
aldi28,Aldi,Verdura,Poker di funghi tagliati – I Colori del Sapore,300 g,0.3,al kg,1.49,4.967,2026-09-28,2026-10-04,"−40%, prima 2,49. Coltivati in Italia."
aldi28,Aldi,Verdura,Tris di verdure o spinaci cotti – Good Choice,200 g (spinaci),0.2,al kg,1.89,9.450,2026-09-28,2026-10-04,"Verdure già cotte in vaschetta. Stesso prezzo per il tris da 220 g: qui il conto è sugli spinaci, il formato più piccolo. Prezzo fisso Aldi («dal nostro assortimento»), non un'offerta a tempo."
aldi28,Aldi,Verdure surgelate,Bastoncini di verdure – Primana,300 g,0.3,al kg,1.39,4.633,2026-09-28,2026-10-04,"Surgelati, impanati. Prezzo fisso Aldi («dal nostro assortimento»), non un'offerta a tempo."
aldi28,Aldi,Vino,Blanc de Blancs – Costellore,750 ml,0.75,al litro,2.69,3.587,2026-09-28,2026-10-04,"Spumante. Prezzo fisso Aldi («dal nostro assortimento»), non un'offerta a tempo."
aldi28,Aldi,Vino,Bonarda dell'Oltrepò Pavese DOC – Denovo,750 ml,0.75,al litro,1.79,2.387,2026-09-28,2026-10-04,"−25%, prima 2,39. Vino del mese."
aldi28,Aldi,Yogurt,"Granola Protein Snack, gusti vari – Milsani",185 g,0.185,al kg,1.35,7.297,2026-09-28,2026-10-04,"Yogurt proteico con granola. Prezzo fisso Aldi («dal nostro assortimento»), non un'offerta a tempo."
aldi28,Aldi,Yogurt,Kefir – Milsani,500 g,0.5,al kg,0.85,1.700,2026-09-28,2026-10-04,"È kefir da bere. Prezzo fisso Aldi («dal nostro assortimento»), non un'offerta a tempo."
aldi28,Aldi,Yogurt,"Skyr alla frutta, gusti vari – Milsani",150 g,0.15,al kg,0.89,5.933,2026-09-28,2026-10-04,"Prezzo fisso Aldi («dal nostro assortimento»), non un'offerta a tempo."
aldi28,Aldi,Yogurt,Skyr bianco – Milsani,500 g,0.5,al kg,1.99,3.980,2026-09-28,2026-10-04,
aldi28,Aldi,Yogurt,"Yogurt alla frutta – Yomo, conf. 8 pezzi",1 kg (8 × 125 g),1,al kg,2.59,2.590,2026-09-28,2026-10-04,Quantità limitata.
aldi28,Aldi,Yogurt,"Yogurt greco 0% di grassi caffè, pesca o vaniglia – Lyttos, conf. 3 pezzi",450 g (3 × 150 g),0.45,al kg,2.79,6.200,2026-09-28,2026-10-04,"Prezzo fisso Aldi («dal nostro assortimento»), non un'offerta a tempo."
eurospin24,Eurospin,Frutta,Arance Valencia,"1,5 kg",1.5,al kg,2.49,1.660,2026-09-28,2026-10-04,Vale solo dal 28 settembre al 4 ottobre.
eurospin24,Eurospin,Insalata,Insalata mista,200 g,0.2,al kg,0.79,3.950,2026-09-28,2026-10-04,Vale solo dal 28 settembre al 4 ottobre.
eurospin24,Eurospin,Verdura,Zucchine,al kg,1,al kg,1.29,1.290,2026-09-28,2026-10-04,Vale solo dal 28 settembre al 4 ottobre.
ipercoop24,Ipercoop,Latte,Latte microfiltrato parzialmente scremato o intero – Origine Coop,1 litro,1,al litro,1.19,1.190,2026-09-28,2026-10-04,"Vale solo dal 28 settembre al 4 ottobre, non per tutto il volantino. Latte 100% italiano."
lidl24,Lidl,Bibite,Regular – Coca-Cola,"4x0,5 litri",2,al litro,2.99,1.495,2026-09-28,2026-09-30,
lidl24,Lidl,Biscotti,Baiocchi al pistacchio – Mulino Bianco,168 g,0.168,al kg,1.99,11.845,2026-09-28,2026-09-30,
lidl24,Lidl,Biscotti,Nascondini – Mulino Bianco,600 g,0.6,al kg,2.99,4.983,2026-09-28,2026-09-30,
lidl24,Lidl,Caffè,Capsule A Modo Mio Crema&Gusto o Qualità Rossa – Lavazza,"540 g, 72 capsule",0.54,al kg,18.99,35.167,2026-09-28,2026-09-30,
lidl24,Lidl,Conserve,Olive verdi Manzanilla farcite con peperoni rossi o acciughe – Sol&Mar,"170 g, sgocciolati",0.17,al kg,1.49,8.765,2026-09-28,2026-09-30,
lidl24,Lidl,Conserve,Olive verdi spagnole denocciolate e marinate – Sol&Mar,150 g,0.15,al kg,2.29,15.267,2026-09-28,2026-09-30,
lidl24,Lidl,Dentifricio,Dentifricio White Now o Protect Plus – Mentadent,2x75 ml,0.15,al litro,3.85,25.667,2026-09-28,2026-09-30,
lidl24,Lidl,Formaggio,Formaggino Mio – Nestlé,125 g,0.125,al kg,1.39,11.120,2026-09-28,2026-09-30,
lidl24,Lidl,Frutta,Pere Var. Carmen,1 kg,1,al kg,1.79,1.790,2026-09-28,2026-09-30,"Con Lidl Plus. Senza tessera 2,49."
lidl24,Lidl,Frutta,Uva Red Globe,al kg,1,al kg,1.99,1.990,2026-09-28,2026-09-30,"Prima 2,99."
lidl24,Lidl,Insalata,Insalate Regionali alla lombarda o alla trentina – Bonduelle,130 g,0.13,al kg,2.29,17.615,2026-09-28,2026-09-30,"Con noci e mele o con miele e noci, non solo insalata in foglia."
lidl24,Lidl,Legumi,Ceci cotti – Sol&Mar,"400 g, sgocciolati",0.4,al kg,0.99,2.475,2026-09-28,2026-09-30,
lidl24,Lidl,Merendine,Magdalenas – Sol&Mar,615 g,0.615,al kg,2.89,4.699,2026-09-28,2026-09-30,
lidl24,Lidl,Pane,Grissini con semi di girasole – Sol&Mar,166 g,0.166,al kg,1.19,7.169,2026-09-28,2026-09-30,
lidl24,Lidl,Pane,Mini grissini al gusto di olive e rosmarino – Sol&Mar,110 g,0.11,al kg,1.29,11.727,2026-09-28,2026-09-30,
lidl24,Lidl,Patate,Patate Iodi – Pizzoli,"1,5 kg rete",1.5,al kg,2.19,1.460,2026-09-28,2026-09-30,"Prima 3,19."
lidl24,Lidl,Prosciutto,Jamón Serrano STG – Sol&Mar,240 g,0.24,al kg,4.49,18.708,2026-09-28,2026-09-30,Stagionato minimo 11 mesi.
lidl24,Lidl,Verdura,Carote,al kg,1,al kg,1.09,1.090,2026-09-28,2026-09-30,"Con Lidl Plus. Senza tessera 1,49."
lidl24,Lidl,Vino,Libertario Tempranillo tinto La Mancha DO,"0,75 litri",0.75,al litro,1.99,2.653,2026-09-28,2026-09-30,
lidl24,Lidl,Yogurt,Ayo Kefir senza lattosio – Arborea,140 g,0.14,al kg,0.79,5.643,2026-09-28,2026-09-30,
carraia29,Carrefour Iper,Pollo,Quarti di pollo – Aia,al kg,1,al kg,4.73,4.730,2026-09-29,2026-10-22,"−25%, prima 6,31 al kg. Vale dal 29 settembre al 22 ottobre."
carraia29,Carrefour Iper,Pollo,"Sottilissime, fettine di filetti di pollo – Aia",al kg,1,al kg,12.49,12.490,2026-09-29,2026-10-22,"−30%, prima 17,92 al kg. Vale dal 29 settembre al 22 ottobre."
carraia29,Carrefour Iper,Preparati,"Alette di pollo arrosto Durango Extra Hot, con erbe aromatiche o Original – Aia",400 g,0.4,al kg,3.99,9.975,2026-09-29,2026-10-22,"−33%, prima 5,99. Già cotte. Vale dal 29 settembre al 22 ottobre."
carraia29,Carrefour Iper,Preparati,"Bigger, cotolette di pollo con limoni di Sicilia – Aia",280 g,0.28,al kg,3.59,12.821,2026-09-29,2026-10-22,"−40%, prima 5,99. Vale dal 29 settembre al 22 ottobre."
carraia29,Carrefour Iper,Preparati,"BonRoll Classico, ripieno con spinaci o con speck – Aia",680 g,0.68,al kg,6.49,9.544,2026-09-29,2026-11-15,"−44%, prima 11,59."
carraia29,Carrefour Iper,Preparati,BonRoll Easy con spinaci o con prosciutto e formaggio – Aia,300 g,0.3,al kg,3.99,13.300,2026-09-29,2026-10-22,"−33%, prima 5,99. Vale dal 29 settembre al 22 ottobre."
carraia29,Carrefour Iper,Preparati,Cotolette impanate La Milanese o Spinacine Grancroccanti – Aia,300 g,0.3,al kg,3.59,11.967,2026-09-29,2026-10-22,"−40%, prima 5,99. Vale dal 29 settembre al 22 ottobre."
carraia29,Carrefour Iper,Preparati,Hamburger classico di tacchino con rosmarino o di pollo – Aia,200 g,0.2,al kg,1.99,9.950,2026-09-29,2026-10-22,"−50%, prima 3,99. Vale dal 29 settembre al 22 ottobre."
carraia29,Carrefour Iper,Preparati,Polpettine di suino – Aia,320 g,0.32,al kg,3.99,12.469,2026-09-29,2026-10-22,"−31%, prima 5,79. Vale dal 29 settembre al 22 ottobre."
carraia29,Carrefour Iper,Preparati,"Sottilissime, cotolette di filetti di pollo impanate – Aia",140 g,0.14,al kg,1.99,14.214,2026-09-29,2026-10-22,"−33%, prima 2,99. Vale dal 29 settembre al 22 ottobre."
carriper29,Carrefour Iper,Acqua,"Acqua Brio Blu, Brio Rossa o Rocchetta, conf. 6 pezzi","9 litri (6 × 1,5 l)",9,al litro,2.59,0.288,2026-09-29,2026-10-12,"−28%, prima 3,60. Solo con la tessera SpesAmica Payback."
carriper29,Carrefour Iper,Acqua,"Acqua effervescente naturale, conf. 6 pezzi – Ferrarelle",3 litri (6 × 500 ml),3,al litro,1.69,0.563,2026-09-29,2026-10-12,
carriper29,Carrefour Iper,Acqua,"Acqua naturale o frizzante, conf. 12 pezzi – Valmora",6 litri (12 × 500 ml),6,al litro,2.15,0.358,2026-09-29,2026-10-12,"−35%, prima 3,36. Solo con la tessera SpesAmica Payback."
carriper29,Carrefour Iper,Acqua,"Acqua naturale o frizzante, conf. 6 pezzi – Eva","9 litri (6 × 1,5 l)",9,al litro,1.79,0.199,2026-09-29,2026-10-12,"−31%, prima 2,60. Solo con la tessera SpesAmica Payback."
carriper29,Carrefour Iper,Acqua,"Acqua naturale, conf. 6 pezzi – Levissima",12 litri (6 × 2 l),12,al litro,2.99,0.249,2026-09-29,2026-10-12,"−50%, prima 5,99. Solo con la tessera SpesAmica Payback."
carriper29,Carrefour Iper,Acqua,"Acqua naturale, conf. 6 pezzi – Panna","9 litri (6 × 1,5 l)",9,al litro,2.29,0.254,2026-09-29,2026-10-12,"−35%, prima 3,77. Solo con la tessera SpesAmica Payback."
carriper29,Carrefour Iper,Affettati,Arrosto di tacchino,al kg,1,al kg,15.90,15.900,2026-09-29,2026-10-12,"−26%, prima 2,15 all'etto."
carriper29,Carrefour Iper,Affettati,Fesa di tacchino arrosto – Amadori,100 g,0.1,al kg,1.89,18.900,2026-09-29,2026-10-12,"−36%, prima 2,96. Solo con la tessera SpesAmica Payback."
carriper29,Carrefour Iper,Affettati,Gran fesa di manzo cotta – Raspini,al kg,1,al kg,20.72,20.720,2026-09-29,2026-10-12,"−20%, prima 2,59 all'etto."
carriper29,Carrefour Iper,Ammorbidente,"Ammorbidente concentrato, 38 lavaggi – Lenor",695 ml,38,a lavaggio,2.99,0.079,2026-09-29,2026-10-12,"−25%, prima 3,99. Solo con la tessera SpesAmica Payback."
carriper29,Carrefour Iper,Ammorbidente,"Ammorbidente concentrato, 87 lavaggi – Coccolino","1,827 litri",87,a lavaggio,3.99,0.046,2026-09-29,2026-10-12,"−45%, prima 7,27. Solo con la tessera SpesAmica Payback."
carriper29,Carrefour Iper,Ammorbidente,"Ammorbidente diluito, 45 lavaggi – Vernel","2,97 litri",45,a lavaggio,3.39,0.075,2026-09-29,2026-10-12,"−39%, prima 5,57."
carriper29,Carrefour Iper,Asciugatutto,Asciugatutto Fashion – Nicky,3 rotoli,3,al rotolo,2.19,0.730,2026-09-29,2026-10-12,"−26%, prima 2,99."
carriper29,Carrefour Iper,Asciugatutto,Bobina Jumbo Roll 500 strappi – Carrefour Essential,1 rotolo,1,al rotolo,3.99,3.990,2026-09-29,2026-10-12,"−27%, prima 5,49."
carriper29,Carrefour Iper,Asciugatutto,Carta casa – Regina di Cuori,6 rotoli,6,al rotolo,3.99,0.665,2026-09-29,2026-10-12,"−41%, prima 6,79."
carriper29,Carrefour Iper,Bagnoschiuma,"Bagnodoccia, profumazioni assortite – Lycia",750 ml,0.75,al litro,1.89,2.520,2026-09-29,2026-10-12,"−32%, prima 2,79. Solo con la tessera SpesAmica Payback."
carriper29,Carrefour Iper,Bagnoschiuma,"Bagnodoccia, profumazioni assortite – Neutromed",600 ml,0.6,al litro,1.89,3.150,2026-09-29,2026-10-12,"−47%, prima 3,57. Solo con la tessera SpesAmica Payback."
carriper29,Carrefour Iper,Bagnoschiuma,"Bagnodoccia, profumazioni assortite – Spuma di Sciampagna",650 ml,0.65,al litro,1.39,2.138,2026-09-29,2026-10-12,"−50%, prima 2,78. Solo con la tessera SpesAmica Payback."
carriper29,Carrefour Iper,Bagnoschiuma,"Detergente intimo, conf. 2 pezzi – Neutromed",400 ml (2 × 200 ml),0.4,al litro,2.49,6.225,2026-09-29,2026-10-12,"−50%, prima 4,99. Solo con la tessera SpesAmica Payback."
carriper29,Carrefour Iper,Bagnoschiuma,"Docciaschiuma, assortiti – Tesori d'Oriente",500 ml,0.5,al litro,2.99,5.980,2026-09-29,2026-10-12,"−30%, prima 4,28. Solo con la tessera SpesAmica Payback."
carriper29,Carrefour Iper,Bagnoschiuma,"Ricarica sapone mani, assortite – Jacklon",1 litro,1,al litro,1.29,1.290,2026-09-29,2026-10-12,"−35%, prima 1,99. Solo con la tessera SpesAmica Payback."
carriper29,Carrefour Iper,Bagnoschiuma,"Sapone liquido mani, assortiti – Amuchina",250 ml,0.25,al litro,1.79,7.160,2026-09-29,2026-10-12,"−35%, prima 2,76. Solo con la tessera SpesAmica Payback."
carriper29,Carrefour Iper,Bagnoschiuma,"Sapone liquido, profumazioni assortite – Malizia",300 ml,0.3,al litro,0.99,3.300,2026-09-29,2026-10-12,"−33%, prima 1,49. Solo con la tessera SpesAmica Payback."
carriper29,Carrefour Iper,Bibite,"Cedrata, gusti assortiti, conf. 4 pezzi – Tassoni",720 ml (4 × 180 ml),0.72,al litro,3.19,4.431,2026-09-29,2026-10-12,"−20%, prima 3,99. Solo con la tessera SpesAmica Payback."
carriper29,Carrefour Iper,Bibite,"Energy drink, conf. 8 pezzi – Red Bull",2 litri (8 × 250 ml),2,al litro,7.49,3.745,2026-09-29,2026-10-12,"−33%, prima 11,18. Comprando 2 confezioni o più costa 6,99 l'una. Solo con la tessera SpesAmica Payback."
carriper29,Carrefour Iper,Bibite,"Fruitz!, gusti assortiti, conf. 2 pezzi – Santal",400 ml (2 × 200 ml),0.4,al litro,1.99,4.975,2026-09-29,2026-10-12,"−23%, prima 2,59. Analcolico alla frutta. Solo con la tessera SpesAmica Payback."
carriper29,Carrefour Iper,Bibite,"Fuze Tea, gusti assortiti",400 ml,0.4,al litro,0.69,1.725,2026-09-29,2026-10-12,"−25%, prima 0,93. Solo con la tessera SpesAmica Payback."
carriper29,Carrefour Iper,Bibite,"Original o Zero, conf. 2 pezzi – Coca-Cola","3 litri (2 × 1,5 l)",3,al litro,2.79,0.930,2026-09-29,2026-10-12,"−35%, prima 4,36. Solo con la tessera SpesAmica Payback."
carriper29,Carrefour Iper,Bibite,"Succhi di frutta Skipper, gusti assortiti – Zuegg",1 litro,1,al litro,1.29,1.290,2026-09-29,2026-10-12,"−35%, prima 1,99. Solo con la tessera SpesAmica Payback."
carriper29,Carrefour Iper,Bibite,Succo di mela – Melinda,1 litro,1,al litro,2.99,2.990,2026-09-29,2026-10-12,"−20%, prima 3,74."
carriper29,Carrefour Iper,Bibite,"Thè, gusti assortiti – San Benedetto","1,5 litri",1.5,al litro,0.69,0.460,2026-09-29,2026-10-12,"−50%, prima 1,39. Solo con la tessera SpesAmica Payback."
carriper29,Carrefour Iper,Bibite,"Thè, gusti assortiti, conf. 6 pezzi – Carrefour Classic","1,2 litri (6 × 200 ml)",1.2,al litro,1.35,1.125,2026-09-29,2026-10-12,
carriper29,Carrefour Iper,Birra,"Birra 5,0 Original Craft",500 ml,0.5,al litro,0.99,1.980,2026-09-29,2026-10-12,
carriper29,Carrefour Iper,Birra,"Birra Black, Helles o Weiss in lattina – Oettinger",500 ml,0.5,al litro,0.79,1.580,2026-09-29,2026-10-12,
carriper29,Carrefour Iper,Birra,Birra Brauhaus Helles Bio – Riedenburger,500 ml,0.5,al litro,1.99,3.980,2026-09-29,2026-10-12,
carriper29,Carrefour Iper,Birra,Birra Festweisse – Schneider,500 ml,0.5,al litro,2.39,4.780,2026-09-29,2026-10-12,"−20%, prima 2,99. Solo con la tessera SpesAmica Payback."
carriper29,Carrefour Iper,Birra,Birra Fresh 0.0 – Warsteiner,330 ml,0.33,al litro,0.85,2.576,2026-09-29,2026-10-12,Analcolica.
carriper29,Carrefour Iper,Birra,Birra Lagerbier Hell – Augustinerbräu München,500 ml,0.5,al litro,2.29,4.580,2026-09-29,2026-10-12,
carriper29,Carrefour Iper,Birra,Birra Münchner Weisse – Hofbräu München,500 ml,0.5,al litro,1.39,2.780,2026-09-29,2026-10-12,"−20%, prima 1,74. Solo con la tessera SpesAmica Payback."
carriper29,Carrefour Iper,Birra,Birra Nastro Azzurro Stile Capri – Peroni,330 ml,0.33,al litro,0.69,2.091,2026-09-29,2026-10-12,"−50%, prima 1,39. Solo con la tessera SpesAmica Payback."
carriper29,Carrefour Iper,Birra,Birra Nastro Azzurro in lattina – Peroni,500 ml,0.5,al litro,0.89,1.780,2026-09-29,2026-10-12,"−34%, prima 1,35. Solo con la tessera SpesAmica Payback."
carriper29,Carrefour Iper,Birra,Birra Oktoberfest – Hb,500 ml,0.5,al litro,1.99,3.980,2026-09-29,2026-10-12,
carriper29,Carrefour Iper,Birra,Birra Oktoberfest – Löwenbräu,500 ml,0.5,al litro,1.29,2.580,2026-09-29,2026-10-12,
carriper29,Carrefour Iper,Birra,"Birra Original Pils, conf. 3 pezzi – Beck's",990 ml (3 × 330 ml),0.99,al litro,1.89,1.909,2026-09-29,2026-10-12,"−50%, prima 3,79. Solo con la tessera SpesAmica Payback."
carriper29,Carrefour Iper,Birra,Birra Pils in lattina – Oettinger,500 ml,0.5,al litro,0.79,1.580,2026-09-29,2026-10-12,
carriper29,Carrefour Iper,Birra,"Birra Strong Ale, conf. 4 pezzi – Ceres","1,32 litri (4 × 330 ml)",1.32,al litro,4.99,3.780,2026-09-29,2026-10-12,"−35%, prima 7,69. Solo con la tessera SpesAmica Payback."
carriper29,Carrefour Iper,Birra,Birra Super Strong Lager Scozzese doppio malto – Tennent's,355 ml,0.355,al litro,1.49,4.197,2026-09-29,2026-10-12,
carriper29,Carrefour Iper,Birra,Birra in lattina – La Chouffe,500 ml,0.5,al litro,2.49,4.980,2026-09-29,2026-10-12,"−24%, prima 3,28. Solo con la tessera SpesAmica Payback."
carriper29,Carrefour Iper,Birra,Birra lager o dark – Kozel,500 ml,0.5,al litro,0.99,1.980,2026-09-29,2026-10-12,"−36%, prima 1,55. Solo con la tessera SpesAmica Payback."
carriper29,Carrefour Iper,Birra,"Birra non filtrata, conf. 3 pezzi – Ichnusa",990 ml (3 × 330 ml),0.99,al litro,2.99,3.020,2026-09-29,2026-10-12,"−30%, prima 4,28. Solo con la tessera SpesAmica Payback."
carriper29,Carrefour Iper,Birra,Birra – Corona,330 ml,0.33,al litro,1.09,3.303,2026-09-29,2026-10-12,
carriper29,Carrefour Iper,Birra,Birra – Heineken,660 ml,0.66,al litro,0.99,1.500,2026-09-29,2026-10-12,"−33%, prima 1,49. Solo con la tessera SpesAmica Payback."
carriper29,Carrefour Iper,Birra,Birra – Warsteiner,660 ml,0.66,al litro,1.29,1.955,2026-09-29,2026-10-12,"−31%, prima 1,88. Solo con la tessera SpesAmica Payback."
carriper29,Carrefour Iper,Birra,"Birra, conf. 12 pezzi – Peroni","3,96 litri (12 × 330 ml)",3.96,al litro,7.99,2.018,2026-09-29,2026-10-12,"−20%, prima 9,99. Solo con la tessera SpesAmica Payback."
carriper29,Carrefour Iper,Birra,Fustino birra Pils – Bitburger,5 litri,5,al litro,11.90,2.380,2026-09-29,2026-10-12,
carriper29,Carrefour Iper,Biscotti,"Biscotti Gran Dispensa, gusti assortiti – Colussi",565 g,0.565,al kg,1.89,3.345,2026-09-29,2026-10-12,"−50%, prima 3,79. Solo con la tessera SpesAmica Payback."
carriper29,Carrefour Iper,Biscotti,"Biscotti classici, vari tipi – Mulino Bianco",700 g,0.7,al kg,1.69,2.414,2026-09-29,2026-10-12,"−50%, prima 3,39. Stesso prezzo per le confezioni da 800 g: qui il conto è sul formato più piccolo."
carriper29,Carrefour Iper,Biscotti,Biscotto – Plasmon,"1,8 kg",1.8,al kg,9.90,5.500,2026-09-29,2026-10-12,"−31%, prima 14,36. Biscotti per bambini. Solo con la tessera SpesAmica Payback."
carriper29,Carrefour Iper,Biscotti,"Cereal-Yo, gusti assortiti – Vitasnella",253 g,0.253,al kg,1.19,4.704,2026-09-29,2026-10-12,"−40%, prima 1,99. Solo con la tessera SpesAmica Payback."
carriper29,Carrefour Iper,Biscotti,Frollini Fibraextra – Misura,380 g,0.38,al kg,1.69,4.447,2026-09-29,2026-10-12,"−45%, prima 3,08. Solo con la tessera SpesAmica Payback."
carriper29,Carrefour Iper,Biscotti,Pavesini,200 g,0.2,al kg,1.49,7.450,2026-09-29,2026-10-12,"−40%, prima 2,49. Solo con la tessera SpesAmica Payback."
carriper29,Carrefour Iper,Biscotti,Savoiardi Vicenzovo – Vicenzi,300 g,0.3,al kg,0.99,3.300,2026-09-29,2026-10-12,"−40%, prima 1,65. Solo con la tessera SpesAmica Payback."
carriper29,Carrefour Iper,Burro,Burro – Centrale del Latte di Torino,125 g,0.125,al kg,1.99,15.920,2026-09-29,2026-10-12,
carriper29,Carrefour Iper,Burro,Burro – Latteria Soresina,250 g,0.25,al kg,2.29,9.160,2026-09-29,2026-10-12,"−34%, prima 3,49."
carriper29,Carrefour Iper,Caffè,"Caffè Aroma Italiano, conf. 4 pezzi – Kimbo",1 kg (4 × 250 g),1,al kg,10.49,10.490,2026-09-29,2026-10-12,"−50%, prima 20,98. Solo con la tessera SpesAmica Payback."
carriper29,Carrefour Iper,Caffè,"Caffè in capsule, gusti assortiti, 30 capsule – L'Or",156 g,0.156,al kg,7.99,51.218,2026-09-29,2026-10-12,"−22%, prima 10,25. Solo con la tessera SpesAmica Payback."
carriper29,Carrefour Iper,Caffè,Caffè in grani Qualità Rossa – Lavazza,1 kg,1,al kg,18.99,18.990,2026-09-29,2026-10-12,−30%. Solo con la tessera SpesAmica Payback.
carriper29,Carrefour Iper,Caffè,"Caffè macinato Classico, Morbido, Forte o Espresso – Carrefour Classic",250 g,0.25,al kg,2.99,11.960,2026-09-29,2026-10-12,"−20%, prima 3,74. Solo con la tessera SpesAmica Payback."
carriper29,Carrefour Iper,Caffè,"Caffè macinato Soft Can, gusto classico o intenso – Illy",185 g,0.185,al kg,4.69,25.351,2026-09-29,2026-10-12,"−20%, prima 5,87. Solo con la tessera SpesAmica Payback."
carriper29,Carrefour Iper,Caffè,"Capsule Dolce Gusto, gusti assortiti, 30 capsule – Kimbo",210 g,0.21,al kg,6.39,30.429,2026-09-29,2026-10-12,"−35%, prima 9,84. Compatibili Nescafé Dolce Gusto. Solo con la tessera SpesAmica Payback."
carriper29,Carrefour Iper,Caffè,"Capsule compatibili Nespresso, gusti assortiti – Starbucks",57 g,0.057,al kg,3.29,57.719,2026-09-29,2026-10-12,
carriper29,Carrefour Iper,Caffè,"Capsule in alluminio compatibili Nespresso Napoli, Ristretto o Macinato Fresco, 60 capsule – Kimbo",330 g,0.33,al kg,9.99,30.273,2026-09-29,2026-10-12,"−50%, prima 19,99. Comprando 4 confezioni o più costa 8,99 l'una. Solo con la tessera SpesAmica Payback."
carriper29,Carrefour Iper,Caffè,"Capsule, gusti assortiti, 16 capsule – Bialetti",115 g,0.115,al kg,4.99,43.391,2026-09-29,2026-10-12,"−20%, prima 6,24. Solo con la tessera SpesAmica Payback."
carriper29,Carrefour Iper,Caffè,"Cialde Crema e Gusto, 100 cialde – Lavazza",700 g,0.7,al kg,15.99,22.843,2026-09-29,2026-10-12,"−20%, prima 19,99. Solo con la tessera SpesAmica Payback."
carriper29,Carrefour Iper,Calamari,Anelli di totano decongelati,al kg,1,al kg,7.90,7.900,2026-09-29,2026-10-12,"−38%, prima 12,90 al kg."
carriper29,Carrefour Iper,Calamari,Totano,al kg,1,al kg,9.90,9.900,2026-09-29,2026-10-12,"−23%, prima 12,90 al kg."
carriper29,Carrefour Iper,Carta igienica,Carta igienica Rotoloni – Regina,12 rotoli,12,al rotolo,7.99,0.666,2026-09-29,2026-10-12,"−33%, prima 11,99."
carriper29,Carrefour Iper,Cereali,"Cereali Vitalis, gusti assortiti – Cameo",310 g,0.31,al kg,1.99,6.419,2026-09-29,2026-10-12,"−40%, prima 3,32. Solo con la tessera SpesAmica Payback."
carriper29,Carrefour Iper,Cereali,Special K Classico – Kellogg's,450 g,0.45,al kg,1.79,3.978,2026-09-29,2026-10-12,"−50%, prima 3,59. Solo con la tessera SpesAmica Payback."
carriper29,Carrefour Iper,Cioccolato,"Baci Bijou, gusti assortiti – Perugina",200 g,0.2,al kg,5.99,29.950,2026-09-29,2026-10-12,"−30%, prima 8,56. Solo con la tessera SpesAmica Payback."
carriper29,Carrefour Iper,Cioccolato,Cremini classico – Terre d'Italia,150 g,0.15,al kg,2.99,19.933,2026-09-29,2026-10-12,"−20%, prima 3,74. Solo con la tessera SpesAmica Payback."
carriper29,Carrefour Iper,Cioccolato,"Emilia cioccolato fondente extra, fondente 70% o bianco – Zàini",200 g,0.2,al kg,2.99,14.950,2026-09-29,2026-10-12,"−30%, prima 4,28. Solo con la tessera SpesAmica Payback."
carriper29,Carrefour Iper,Cioccolato,"Kit Kat Trio, gusti assortiti – Nestlé",125 g,0.125,al kg,1.99,15.920,2026-09-29,2026-10-12,"−40%, prima 3,33. Solo con la tessera SpesAmica Payback."
carriper29,Carrefour Iper,Cioccolato,"Ovetti Tripack Juve, Inter o Milan – Dolfin",60 g,0.06,al kg,2.99,49.833,2026-09-29,2026-10-12,"−20%, prima 3,74. Solo con la tessera SpesAmica Payback."
carriper29,Carrefour Iper,Cioccolato,"Tavoletta Tasting Experience, gusti assortiti – Vanini",75 g,0.075,al kg,1.99,26.533,2026-09-29,2026-10-12,"−20%, prima 2,49. Solo con la tessera SpesAmica Payback."
carriper29,Carrefour Iper,Cioccolato,"Tavoletta Tuc, Oro Ciock o Oreo Sandwich – Milka",87 g,0.087,al kg,1.49,17.126,2026-09-29,2026-10-12,"−25%, prima 1,99. Solo con la tessera SpesAmica Payback."
carriper29,Carrefour Iper,Cioccolato,"Tavolette Excellence, gusti assortiti – Lindt",100 g,0.1,al kg,2.89,28.900,2026-09-29,2026-10-12,"−20%, prima 3,62. Solo con la tessera SpesAmica Payback."
carriper29,Carrefour Iper,Cioccolato,"Tavolette Nero, gusti assortiti – Perugina",85 g,0.085,al kg,2.29,26.941,2026-09-29,2026-10-12,"−20%, prima 2,87. Solo con la tessera SpesAmica Payback."
carriper29,Carrefour Iper,Cioccolato,"Tavolette Nocciolato, gusti assortiti – Novi",130 g,0.13,al kg,3.09,23.769,2026-09-29,2026-10-12,"−20%, prima 3,87. Solo con la tessera SpesAmica Payback."
carriper29,Carrefour Iper,Cioccolato,Tavolette Selection,80 g,0.08,al kg,1.59,19.875,2026-09-29,2026-10-12,"−20%, prima 1,99. Solo con la tessera SpesAmica Payback."
carriper29,Carrefour Iper,Cioccolato,"Tavolette Variety, gusti assortiti – Ritter Sport",100 g,0.1,al kg,1.59,15.900,2026-09-29,2026-10-12,"−20%, prima 1,99. Solo con la tessera SpesAmica Payback."
carriper29,Carrefour Iper,Cioccolato,Tavolette classiche latte o fondente – Novi,100 g,0.1,al kg,1.39,13.900,2026-09-29,2026-10-12,"−30%, prima 1,99. Solo con la tessera SpesAmica Payback."
carriper29,Carrefour Iper,Collutorio,"Collutorio, assortiti – Pasta del Capitano",400 ml,0.4,al litro,1.29,3.225,2026-09-29,2026-10-12,"−39%, prima 2,13. Solo con la tessera SpesAmica Payback."
carriper29,Carrefour Iper,Conserve,Filetti di alici in olio di oliva – Delicius,58 g,0.058,al kg,2.49,42.931,2026-09-29,2026-10-12,"−28%, prima 3,47. Solo con la tessera SpesAmica Payback."
carriper29,Carrefour Iper,Conserve,Olive verdi Olivolì intere o snocciolate – Saclà,120 g,0.12,al kg,1.45,12.083,2026-09-29,2026-10-12,"−30%, prima 2,08. Solo con la tessera SpesAmica Payback."
carriper29,Carrefour Iper,Conserve,"Peperlizia, gusti assortiti – Ponti",170 g,0.17,al kg,1.99,11.706,2026-09-29,2026-10-12,"−40%, prima 3,33. Peperoni in agrodolce. Solo con la tessera SpesAmica Payback."
carriper29,Carrefour Iper,Conserve,Verdure e tonno – Galfrè Ghiotto,160 g,0.16,al kg,3.49,21.812,2026-09-29,2026-10-12,
carriper29,Carrefour Iper,Creme,Nutella,750 g,0.75,al kg,5.99,7.987,2026-09-29,2026-10-12,
carriper29,Carrefour Iper,Dentifricio,Dentifricio Complete Protezione e Antibatterico – Oral-B,2 × 75 ml (1+1),0.15,al litro,1.99,13.267,2026-09-29,2026-10-12,"È un 1+1: si pagano 1,99 e se ne portano via due. Uno solo costa 1,99."
carriper29,Carrefour Iper,Farina,Farina Universale senza glutine – Dr. Schär,1 kg,1,al kg,3.19,3.190,2026-09-29,2026-10-12,"−22%, prima 4,10. Senza glutine. Solo con la tessera SpesAmica Payback."
carriper29,Carrefour Iper,Formaggio,Bel Paese – Galbani,al kg,1,al kg,9.90,9.900,2026-09-29,2026-10-12,"−50%, prima 1,99 all'etto."
carriper29,Carrefour Iper,Formaggio,Biraghini – Biraghi,200 g,0.2,al kg,2.99,14.950,2026-09-29,2026-10-12,"−33%, prima 4,49."
carriper29,Carrefour Iper,Formaggio,Brie – Entremont,al kg,1,al kg,12.90,12.900,2026-09-29,2026-10-12,"−23%, prima 1,69 all'etto."
carriper29,Carrefour Iper,Formaggio,Burrata Ciuffo d'Amore,125 g,0.125,al kg,1.76,14.080,2026-09-29,2026-10-12,"−20%, prima 2,20. È burrata, non mozzarella. Solo con la tessera SpesAmica Payback."
carriper29,Carrefour Iper,Formaggio,Cacioricotta misto – Gioiella,al kg,1,al kg,13.52,13.520,2026-09-29,2026-10-12,"−20%, prima 1,69 all'etto. Solo con la tessera SpesAmica Payback."
carriper29,Carrefour Iper,Formaggio,Caprice des Dieux,200 g,0.2,al kg,2.79,13.950,2026-09-29,2026-10-12,"−26%, prima 3,79."
carriper29,Carrefour Iper,Formaggio,Carezza di Latte,al kg,1,al kg,6.45,6.450,2026-09-29,2026-10-12,"−50%, prima 1,29 all'etto."
carriper29,Carrefour Iper,Formaggio,Emmental francese – President,al kg,1,al kg,11.90,11.900,2026-09-29,2026-10-12,"−20%, prima 1,49 all'etto."
carriper29,Carrefour Iper,Formaggio,Formaggio Margot alla birra,al kg,1,al kg,15.90,15.900,2026-09-29,2026-10-12,"−23%, prima 2,09 all'etto."
carriper29,Carrefour Iper,Formaggio,"Formaggio Piemontino stagionato oltre 16 mesi, confezione famiglia",al kg,1,al kg,11.90,11.900,2026-09-29,2026-10-12,"−20%, prima 1,49 all'etto."
carriper29,Carrefour Iper,Formaggio,Gorgonzola DOP Dolcelatte – Galbani,150 g,0.15,al kg,1.49,9.933,2026-09-29,2026-10-12,"−50%, prima 2,99. Solo con la tessera SpesAmica Payback."
carriper29,Carrefour Iper,Formaggio,Gorgonzola DOP – Gim,al kg,1,al kg,9.90,9.900,2026-09-29,2026-10-12,"−33%, prima 1,49 all'etto."
carriper29,Carrefour Iper,Formaggio,GranMix classico grattugiato – Ferrari,200 g,0.2,al kg,2.19,10.950,2026-09-29,2026-10-12,"−50%, prima 4,49. Formaggio grattugiato misto, non Grana né Parmigiano."
carriper29,Carrefour Iper,Formaggio,Leerdammer Special Toast,125 g,0.125,al kg,1.65,13.200,2026-09-29,2026-10-12,"−20%, prima 2,07."
carriper29,Carrefour Iper,Formaggio,Pecorino grattugiato – Ferrari,60 g,0.06,al kg,1.19,19.833,2026-09-29,2026-10-12,"−20%, prima 1,49. Solo con la tessera SpesAmica Payback."
carriper29,Carrefour Iper,Formaggio,Stracchino cremoso Alta Qualità – Granarolo,170 g,0.17,al kg,1.59,9.353,2026-09-29,2026-10-12,"−42%, prima 2,75. Solo con la tessera SpesAmica Payback."
carriper29,Carrefour Iper,Formaggio,Toma Valsesia – Borgoformaggi,al kg,1,al kg,13.65,13.650,2026-09-29,2026-10-12,"−30%, prima 1,95 all'etto."
carriper29,Carrefour Iper,Frutta,Fichi d'India sfusi,al kg,1,al kg,1.99,1.990,2026-09-29,2026-10-12,"−30%, prima 2,85 al kg."
carriper29,Carrefour Iper,Frutta,Mele Gala sfuse,al kg,1,al kg,1.39,1.390,2026-09-29,2026-10-12,"−30%, prima 1,99 al kg."
carriper29,Carrefour Iper,Frutta,Mele Golden Bio,800 g,0.8,al kg,1.89,2.362,2026-09-29,2026-10-12,"−25%, prima 2,52."
carriper29,Carrefour Iper,Frutta,Mele Sweettango,750 g,0.75,al kg,1.79,2.387,2026-09-29,2026-10-12,"−20%, prima 2,24."
carriper29,Carrefour Iper,Frutta,Uva bianca senza semi,500 g,0.5,al kg,0.99,1.980,2026-09-29,2026-10-12,"−50%, prima 1,99. Comprando 4 confezioni o più costa 0,79 l'una."
carriper29,Carrefour Iper,Gamberi,Mazzancolle tropicali cotte grandi,al kg,1,al kg,11.90,11.900,2026-09-29,2026-10-12,"−33%, prima 17,90 al kg. Già cotte. Comprando 2 kg o più costa 9,90 al kg."
carriper29,Carrefour Iper,Latte,Latte UHT Alta Digeribilità – Centrale del Latte di Torino,1 litro,1,al litro,1.29,1.290,2026-09-29,2026-10-12,"−35%, prima 1,99. Solo con la tessera SpesAmica Payback."
carriper29,Carrefour Iper,Latte,Latte UHT Italiano parzialmente scremato – Granarolo,1 litro,1,al litro,0.85,0.850,2026-09-29,2026-10-12,"−50%, prima 1,71."
carriper29,Carrefour Iper,Latte,Latte Zymil 1% parzialmente scremato – Parmalat,1 litro,1,al litro,1.59,1.590,2026-09-29,2026-10-12,Senza lattosio.
carriper29,Carrefour Iper,Lavastoviglie,Caps lavastoviglie Platinum – Fairy,32 caps,32,a lavaggio,7.99,0.250,2026-09-29,2026-10-12,"−45%, prima 14,53. Stesso prezzo per le confezioni da 40, 45 o 49: qui il conto è sulla più piccola. Comprando 4 confezioni o più costa 6,99 l'una."
carriper29,Carrefour Iper,Lavastoviglie,"Gel lavastoviglie, 30 lavaggi – Finish",30 lavaggi,30,a lavaggio,4.29,0.143,2026-09-29,2026-10-12,"−22%, prima 5,50. Solo con la tessera SpesAmica Payback."
carriper29,Carrefour Iper,Lavastoviglie,"Gel lavastoviglie, conf. 3 pezzi, 84 lavaggi – Fairy",504 ml,84,a lavaggio,9.99,0.119,2026-09-29,2026-10-12,"−28%, prima 13,88."
carriper29,Carrefour Iper,Lavastoviglie,"Tabs All in One, 40 tabs – Actiff",420 g,40,a lavaggio,2.99,0.075,2026-09-29,2026-10-12,"−31%, prima 4,34."
carriper29,Carrefour Iper,Lavastoviglie,"Tabs lavastoviglie, conf. 24 pezzi – Winni's",24 tabs,24,a lavaggio,4.49,0.187,2026-09-29,2026-10-12,"−21%, prima 5,69. Solo con la tessera SpesAmica Payback."
carriper29,Carrefour Iper,Lavatrice,"Detersivo Pods, 38 capsule – Dash",38 capsule,38,a lavaggio,13.99,0.368,2026-09-29,2026-10-12,"−28%, prima 19,44. Stesso prezzo per la confezione da 50: qui il conto è sulla più piccola."
carriper29,Carrefour Iper,Lavatrice,"Detersivo Power Caps, conf. 18 pezzi – Bio Presto",18 capsule,18,a lavaggio,3.99,0.222,2026-09-29,2026-10-12,"−45%, prima 7,27."
carriper29,Carrefour Iper,Lavatrice,"Detersivo in polvere Classico, 112 lavaggi – Dixan","6,16 kg",112,a lavaggio,15.99,0.143,2026-09-29,2026-10-12,"−34%, prima 24,23."
carriper29,Carrefour Iper,Lavatrice,"Detersivo lavatrice Marsiglia, 36 lavaggi – Spuma di Sciampagna","1,62 litri",36,a lavaggio,2.49,0.069,2026-09-29,2026-10-12,"−50%, prima 4,98."
carriper29,Carrefour Iper,Lavatrice,"Detersivo liquido Cicli Brevi, 37 lavaggi – Coccolino","1,48 litri",37,a lavaggio,5.99,0.162,2026-09-29,2026-10-12,"−36%, prima 9,37."
carriper29,Carrefour Iper,Lavatrice,"Detersivo liquido Marsiglia o Muschio Bianco, conf. 3 pezzi, 138 lavaggi – Chanteclair","6,21 litri",138,a lavaggio,8.99,0.065,2026-09-29,2026-10-12,"−55%, prima 19,98. Solo con la tessera SpesAmica Payback."
carriper29,Carrefour Iper,Lavatrice,"Detersivo liquido lavatrice Classico, 3 × 22 lavaggi (66) – Dixan","2,97 litri",66,a lavaggio,8.49,0.129,2026-09-29,2026-10-12,"−50%, prima 16,99."
carriper29,Carrefour Iper,Lavatrice,"Detersivo liquido, 41 lavaggi – Sole","1,845 litri",41,a lavaggio,4.49,0.110,2026-09-29,2026-10-12,"−31%, prima 6,52."
carriper29,Carrefour Iper,Lavatrice,"Detersivo liquido, 44 lavaggi – Omino Bianco","1,76 litri",44,a lavaggio,3.99,0.091,2026-09-29,2026-10-12,"−38%, prima 6,44. Solo con la tessera SpesAmica Payback."
carriper29,Carrefour Iper,Lavatrice,"Liquido lavatrice, conf. 3 pezzi da 36 lavaggi (108) – General","4,32 litri (3 × 1,44 l)",108,a lavaggio,6.49,0.060,2026-09-29,2026-10-12,"−53%, prima 13,82."
carriper29,Carrefour Iper,Legumi,Lenticchie – Delverde,240 g,0.24,al kg,0.49,2.042,2026-09-29,2026-10-12,"−50%, prima 0,99. Solo con la tessera SpesAmica Payback."
carriper29,Carrefour Iper,Manzo,Polpa per roastbeef di bovino adulto,al kg,1,al kg,18.99,18.990,2026-09-29,2026-10-12,"−20%, prima 23,99 al kg."
carriper29,Carrefour Iper,Manzo,Tagliata di bovino adulto,al kg,1,al kg,18.89,18.890,2026-09-29,2026-10-12,"−30%, prima 26,99 al kg."
carriper29,Carrefour Iper,Marmellata,"Composte, gusti assortiti – Zuegg",230 g,0.23,al kg,1.59,6.913,2026-09-29,2026-10-12,"−50%, prima 3,19. Solo con la tessera SpesAmica Payback."
carriper29,Carrefour Iper,Marmellata,"Confettura Natù Bio, frutti di bosco, albicocche, mirtilli o fragole – Rigoni di Asiago",240 g,0.24,al kg,2.19,9.125,2026-09-29,2026-10-12,"−24%, prima 2,89. Solo con la tessera SpesAmica Payback."
carriper29,Carrefour Iper,Merendine,Allegra alle mele,85 g,0.085,al kg,0.50,5.882,2026-09-29,2026-10-12,"−43%, prima 0,89."
carriper29,Carrefour Iper,Merendine,"Cornetti farciti, gusti assortiti – Mulino Bianco",300 g,0.3,al kg,1.79,5.967,2026-09-29,2026-10-12,"−40%, prima 2,99. Solo con la tessera SpesAmica Payback."
carriper29,Carrefour Iper,Merendine,"Crostatine, gusti assortiti – Mulino Bianco",400 g,0.4,al kg,1.49,3.725,2026-09-29,2026-10-12,"−45%, prima 2,72. Solo con la tessera SpesAmica Payback."
carriper29,Carrefour Iper,Merendine,Merende Rollmilk – Balconi,222 g,0.222,al kg,0.79,3.559,2026-09-29,2026-10-12,"−40%, prima 1,33. Solo con la tessera SpesAmica Payback."
carriper29,Carrefour Iper,Merendine,"Nutella Croissant, conf. 4 pezzi",340 g,0.34,al kg,2.99,8.794,2026-09-29,2026-10-12,"−25%, prima 3,99. Surgelati. Solo con la tessera SpesAmica Payback."
carriper29,Carrefour Iper,Merendine,Pan e Cioc – Kinder,290 g,0.29,al kg,2.49,8.586,2026-09-29,2026-10-12,
carriper29,Carrefour Iper,Merluzzo,Filetti di merluzzo atlantico – Brasmar,1 kg,1,al kg,6.79,6.790,2026-09-29,2026-10-12,"−20%, prima 8,49. Surgelati. Solo con la tessera SpesAmica Payback."
carriper29,Carrefour Iper,Mortadella,Mortadella Bologna IGP Bipack – Beretta,220 g (2 × 110 g),0.22,al kg,2.99,13.591,2026-09-29,2026-10-12,"−50%, prima 5,99."
carriper29,Carrefour Iper,Mortadella,Mortadella con o senza pistacchio,al kg,1,al kg,8.90,8.900,2026-09-29,2026-10-12,"−50%, prima 17,90 al kg."
carriper29,Carrefour Iper,Mozzarella,"Mozzarella 100% latte italiano, conf. 3 pezzi – Granarolo",2 × 300 g (1+1),0.6,al kg,4.79,7.983,2026-09-29,2026-10-12,"È un 1+1: si pagano 4,79 e se ne portano via due. Una confezione sola costa 4,79."
carriper29,Carrefour Iper,Mozzarella,Mozzarella Fiordilatte – Centrale del Latte di Torino,100 g,0.1,al kg,1.09,10.900,2026-09-29,2026-10-12,
carriper29,Carrefour Iper,Mozzarella,Mozzarella di Gioia del Colle DOP – Terre d'Italia,250 g,0.25,al kg,3.36,13.440,2026-09-29,2026-10-12,"−20%, prima 4,20. Solo con la tessera SpesAmica Payback."
carriper29,Carrefour Iper,Mozzarella,"Mozzarella di bufala campana DOP, conf. 3 pezzi – Francia",300 g (3 × 100 g),0.3,al kg,2.79,9.300,2026-09-29,2026-10-12,"−40%, prima 4,66. Solo con la tessera SpesAmica Payback."
carriper29,Carrefour Iper,Mozzarella,Pizzottella – Prealpi,250 g,0.25,al kg,1.99,7.960,2026-09-29,2026-10-12,"−33%, prima 2,99. Mozzarella per pizza."
carriper29,Carrefour Iper,Olio d'oliva,Olio di oliva – Bertolli,1 litro,1,al litro,5.49,5.490,2026-09-29,2026-10-12,"−30%, prima 7,85. È olio di oliva, non extravergine. Solo con la tessera SpesAmica Payback."
carriper29,Carrefour Iper,Olio d'oliva,Olio extravergine di oliva IGP di Puglia – Terre d'Italia,500 ml,0.5,al litro,6.79,13.580,2026-09-29,2026-10-12,"−20%, prima 8,49. Solo con la tessera SpesAmica Payback."
carriper29,Carrefour Iper,Olio d'oliva,Olio extravergine di oliva italiano Masserie del Parco – Clemente,1 litro,1,al litro,5.39,5.390,2026-09-29,2026-10-12,"−55%, prima 11,99. Comprando 3 bottiglie o più costa 4,99 l'una. Solo con la tessera SpesAmica Payback."
carriper29,Carrefour Iper,Olio d'oliva,Olio extravergine di oliva – Ascheri,750 ml,0.75,al litro,7.49,9.987,2026-09-29,2026-10-12,"−42%, prima 12,92. Solo con la tessera SpesAmica Payback."
carriper29,Carrefour Iper,Olio d'oliva,Olio extravergine di oliva – Clemente,750 ml,0.75,al litro,3.49,4.653,2026-09-29,2026-10-12,"−50%, prima 6,99. Solo con la tessera SpesAmica Payback."
carriper29,Carrefour Iper,Olio d'oliva,Olio extravergine di oliva – Farchioni,1 litro,1,al litro,4.95,4.950,2026-09-29,2026-10-12,"−46%, prima 9,18. Solo con la tessera SpesAmica Payback."
carriper29,Carrefour Iper,Olio di semi,Olio di semi di girasole Frienn – Olitalia,1 litro,1,al litro,2.15,2.150,2026-09-29,2026-10-12,"−28%, prima 2,99. Solo con la tessera SpesAmica Payback."
carriper29,Carrefour Iper,Panati,15 bastoncini di filetti di merluzzo – Frosta,450 g,0.45,al kg,3.89,8.644,2026-09-29,2026-10-12,"−37%, prima 6,18. Solo con la tessera SpesAmica Payback."
carriper29,Carrefour Iper,Panati,"Filetti di merluzzo gratinati, gusti assortiti – Frosta",360 g,0.36,al kg,3.49,9.694,2026-09-29,2026-10-12,"−35%, prima 5,38. Solo con la tessera SpesAmica Payback."
carriper29,Carrefour Iper,Pancetta,Bacon – Citterio,80 g,0.08,al kg,1.99,24.875,2026-09-29,2026-10-12,"−27%, prima 2,73. Solo con la tessera SpesAmica Payback."
carriper29,Carrefour Iper,Pane,Cracker Fiori d'Acqua classici o integrali – Mulino Bianco,250 g,0.25,al kg,1.39,5.560,2026-09-29,2026-10-12,"−20%, prima 1,74. Solo con la tessera SpesAmica Payback."
carriper29,Carrefour Iper,Pane,Cracker Gran Pavesi salati o non salati – Pavesi,560 g,0.56,al kg,1.79,3.196,2026-09-29,2026-10-12,"−25%, prima 2,39. Solo con la tessera SpesAmica Payback."
carriper29,Carrefour Iper,Pane,"Fette biscottate dorate o integrali, conf. 2 pezzi – Mulino Bianco","1,26 kg (2 × 630 g)",1.26,al kg,3.49,2.770,2026-09-29,2026-10-12,"−20%, prima 4,37. Sono fette biscottate. Solo con la tessera SpesAmica Payback."
carriper29,Carrefour Iper,Pane,Grissini stirati a mano classici o senza strutto – Panificio Bo,350 g,0.35,al kg,3.00,8.571,2026-09-29,2026-10-12,"−20%, prima 3,75. Solo con la tessera SpesAmica Payback."
carriper29,Carrefour Iper,Pane,Nuvolatte – Morato,400 g,0.4,al kg,1.49,3.725,2026-09-29,2026-10-12,"−28%, prima 2,08. Pane in cassetta. Solo con la tessera SpesAmica Payback."
carriper29,Carrefour Iper,Pane,Pan Bauletto 5 cereali e soia – Mulino Bianco,400 g,0.4,al kg,0.99,2.475,2026-09-29,2026-10-12,"−36%, prima 1,55. Solo con la tessera SpesAmica Payback."
carriper29,Carrefour Iper,Pane,Pane di semola di grano duro,al kg,1,al kg,4.99,4.990,2026-09-29,2026-10-12,
carriper29,Carrefour Iper,Pane,"Pane per hot dog, conf. 6 pezzi",330 g,0.33,al kg,2.39,7.242,2026-09-29,2026-10-12,"−20%, prima 2,99. Comprando 2 confezioni o più costa 1,89 l'una."
carriper29,Carrefour Iper,Pane,Panino per hot dog o hamburger – Carrefour Classic,250 g,0.25,al kg,0.79,3.160,2026-09-29,2026-10-12,"−20%, prima 0,99. Solo con la tessera SpesAmica Payback."
carriper29,Carrefour Iper,Pane,Pinsa fresca,500 g,0.5,al kg,3.19,6.380,2026-09-29,2026-10-12,"−20%, prima 3,99. È una base tipo focaccia, non pane a fette."
carriper29,Carrefour Iper,Pane,Tuc Bake Rolls Pizza,150 g,0.15,al kg,1.29,8.600,2026-09-29,2026-10-12,"−27%, prima 1,78. Crostini croccanti. Solo con la tessera SpesAmica Payback."
carriper29,Carrefour Iper,Pasta,Agnolotti del plin alla carne – Alfieri,250 g,0.25,al kg,2.99,11.960,2026-09-29,2026-10-12,
carriper29,Carrefour Iper,Pasta,Cavatelli,500 g,0.5,al kg,1.69,3.380,2026-09-29,2026-10-12,"−22%, prima 2,19."
carriper29,Carrefour Iper,Pasta,Fusilli al ferretto,500 g,0.5,al kg,1.69,3.380,2026-09-29,2026-10-12,"−22%, prima 2,19."
carriper29,Carrefour Iper,Pasta,Gnocchi di patate freschi,1 kg,1,al kg,2.99,2.990,2026-09-29,2026-10-12,"−50%, prima 5,99."
carriper29,Carrefour Iper,Pasta,Lasagne sottili Sfogliavelo – Rana,250 g,0.25,al kg,1.69,6.760,2026-09-29,2026-10-12,"−34%, prima 2,59."
carriper29,Carrefour Iper,Pasta,Orecchiette di Puglia – Terre d'Italia,500 g,0.5,al kg,2.09,4.180,2026-09-29,2026-10-12,"−22%, prima 2,69. Solo con la tessera SpesAmica Payback."
carriper29,Carrefour Iper,Pasta,Orecchiette fresche,500 g,0.5,al kg,1.69,3.380,2026-09-29,2026-10-12,"−22%, prima 2,19."
carriper29,Carrefour Iper,Pasta,"Pasta di legumi Bio senza glutine, lenticchie rosse, ceci o piselli – Felicia",250 g,0.25,al kg,1.99,7.960,2026-09-29,2026-10-12,"−33%, prima 2,98. Solo con la tessera SpesAmica Payback."
carriper29,Carrefour Iper,Pasta,"Pasta di semola di grano duro, formati assortiti – De Cecco",500 g,0.5,al kg,0.75,1.500,2026-09-29,2026-10-12,"−50%, prima 1,58. Solo con la tessera SpesAmica Payback."
carriper29,Carrefour Iper,Pasta,"Pasta fresca di semola, formati assortiti – Divella",500 g,0.5,al kg,1.29,2.580,2026-09-29,2026-10-12,"−35%, prima 1,99."
carriper29,Carrefour Iper,Pasta,"Pasta integrale, formati assortiti – Barilla",500 g,0.5,al kg,0.85,1.700,2026-09-29,2026-10-12,"−32%, prima 1,25. Solo con la tessera SpesAmica Payback."
carriper29,Carrefour Iper,Pasta,"Pasta ripiena Gran Classici, ripieni assortiti – Fini",400 g,0.4,al kg,1.69,4.225,2026-09-29,2026-10-12,"−39%, prima 2,79. Comprando 4 confezioni o più costa 1,49 l'una."
carriper29,Carrefour Iper,Pasta,"Pasta, formati assortiti – Pezzullo",500 g,0.5,al kg,0.59,1.180,2026-09-29,2026-10-12,"−57%, prima 1,39. Comprando 6 pacchi o più costa 0,49 l'uno. Solo con la tessera SpesAmica Payback."
carriper29,Carrefour Iper,Patate,Barchette PataSnella – Pizzoli,600 g,0.6,al kg,1.79,2.983,2026-09-29,2026-10-12,"−37%, prima 2,85. Sono patate surgelate da forno, non patate fresche. Solo con la tessera SpesAmica Payback."
carriper29,Carrefour Iper,Pesce,Filetto di persico africano,al kg,1,al kg,17.90,17.900,2026-09-29,2026-10-12,
carriper29,Carrefour Iper,Pesce,"Orata Croazia allevata nel Mar Adriatico, 400/600 g – Cromaris",al kg,1,al kg,10.90,10.900,2026-09-29,2026-10-12,"−39%, prima 17,99 al kg. Comprando 3 kg o più costa 9,90 al kg."
carriper29,Carrefour Iper,Pesce,Polpo decongelato,al kg,1,al kg,18.90,18.900,2026-09-29,2026-10-12,"−27%, prima 25,90 al kg."
carriper29,Carrefour Iper,Pesce,Vongole lupino,al kg,1,al kg,6.90,6.900,2026-09-29,2026-10-12,"−22%, prima 8,90 al kg."
carriper29,Carrefour Iper,Pizza,"Pizza Margherita Bella Napoli, conf. 3 pezzi – Buitoni",900 g,0.9,al kg,3.49,3.878,2026-09-29,2026-10-12,"−50%, prima 6,99. Surgelata. Solo con la tessera SpesAmica Payback."
carriper29,Carrefour Iper,Pizza,"Pizza Ristorante, gusti assortiti – Cameo",355 g,0.355,al kg,1.99,5.606,2026-09-29,2026-10-12,"−48%, prima 3,84. Surgelata. Solo con la tessera SpesAmica Payback."
carriper29,Carrefour Iper,Pollo,"Petti di pollo a fette, confezione risparmio",al kg,1,al kg,9.50,9.500,2026-09-29,2026-10-12,"−20%, prima 11,99 al kg. Comprando 2 kg o più costa 7,90 al kg."
carriper29,Carrefour Iper,Pomodoro,Passata di pomodoro Extrafine – Petti,700 g,0.7,al kg,0.95,1.357,2026-09-29,2026-10-12,"−50%, prima 1,99. Solo con la tessera SpesAmica Payback."
carriper29,Carrefour Iper,Pomodoro,"Polpa di pomodoro, conf. 3 pezzi – Pezzullo","1,2 kg (3 × 400 g)",1.2,al kg,1.99,1.658,2026-09-29,2026-10-12,"−23%, prima 2,59. Solo con la tessera SpesAmica Payback."
carriper29,Carrefour Iper,Preparati,Linea Alette Durango,400 g,0.4,al kg,3.99,9.975,2026-09-29,2026-10-12,"−33%, prima 5,99. Ali di pollo già insaporite."
carriper29,Carrefour Iper,Preparati,Linea Birbe – Amadori,300 g,0.3,al kg,3.49,11.633,2026-09-29,2026-10-12,"−32%, prima 5,19. Bocconcini di pollo impanati."
carriper29,Carrefour Iper,Preparati,"Linea hamburger Skin: vitello, scottona al parmigiano, scottona al bacon o argentino",180 g,0.18,al kg,3.89,21.611,2026-09-29,2026-10-12,"Comprando 3 confezioni o più costa 2,99 al pezzo."
carriper29,Carrefour Iper,Preparati,Linea hamburger pollo e tacchino – Aia,200 g,0.2,al kg,1.99,9.950,2026-09-29,2026-10-12,"−50%, prima 3,99."
carriper29,Carrefour Iper,Preparati,Pollo arrosto Campese – Amadori,750 g,0.75,al kg,7.90,10.533,2026-09-29,2026-10-12,"−27%, prima 10,90. Pollo già arrosto, peso minimo garantito 750 g."
carriper29,Carrefour Iper,Preparati,Stinco di suino lenta cottura – Aia,650 g,0.65,al kg,7.29,11.215,2026-09-29,2026-10-12,"−30%, prima 10,49. Già cotto."
carriper29,Carrefour Iper,Prosciutto,Prosciutto cotto Gran Biscotto – Rovagnati,al kg,1,al kg,23.90,23.900,2026-09-29,2026-10-12,"−20%, prima 29,90 al kg. Comprando 3 etti o più costa 20,90 al kg."
carriper29,Carrefour Iper,Prosciutto,Prosciutto crudo Sofficette – Citterio,80 g,0.08,al kg,2.39,29.875,2026-09-29,2026-10-12,"−31%, prima 3,47. Solo con la tessera SpesAmica Payback."
carriper29,Carrefour Iper,Prosciutto,Prosciutto di Norcia IGP Selezione – Terre d'Italia,al kg,1,al kg,29.90,29.900,2026-09-29,2026-10-12,
carriper29,Carrefour Iper,Prosciutto,Sofficette Prosciutto Cotto Alta Qualità Tripack – Citterio,300 g (3 × 100 g),0.3,al kg,4.99,16.633,2026-09-29,2026-10-12,"−50%, prima 9,99."
carriper29,Carrefour Iper,Prosciutto,"Sticks di speck IGP, conf. 2 pezzi – Handl",70 g (2 × 35 g),0.07,al kg,1.99,28.429,2026-09-29,2026-10-12,"−35%, prima 3,07. Solo con la tessera SpesAmica Payback."
carriper29,Carrefour Iper,Prosciutto,Trancio di speck Alto Adige IGP – Moser,400 g,0.4,al kg,6.24,15.600,2026-09-29,2026-10-12,"−20%, prima 7,80. Solo con la tessera SpesAmica Payback."
carriper29,Carrefour Iper,Ricotta,"Gran Ricotta, conf. 3 pezzi – Biraghi",150 g (3 × 50 g),0.15,al kg,0.79,5.267,2026-09-29,2026-10-12,"−50%, prima 1,59. Solo con la tessera SpesAmica Payback."
carriper29,Carrefour Iper,Riso,Riso per risotti Chicchi Grossi – Scotti,1 kg,1,al kg,2.79,2.790,2026-09-29,2026-10-12,"−30%, prima 3,99. Solo con la tessera SpesAmica Payback."
carriper29,Carrefour Iper,Riso,"Risotti in busta, gusti assortiti – Knorr",175 g,0.175,al kg,1.29,7.371,2026-09-29,2026-10-12,"−26%, prima 1,75. È un risotto pronto da cuocere, non riso semplice. Solo con la tessera SpesAmica Payback."
carriper29,Carrefour Iper,Salmone affumicato,Salmone affumicato norvegese,150 g,0.15,al kg,4.49,29.933,2026-09-29,2026-10-12,"−50%, prima 8,98."
carriper29,Carrefour Iper,Salmone affumicato,Salmone norvegese affumicato – The Icelander,150 g,0.15,al kg,3.79,25.267,2026-09-29,2026-10-12,"−50%, prima 8,19."
carriper29,Carrefour Iper,Salsiccia,Salsiccia a punta di coltello Carne al Fuoco – Aia,400 g,0.4,al kg,3.99,9.975,2026-09-29,2026-10-12,"−33%, prima 5,99."
carriper29,Carrefour Iper,Shampoo,"Shampoo o balsamo, assortiti – Sunsilk",400 ml,0.4,al litro,3.25,8.125,2026-09-29,2026-10-12,"−32%, prima 4,78. Solo con la tessera SpesAmica Payback."
carriper29,Carrefour Iper,Spalmabili,"Robiola, conf. 2 pezzi – Osella",200 g (2 × 100 g),0.2,al kg,1.89,9.450,2026-09-29,2026-10-12,"−23%, prima 2,46. Solo con la tessera SpesAmica Payback."
carriper29,Carrefour Iper,Sughi,Condiscoglio – Arbi,450 g,0.45,al kg,3.69,8.200,2026-09-29,2026-10-12,"−33%, prima 5,51. Sugo di frutti di mare surgelato. Solo con la tessera SpesAmica Payback."
carriper29,Carrefour Iper,Sughi,"Gran Pesto alla Genovese, gusti assortiti – Tigullio",190 g,0.19,al kg,1.89,9.947,2026-09-29,2026-10-12,"−27%, prima 2,59. Solo con la tessera SpesAmica Payback."
carriper29,Carrefour Iper,Sughi,Pesto fresco con o senza aglio – Il Pesto di Prà,90 g,0.09,al kg,2.49,27.667,2026-09-29,2026-10-12,"−28%, prima 3,49."
carriper29,Carrefour Iper,Sughi,"Sughi Ricchi, gusti assortiti – Barilla",300 g,0.3,al kg,1.75,5.833,2026-09-29,2026-10-12,"−35%, prima 2,70. Solo con la tessera SpesAmica Payback."
carriper29,Carrefour Iper,Suino,Coppa di suino a fette senz'osso,al kg,1,al kg,5.99,5.990,2026-09-29,2026-10-12,"−50%, prima 11,99 al kg."
carriper29,Carrefour Iper,Tonno,Filetti di tonno in olio di oliva – Consorcio,295 g,0.295,al kg,5.99,20.305,2026-09-29,2026-10-12,"−50%, prima 11,99. Solo con la tessera SpesAmica Payback."
carriper29,Carrefour Iper,Tonno,"Filetti di tonno, gusti assortiti – Rio Mare",180 g,0.18,al kg,4.29,23.833,2026-09-29,2026-10-12,"−31%, prima 6,23. Solo con la tessera SpesAmica Payback."
carriper29,Carrefour Iper,Tonno,"Tonno all'olio d'oliva, conf. 8 pezzi – Mareblu",480 g (8 × 60 g),0.48,al kg,5.49,11.438,2026-09-29,2026-10-12,"−50%, prima 10,99. Solo con la tessera SpesAmica Payback."
carriper29,Carrefour Iper,Tonno,"Tonno all'olio di oliva, conf. 9 pezzi – Rio Mare",720 g (9 × 80 g),0.72,al kg,9.45,13.125,2026-09-29,2026-10-12,"−36%, prima 14,78. Solo con la tessera SpesAmica Payback."
carriper29,Carrefour Iper,Tè,Camomilla Filtrofiore – Bonomelli,28 g,0.028,al kg,3.69,131.786,2026-09-29,2026-10-12,"−20%, prima 4,62. Solo con la tessera SpesAmica Payback."
carriper29,Carrefour Iper,Tè,"Infusi, gusti assortiti – Lipton",34 g,0.034,al kg,1.99,58.529,2026-09-29,2026-10-12,"−23%, prima 2,59. Solo con la tessera SpesAmica Payback."
carriper29,Carrefour Iper,Tè,Infuso Karkadè – Everton,40 g,0.04,al kg,1.99,49.750,2026-09-29,2026-10-12,"−30%, prima 2,85. Solo con la tessera SpesAmica Payback."
carriper29,Carrefour Iper,Tè,"Le Tisane, gusti assortiti – Pompadour",39 g,0.039,al kg,1.99,51.026,2026-09-29,2026-10-12,"−32%, prima 2,94. Solo con la tessera SpesAmica Payback."
carriper29,Carrefour Iper,Uova,"Uova fresche da allevamento a terra, conf. 10 pezzi – Le Naturelle",10 uova,10,all'uovo,2.69,0.269,2026-09-29,2026-10-12,"−29%, prima 3,79."
carriper29,Carrefour Iper,Verdura,Funghi champignon,1 kg,1,al kg,2.99,2.990,2026-09-29,2026-10-12,"−50%, prima 5,99."
carriper29,Carrefour Iper,Verdura,Pomodori Piccadilly,500 g,0.5,al kg,1.99,3.980,2026-09-29,2026-10-12,
carriper29,Carrefour Iper,Verdura,Zucchine scure sfuse,al kg,1,al kg,1.99,1.990,2026-09-29,2026-10-12,"−20%, prima 2,49 al kg."
carriper29,Carrefour Iper,Verdure surgelate,Broccoli Freschi di Campo,1 kg,1,al kg,2.89,2.890,2026-09-29,2026-10-12,"−21%, prima 3,66. Solo con la tessera SpesAmica Payback."
carriper29,Carrefour Iper,Verdure surgelate,Buon Minestrone – Orogel,750 g,0.75,al kg,1.55,2.067,2026-09-29,2026-10-12,"−50%, prima 3,10. Solo con la tessera SpesAmica Payback."
carriper29,Carrefour Iper,Verdure surgelate,Piselli Tenerezza – Bonduelle,600 g,0.6,al kg,1.99,3.317,2026-09-29,2026-10-12,"−33%, prima 2,98. Solo con la tessera SpesAmica Payback."
carriper29,Carrefour Iper,Verdure surgelate,"Sfizi croccanti, gusti assortiti – Orogel",400 g,0.4,al kg,2.69,6.725,2026-09-29,2026-10-12,"−36%, prima 4,21. Verdure impanate. Solo con la tessera SpesAmica Payback."
carriper29,Carrefour Iper,Verdure surgelate,"Spinaci, cicoria o bieta Cubello Foglia Più – Orogel",900 g,0.9,al kg,1.95,2.167,2026-09-29,2026-10-12,"−50%, prima 3,90. Solo con la tessera SpesAmica Payback."
carriper29,Carrefour Iper,Verdure surgelate,Tortini spinaci o ortolano – Frosta,240 g,0.24,al kg,1.99,8.292,2026-09-29,2026-10-12,"−26%, prima 2,69. Tortini di verdure. Solo con la tessera SpesAmica Payback."
carriper29,Carrefour Iper,Verdure surgelate,"Virtù di Zuppa Leggerezza, gusti assortiti – Orogel",500 g,0.5,al kg,1.99,3.980,2026-09-29,2026-10-12,"−35%, prima 3,07. Solo con la tessera SpesAmica Payback."
carriper29,Carrefour Iper,Vino,Barbaresco DOCG Arpatin – Terre d'Italia,750 ml,0.75,al litro,15.50,20.667,2026-09-29,2026-10-12,
carriper29,Carrefour Iper,Vino,Barbera d'Asti DOCG I Filari del Poeta,750 ml,0.75,al litro,3.49,4.653,2026-09-29,2026-10-12,"−20%, prima 4,37. Solo con la tessera SpesAmica Payback."
carriper29,Carrefour Iper,Vino,Bianco o Rosso o Rosato Verona IGT Fira – Sartori,750 ml,0.75,al litro,3.79,5.053,2026-09-29,2026-10-12,"−46%, prima 7,02. Solo con la tessera SpesAmica Payback."
carriper29,Carrefour Iper,Vino,Bonarda o Barbera o Bonarda Amabile Oltrepò Pavese DOC Le Cascine – Losito e Guarini,750 ml,0.75,al litro,2.49,3.320,2026-09-29,2026-10-12,"−45%, prima 4,54. Solo con la tessera SpesAmica Payback."
carriper29,Carrefour Iper,Vino,"Chardonnay, Sauvignon o Pinot Grigio Rosato frizzante – Casa Sant'Orsola",750 ml,0.75,al litro,2.69,3.587,2026-09-29,2026-10-12,"−32%, prima 3,97. Solo con la tessera SpesAmica Payback."
carriper29,Carrefour Iper,Vino,Chianti DOCG o Orvieto DOC Poggio al Sale – Piccini,750 ml,0.75,al litro,2.99,3.987,2026-09-29,2026-10-12,"−50%, prima 5,99. Solo con la tessera SpesAmica Payback."
carriper29,Carrefour Iper,Vino,Conegliano Valdobbiadene Prosecco Superiore DOCG Extra Dry – Signoria dei Dogi,750 ml,0.75,al litro,5.49,7.320,2026-09-29,2026-10-12,"−36%, prima 8,59. Solo con la tessera SpesAmica Payback."
carriper29,Carrefour Iper,Vino,Dolcetto d'Alba DOC – Duchessa Lia,750 ml,0.75,al litro,4.79,6.387,2026-09-29,2026-10-12,"−28%, prima 6,66. Solo con la tessera SpesAmica Payback."
carriper29,Carrefour Iper,Vino,Erbaluce di Caluso DOCG – Cooperativa Produttori di Caluso,750 ml,0.75,al litro,5.49,7.320,2026-09-29,2026-10-12,"−27%, prima 7,53. Solo con la tessera SpesAmica Payback."
carriper29,Carrefour Iper,Vino,Est! Est!! Est!!! di Montefiascone DOC o Veritas Est Umbria IGP – Bigi,750 ml,0.75,al litro,2.99,3.987,2026-09-29,2026-10-12,"−40%, prima 4,99. Solo con la tessera SpesAmica Payback."
carriper29,Carrefour Iper,Vino,Langhe Arneis DOC – Bosio,750 ml,0.75,al litro,4.99,6.653,2026-09-29,2026-10-12,
carriper29,Carrefour Iper,Vino,Linea vini – La Calenzana,750 ml,0.75,al litro,2.99,3.987,2026-09-29,2026-10-12,"−50%, prima 5,98. Solo con la tessera SpesAmica Payback."
carriper29,Carrefour Iper,Vino,Montepulciano d'Abruzzo Riserva o Pecorino Superiore DOC Val di Fara – Spinelli,750 ml,0.75,al litro,3.19,4.253,2026-09-29,2026-10-12,"−45%, prima 5,80. Solo con la tessera SpesAmica Payback."
carriper29,Carrefour Iper,Vino,Moscato d'Asti DOCG – Canti,750 ml,0.75,al litro,4.49,5.987,2026-09-29,2026-10-12,"−45%, prima 8,17. Solo con la tessera SpesAmica Payback."
carriper29,Carrefour Iper,Vino,"Primitivo, Negramaro, Fiano o Negramaro Rosato Salento IGT – Notte Rossa",750 ml,0.75,al litro,3.99,5.320,2026-09-29,2026-10-12,"−29%, prima 5,63. Solo con la tessera SpesAmica Payback."
carriper29,Carrefour Iper,Vino,Prosecco DOC Extra Dry – Malpasso,750 ml,0.75,al litro,3.49,4.653,2026-09-29,2026-10-12,"−51%, prima 7,13. Solo con la tessera SpesAmica Payback."
carriper29,Carrefour Iper,Vino,Rosso Memoro – Piccini,750 ml,0.75,al litro,4.89,6.520,2026-09-29,2026-10-12,"−41%, prima 8,30. Solo con la tessera SpesAmica Payback."
carriper29,Carrefour Iper,Vino,Spumante 958 Blu Dolce – Santero,750 ml,0.75,al litro,4.49,5.987,2026-09-29,2026-10-12,
carriper29,Carrefour Iper,Vino,Spumante Cuvée Extra Dry – Porta dei Dogi,750 ml,0.75,al litro,2.89,3.853,2026-09-29,2026-10-12,"−50%, prima 5,78. Solo con la tessera SpesAmica Payback."
carriper29,Carrefour Iper,Vitello,"Fettine sceltissime di vitello, confezione risparmio",al kg,1,al kg,18.99,18.990,2026-09-29,2026-10-12,"−29%, prima 26,99 al kg."
carriper29,Carrefour Iper,Würstel,N.38 Würstel Servelade,240 g,0.24,al kg,2.99,12.458,2026-09-29,2026-10-12,"−28%, prima 4,16. Solo con la tessera SpesAmica Payback."
carriper29,Carrefour Iper,Würstel,"Wudy Classico, conf. 4 pezzi – Aia",500 g (4 × 125 g),0.5,al kg,2.89,5.780,2026-09-29,2026-10-12,"−21%, prima 3,67. Solo con la tessera SpesAmica Payback."
carriper29,Carrefour Iper,Yogurt,"LC1 con probiotico, gusti assortiti, conf. 12 pezzi – Nestlé","1,08 kg",1.08,al kg,3.19,2.954,2026-09-29,2026-10-12,"−50%, prima 6,80. Sono yogurt da bere. Solo con la tessera SpesAmica Payback."
carriper29,Carrefour Iper,Yogurt,"Sveltesse I Love Kefir, gusti assortiti – Nestlé",500 g,0.5,al kg,1.29,2.580,2026-09-29,2026-10-12,"−30%, prima 1,85. È kefir da bere."
carriper29,Carrefour Iper,Yogurt,Yogurt alla greca bianco – Meraki,1 kg,1,al kg,2.99,2.990,2026-09-29,2026-10-12,
carriper29,Carrefour Iper,Yogurt,"Yogurt cremoso, gusti assortiti, conf. 2 pezzi – Müller",250 g (2 × 125 g),0.25,al kg,0.75,3.000,2026-09-29,2026-10-12,"−50%, prima 1,50."
carriper29,Carrefour Iper,Yogurt,"Yogurt intero o magro, bianco o alla frutta, conf. 2 pezzi – Centrale del Latte di Torino",250 g (2 × 125 g),0.25,al kg,0.89,3.560,2026-09-29,2026-10-12,
carriper29,Carrefour Iper,Yogurt,"Yogurt soia Più Frutta, mango o frutti rossi – Alpro",135 g,0.135,al kg,0.99,7.333,2026-09-29,2026-10-12,"−33%, prima 1,49. Di soia."
carrunilever29,Carrefour Iper,Gelato,"Affogato, gusti assortiti – Carte d'Or",500 g,0.5,al kg,3.49,6.980,2026-09-29,2026-10-22,
carrunilever29,Carrefour Iper,Gelato,"Cornetto Max, gusti assortiti, conf. 6 pezzi – Algida",390 g,0.39,al kg,4.49,11.513,2026-09-29,2026-10-22,
carrunilever29,Carrefour Iper,Gelato,"Cornetto, gusti assortiti, conf. 6 pezzi – Algida",450 g,0.45,al kg,4.49,9.978,2026-09-29,2026-10-22,
carrunilever29,Carrefour Iper,Gelato,"Cucciolone, conf. 6 pezzi – Algida",480 g,0.48,al kg,4.39,9.146,2026-09-29,2026-10-22,
carrunilever29,Carrefour Iper,Gelato,"Gelato, gusti assortiti – Ben & Jerry's",465 g,0.465,al kg,4.49,9.656,2026-09-29,2026-10-22,
carrunilever29,Carrefour Iper,Gelato,"Magnum Bomboniera, gusti assortiti, conf. 12 pezzi – Algida",104 g,0.104,al kg,2.99,28.750,2026-09-29,2026-10-22,
carrunilever29,Carrefour Iper,Gelato,"Magnum Signature, gusti assortiti, conf. 3 pezzi – Algida","208,5 g",0.2085,al kg,3.99,19.137,2026-09-29,2026-10-22,
carrunilever29,Carrefour Iper,Gelato,"Magnum, gusti assortiti, conf. 4 pezzi – Algida",300 g,0.3,al kg,3.99,13.300,2026-09-29,2026-10-22,
carrunilever29,Carrefour Iper,Gelato,Viennetta – Algida,650 g,0.65,al kg,3.19,4.908,2026-09-29,2026-10-22,
carriper29,Carrefour Iper,Pane,Piadina Romagnola IGP Riminese – Alimenta,600 g,0.6,al kg,1.99,3.317,2026-10-01,2026-10-04,"−33%, prima 2,99. Vale solo dall'1 al 4 ottobre."
carriper29,Carrefour Iper,Tonno,"Tonno Il Delicato all'olio di semi di girasole, conf. 6 pezzi – MareAperto",420 g (6 × 70 g),0.42,al kg,3.79,9.024,2026-10-01,2026-10-04,"−45%, prima 6,90. È all'olio di semi, non d'oliva. Vale solo dall'1 al 4 ottobre."
carriper29,Carrefour Iper,Tonno,Trancio di tonno pinne gialle decongelato,al kg,1,al kg,17.90,17.900,2026-10-01,2026-10-04,"−30%, prima 25,90 al kg. Vale solo dall'1 al 4 ottobre."
pam24,Pam,Gamberi,Mazzancolle tropicali intere precotte,all'etto,0.1,al kg,0.99,9.900,2026-10-01,2026-10-07,"Vale solo dall'1 al 7 ottobre, non per tutto il volantino. 9,90 al kg. Sono intere, con la testa."
pam24,Pam,Merluzzo,Cuore di merluzzo,all'etto,0.1,al kg,2.29,22.900,2026-10-01,2026-10-07,"Vale solo dall'1 al 7 ottobre, non per tutto il volantino."
pam24,Pam,Pesce,"Branzino – Tesori dell'Arca, allevato nel golfo di Gaeta o di Follonica",all'etto,0.1,al kg,1.39,13.900,2026-10-01,2026-10-07,"Vale solo dall'1 al 7 ottobre, non per tutto il volantino."
pam24,Pam,Salmone,"Saku di salmone – Gimar, per sushi e sashimi",140 g,0.14,al kg,7.90,56.429,2026-10-01,2026-10-07,"Vale solo dall'1 al 7 ottobre, non per tutto il volantino. Il volantino stampa 56,43 al kg."
aldi28,Aldi,Calamari,Seppioline indopacifiche pulite – Blu Mares,450 g,0.45,al kg,3.99,8.867,2026-10-02,2026-10-04,"−33%, prima 5,99. Surgelate, peso netto senza glassatura. Solo da venerdì 2 a domenica 4 ottobre."
aldi28,Aldi,Conserve,Carciofi alla paesana in olio di semi di girasole – Cucina,285 g,0.285,al kg,0.99,3.474,2026-10-02,2026-10-04,"−36%, prima 1,55. Peso non sgocciolato. Solo da venerdì 2 a domenica 4 ottobre."
aldi28,Aldi,Formaggio,Pecorino Romano DOP – Regione che vai,200 g,0.2,al kg,2.59,12.950,2026-10-02,2026-10-04,"−25%, prima 3,49. Solo da venerdì 2 a domenica 4 ottobre."
aldi28,Aldi,Pollo,Sottilissime di pollo – Il Podere,250 g,0.25,al kg,2.19,8.760,2026-10-02,2026-10-04,"−31%, prima 3,19. Solo da venerdì 2 a domenica 4 ottobre. Carne italiana."
eurospin24,Eurospin,Frutta,Uva bianca senza semi,500 g,0.5,al kg,1.49,2.980,2026-10-02,2026-10-04,"«Doppio weekend di follia», valido solo da venerdì 2 a domenica 4 ottobre."
eurospin24,Eurospin,Gamberi,Gamberi Indopacifici sgusciati,350 g,0.35,al kg,2.49,7.114,2026-10-02,2026-10-04,"Prima 3,99. Surgelati. «Doppio weekend di follia», valido solo da venerdì 2 a domenica 4 ottobre."
eurospin24,Eurospin,Latte,"Latte parzialmente scremato UHT, 6x500 ml",3 l,3,al litro,2.60,0.867,2026-10-02,2026-10-04,"Prezzo valido solo comprando 6 confezioni insieme (vendita abbinata): il volantino non dà il prezzo di una confezione sola. «Doppio weekend di follia», valido solo da venerdì 2 a domenica 4 ottobre."
eurospin24,Eurospin,Olio di semi,Olio di semi di arachide,1 l,1,al litro,1.99,1.990,2026-10-02,2026-10-04,"Prima 2,89. «Doppio weekend di follia», valido solo da venerdì 2 a domenica 4 ottobre."
eurospin24,Eurospin,Suino,Macinato di suino,al kg,1,al kg,5.99,5.990,2026-10-02,2026-10-04,"«Doppio weekend di follia», valido solo da venerdì 2 a domenica 4 ottobre."
md22,MD,Biscotti,Biscotti ai cereali – Le Bon,500 g (250 g × 2),0.5,al kg,1.29,2.580,2026-10-02,2026-10-05,"Prima 1,59. Weekend più Uno: vale solo dal 2 al 5 ottobre, non per tutto il volantino."
md22,MD,Manzo,Tartare di bovino di razza Chianina – Lettere dall'Italia,160 g,0.16,al kg,3.99,24.938,2026-10-02,2026-10-05,"Weekend più Uno: vale solo dal 2 al 5 ottobre, non per tutto il volantino."
md22,MD,Olio di semi,Olio di semi di mais – Semì,1 litro,1,al litro,1.69,1.690,2026-10-02,2026-10-05,"Prima 1,89. Weekend più Uno: vale solo dal 2 al 5 ottobre, non per tutto il volantino."
md22,MD,Sughi,Pesto verde biologico senza aglio,85 g,0.085,al kg,1.39,16.353,2026-10-02,2026-10-05,"Prima 1,59. Weekend più Uno: vale solo dal 2 al 5 ottobre, non per tutto il volantino."
penny24,Penny,Bagnoschiuma,"Bagnoschiuma, fragranze assortite – Felce Azzurra",650 ml,0.65,al litro,1.75,2.692,2026-10-02,2026-10-03,"−29%, prima 2,49. Miglior prezzo dell'anno. Solo venerdì 2 e sabato 3 ottobre."
penny24,Penny,Frutta,Castagne,al kg,1,al kg,4.99,4.990,2026-10-02,2026-10-03,Solo venerdì 2 e sabato 3 ottobre.
penny24,Penny,Patate,"Patate gialle, rete",4 kg,4,al kg,3.96,0.990,2026-10-02,2026-10-03,"Coltivate in Italia. Il volantino stampa 0,99 al kg. Solo venerdì 2 e sabato 3 ottobre."
penny24,Penny,Prosciutto,Prosciutto crudo light – Welless,80 g,0.08,al kg,1.49,18.625,2026-10-02,2026-10-03,"−28%, prima 2,09. Solo venerdì 2 e sabato 3 ottobre."
penny24,Penny,Suino,Costine di suino,al kg,1,al kg,4.99,4.990,2026-10-02,2026-10-03,Solo venerdì 2 e sabato 3 ottobre.
penny24,Penny,Tonno,Tonno in olio d'oliva – Gran Mare,160 g,0.16,al kg,1.19,7.437,2026-10-02,2026-10-03,"−25%, prima 1,59. Solo venerdì 2 e sabato 3 ottobre."
carriper29,Carrefour Iper,Pasta,Casoncelli alla carne,1 kg,1,al kg,7.90,7.900,2026-10-08,2026-10-11,"−20%, prima 9,90. Vale solo dall'8 all'11 ottobre."
carriper29,Carrefour Iper,Pollo,"Fusi o sovracosce di pollo, confezione risparmio",al kg,1,al kg,4.49,4.490,2026-10-08,2026-10-11,"−35%, prima 6,99 al kg. Vale solo dall'8 all'11 ottobre."
carriper29,Carrefour Iper,Vino,Barbera Piemonte DOC Il Poggio dei Vigneti,750 ml,0.75,al litro,1.99,2.653,2026-10-08,2026-10-11,"−60%, prima 4,99. Vale solo dall'8 all'11 ottobre."
carraia29,Carrefour Iper,Pollo,Filetto di pollo a fette – Aia,al kg,1,al kg,11.79,11.790,2026-10-23,2026-11-15,"−25%, prima 15,81 al kg. Vale solo dal 23 ottobre al 15 novembre."
carraia29,Carrefour Iper,Pollo,Fusi e sovracosce di pollo – Aia,al kg,1,al kg,6.39,6.390,2026-10-23,2026-11-15,"−30%, prima 9,13 al kg. Vale solo dal 23 ottobre al 15 novembre."
carraia29,Carrefour Iper,Preparati,"Chicken Crunchy Burger, hamburger impanato di pollo – Aia",240 g,0.24,al kg,2.99,12.458,2026-10-23,2026-11-15,"−33%, prima 4,49. Vale solo dal 23 ottobre al 15 novembre."
carraia29,Carrefour Iper,Preparati,"Chicken Salad, tagliata di petti di pollo – Aia",300 g,0.3,al kg,4.89,16.300,2026-10-23,2026-11-15,"−30%, prima 6,99. Vale solo dal 23 ottobre al 15 novembre."
carraia29,Carrefour Iper,Preparati,Cordon bleu classico con cotto di tacchino e formaggio – Aia,265 g,0.265,al kg,2.99,11.283,2026-10-23,2026-11-15,"−25%, prima 3,99. Vale solo dal 23 ottobre al 15 novembre."
carraia29,Carrefour Iper,Preparati,Hamburger classico di tacchino con rosmarino o di pollo – Aia,400 g,0.4,al kg,3.99,9.975,2026-10-23,2026-11-15,"−49%, prima 7,89. Vale solo dal 23 ottobre al 15 novembre."
carraia29,Carrefour Iper,Preparati,Kebab di pollo tagliato in sfoglie – Aia,300 g,0.3,al kg,4.89,16.300,2026-10-23,2026-11-15,"−23%, prima 6,39. Vale solo dal 23 ottobre al 15 novembre."
carraia29,Carrefour Iper,Preparati,"Valdostana, cotoletta di filetti di pollo impanati con scamorza affumicata – Aia",200 g,0.2,al kg,2.99,14.950,2026-10-23,2026-11-15,"−28%, prima 4,19. Vale solo dal 23 ottobre al 15 novembre."
carraia29,Carrefour Iper,Salsiccia,"Negronetta, salsiccia fresca luganega di suino – Negroni",300 g,0.3,al kg,3.99,13.300,2026-10-23,2026-11-15,"−27%, prima 5,49. Vale solo dal 23 ottobre al 15 novembre."
carraia29,Carrefour Iper,Salsiccia,"Punta di Coltello, salsiccia fresca di suino – Aia",400 g,0.4,al kg,3.99,9.975,2026-10-23,2026-11-15,"−33%, prima 5,99. Vale solo dal 23 ottobre al 15 novembre."
carraia29,Carrefour Iper,Würstel,"Wudy Crunchy Pops, 20 mini würstel panati – Aia",280 g,0.28,al kg,1.99,7.107,2026-10-23,2026-11-15,"−39%, prima 3,29. Vale solo dal 23 ottobre al 15 novembre."
